CREATE DATABASE  IF NOT EXISTS `mc2` /*!40100 DEFAULT CHARACTER SET utf8 COLLATE utf8_unicode_ci */;
USE `mc2`;
-- MySQL dump 10.13  Distrib 5.6.13, for Win32 (x86)
--
-- Host: mc2staging.cxnlmenknij4.us-west-1.rds.amazonaws.com    Database: mc2
-- ------------------------------------------------------
-- Server version	5.6.13

/*!40101 SET @OLD_CHARACTER_SET_CLIENT=@@CHARACTER_SET_CLIENT */;
/*!40101 SET @OLD_CHARACTER_SET_RESULTS=@@CHARACTER_SET_RESULTS */;
/*!40101 SET @OLD_COLLATION_CONNECTION=@@COLLATION_CONNECTION */;
/*!40101 SET NAMES utf8 */;
/*!40103 SET @OLD_TIME_ZONE=@@TIME_ZONE */;
/*!40103 SET TIME_ZONE='+00:00' */;
/*!40014 SET @OLD_UNIQUE_CHECKS=@@UNIQUE_CHECKS, UNIQUE_CHECKS=0 */;
/*!40014 SET @OLD_FOREIGN_KEY_CHECKS=@@FOREIGN_KEY_CHECKS, FOREIGN_KEY_CHECKS=0 */;
/*!40101 SET @OLD_SQL_MODE=@@SQL_MODE, SQL_MODE='NO_AUTO_VALUE_ON_ZERO' */;
/*!40111 SET @OLD_SQL_NOTES=@@SQL_NOTES, SQL_NOTES=0 */;

--
-- Table structure for table `achievement`
--

DROP TABLE IF EXISTS `achievement`;
/*!40101 SET @saved_cs_client     = @@character_set_client */;
/*!40101 SET character_set_client = utf8 */;
CREATE TABLE `achievement` (
  `id` int(11) NOT NULL AUTO_INCREMENT,
  `token` varchar(30) COLLATE utf8_unicode_ci NOT NULL,
  `name` varchar(50) COLLATE utf8_unicode_ci NOT NULL,
  `description` longtext COLLATE utf8_unicode_ci NOT NULL,
  PRIMARY KEY (`id`)
) ENGINE=InnoDB AUTO_INCREMENT=11 DEFAULT CHARSET=utf8 COLLATE=utf8_unicode_ci;
/*!40101 SET character_set_client = @saved_cs_client */;

--
-- Dumping data for table `achievement`
--

LOCK TABLES `achievement` WRITE;
/*!40000 ALTER TABLE `achievement` DISABLE KEYS */;
INSERT INTO `achievement` VALUES (1,'TUTORIAL','Completed Tutorial','You\'ve completed the Tutorial.'),(2,'BEGINNER','The Beginner','You\'ve completed your first Microaction.'),(3,'TERMINATOR','The Terminator','You\'ve completed all Microactions of Quest %s!'),(4,'PERFECTIONIST','The Perfectionist','You\'ve completed all the Microactions of Stage %s in Quest %s!'),(5,'BUDDY','Friendly Buddy','You\'ve posted 50 comments.'),(6,'BUTTERFLY','Social Butterfly','You\'ve posted 100 comments.'),(7,'LIKE','I Like Like You','You\'ve given 10 Love Pts.'),(8,'REGULAR','The Regular','You\'ve used the App for 3 days in a row.'),(9,'FEARLESS','Fearless','You\'ve subscribed to 10 Microactions.'),(10,'LOVER','The Lover','Yo\'ve given 50 Love Pts.');
/*!40000 ALTER TABLE `achievement` ENABLE KEYS */;
UNLOCK TABLES;

--
-- Table structure for table `achievement_translation`
--

DROP TABLE IF EXISTS `achievement_translation`;
/*!40101 SET @saved_cs_client     = @@character_set_client */;
/*!40101 SET character_set_client = utf8 */;
CREATE TABLE `achievement_translation` (
  `id` int(11) NOT NULL AUTO_INCREMENT,
  `achievement_id` int(11) DEFAULT NULL,
  `locale` varchar(8) COLLATE utf8_unicode_ci NOT NULL,
  `field` varchar(32) COLLATE utf8_unicode_ci NOT NULL,
  `content` longtext COLLATE utf8_unicode_ci,
  PRIMARY KEY (`id`),
  UNIQUE KEY `unique_achievement_translation_idx` (`locale`,`achievement_id`,`field`),
  KEY `IDX_FCD7F6F0B3EC99FE` (`achievement_id`),
  CONSTRAINT `FK_FCD7F6F0B3EC99FE` FOREIGN KEY (`achievement_id`) REFERENCES `achievement` (`id`) ON DELETE CASCADE
) ENGINE=InnoDB AUTO_INCREMENT=61 DEFAULT CHARSET=utf8 COLLATE=utf8_unicode_ci;
/*!40101 SET character_set_client = @saved_cs_client */;

--
-- Dumping data for table `achievement_translation`
--

LOCK TABLES `achievement_translation` WRITE;
/*!40000 ALTER TABLE `achievement_translation` DISABLE KEYS */;
INSERT INTO `achievement_translation` VALUES (1,1,'en_EN','name','Completed Tutorial'),(2,1,'fr_FR','name','Tutoriel complété!'),(3,1,'zh_CN','name','完成了指南教程！'),(4,1,'en_EN','description','You\'ve completed the Tutorial.'),(5,1,'fr_FR','description','Vous avez complété le tutoriel!'),(6,1,'zh_CN','description','你完成了本指南教程！'),(7,2,'en_EN','name','The Beginner'),(8,2,'fr_FR','name','Le Commencement'),(9,2,'zh_CN','name','新手上路'),(10,2,'en_EN','description','You\'ve completed your first Microaction.'),(11,2,'fr_FR','description','Vous avez complété votre première Microaction!'),(12,2,'zh_CN','description','你完成了首个微任务！'),(13,3,'en_EN','name','The Terminator'),(14,3,'fr_FR','name','Terminator'),(15,3,'zh_CN','name','终结者'),(16,3,'en_EN','description','You\'ve completed all Microactions of Quest %s!'),(17,3,'fr_FR','description','Félicitations ! Vous avez complété toutes les Microactions de la Quête %s.'),(18,3,'zh_CN','description','恭喜你！你完成了 %s任务中所有的微任务！'),(19,4,'en_EN','name','The Perfectionist'),(20,4,'fr_FR','name','Perfection'),(21,4,'zh_CN','name','完美主义者'),(22,4,'en_EN','description','You\'ve completed all the Microactions of Stage %s in Quest %s!'),(23,4,'fr_FR','description','Vous avez complété toutes les Microactions du niveau %s de la Quête %s !'),(24,4,'zh_CN','description','你完成了%s任务中所有微任务的所有阶段。'),(25,5,'en_EN','name','Friendly Buddy'),(26,5,'fr_FR','name','Amical'),(27,5,'zh_CN','name','好兄弟'),(28,5,'en_EN','description','You\'ve posted 50 comments.'),(29,5,'fr_FR','description','Vous avez écrit 50 commentaires.'),(30,5,'zh_CN','description','你提交了５０条评论。'),(31,6,'en_EN','name','Social Butterfly'),(32,6,'fr_FR','name','Papillon Social'),(33,6,'zh_CN','name','社交蝴蝶'),(34,6,'en_EN','description','You\'ve posted 100 comments.'),(35,6,'fr_FR','description','Vous avez écrit 100 commentaires.'),(36,6,'zh_CN','description','你提交了１００条评论。'),(37,7,'en_EN','name','I Like Like You'),(38,7,'fr_FR','name','J\'aime bien'),(39,7,'zh_CN','name','我真的好喜欢你'),(40,7,'en_EN','description','You\'ve given 10 Love Pts.'),(41,7,'fr_FR','description','Vous avez aimé 10 Quêtes, Microactions ou commentaires.'),(42,7,'zh_CN','description','你收到１０点喜爱点数。'),(43,8,'en_EN','name','The Regular'),(44,8,'fr_FR','name','Le Régulier'),(45,8,'zh_CN','name','正常人'),(46,8,'en_EN','description','You\'ve used the App for 3 days in a row.'),(47,8,'fr_FR','description','Vous avez utilisé l\'application pendant 3 jours de fils.'),(48,8,'zh_CN','description','你连续三天使用本应用。'),(49,9,'en_EN','name','Fearless'),(50,9,'fr_FR','name','Ambition'),(51,9,'zh_CN','name','无畏者'),(52,9,'en_EN','description','You\'ve subscribed to 10 Microactions.'),(53,9,'fr_FR','description','Vous vous êtes abonné à 10 Microactions.'),(54,9,'zh_CN','description','你预订了１０个微任务。'),(55,10,'en_EN','name','The Lover'),(56,10,'fr_FR','name','J\'aime beaucoup'),(57,10,'zh_CN','name','爱无疆'),(58,10,'en_EN','description','You\'ve given 50 Love Pts.'),(59,10,'fr_FR','description','Vous avez aimé 50 Quêtes, Microactions ou commentaires.'),(60,10,'zh_CN','description','给你奉上５０点喜爱点数。');
/*!40000 ALTER TABLE `achievement_translation` ENABLE KEYS */;
UNLOCK TABLES;

--
-- Table structure for table `microaction`
--

DROP TABLE IF EXISTS `microaction`;
/*!40101 SET @saved_cs_client     = @@character_set_client */;
/*!40101 SET character_set_client = utf8 */;
CREATE TABLE `microaction` (
  `id` int(11) NOT NULL AUTO_INCREMENT,
  `quest_id` int(11) DEFAULT NULL,
  `stage_id` int(11) DEFAULT NULL,
  `user_id` int(11) DEFAULT NULL,
  `name` varchar(255) COLLATE utf8_unicode_ci NOT NULL,
  `tags` varchar(255) COLLATE utf8_unicode_ci DEFAULT NULL,
  `image` varchar(255) COLLATE utf8_unicode_ci DEFAULT NULL,
  `status` enum('0','1','2') COLLATE utf8_unicode_ci NOT NULL COMMENT '(DC2Type:microaction_status)',
  `created_date` datetime NOT NULL,
  `latitude` varchar(255) COLLATE utf8_unicode_ci DEFAULT NULL,
  `longitude` varchar(255) COLLATE utf8_unicode_ci DEFAULT NULL,
  `radius` int(11) DEFAULT NULL,
  `url` varchar(255) COLLATE utf8_unicode_ci DEFAULT NULL,
  `fb_url` varchar(255) COLLATE utf8_unicode_ci DEFAULT NULL,
  `use_kiip` tinyint(1) NOT NULL,
  `money_points` int(11) NOT NULL,
  `tw_default_text` varchar(255) COLLATE utf8_unicode_ci DEFAULT NULL,
  PRIMARY KEY (`id`),
  KEY `IDX_DD5E7FD8209E9EF4` (`quest_id`),
  KEY `IDX_DD5E7FD82298D193` (`stage_id`),
  KEY `IDX_DD5E7FD8A76ED395` (`user_id`),
  CONSTRAINT `FK_DD5E7FD8209E9EF4` FOREIGN KEY (`quest_id`) REFERENCES `quest` (`id`) ON DELETE CASCADE,
  CONSTRAINT `FK_DD5E7FD82298D193` FOREIGN KEY (`stage_id`) REFERENCES `stage` (`id`),
  CONSTRAINT `FK_DD5E7FD8A76ED395` FOREIGN KEY (`user_id`) REFERENCES `user` (`id`)
) ENGINE=InnoDB AUTO_INCREMENT=247 DEFAULT CHARSET=utf8 COLLATE=utf8_unicode_ci;
/*!40101 SET character_set_client = @saved_cs_client */;

--
-- Dumping data for table `microaction`
--

LOCK TABLES `microaction` WRITE;
/*!40000 ALTER TABLE `microaction` DISABLE KEYS */;
INSERT INTO `microaction` VALUES (1,1,1,1,'Nice to meet you! Please take a photo of yourself!',NULL,NULL,'1','2013-10-24 13:25:31',NULL,NULL,NULL,NULL,NULL,0,0,NULL),(2,1,1,1,'Tell me more about you! How old are you?',NULL,NULL,'1','2013-10-24 13:25:31',NULL,NULL,NULL,NULL,NULL,0,0,NULL),(3,1,1,1,'Where are you from? Share your location',NULL,NULL,'1','2013-10-24 13:25:31',NULL,NULL,NULL,NULL,NULL,0,0,NULL),(7,3,3,1,'Microaction Q_1_MA_1','Tag 1','microaction/526a293f3f44a.jpg','0','2013-10-25 08:18:06',NULL,NULL,NULL,NULL,NULL,0,0,NULL),(8,3,3,1,'Microaction Q_1_MA_2','Tag 2','microaction/526a294c3ede4.jpg','0','2013-10-25 08:18:19',NULL,NULL,NULL,NULL,NULL,0,0,NULL),(9,3,3,1,'Microaction Q_1_MA_3','Tag 3','microaction/526a2958bce41.jpg','0','2013-10-25 08:18:32',NULL,NULL,NULL,NULL,NULL,0,0,NULL),(10,3,3,1,'Microaction Q_1_MA_4','Tag 4','microaction/526a2964bf496.jpg','0','2013-10-25 08:18:44',NULL,NULL,NULL,NULL,NULL,0,0,NULL),(11,3,3,1,'Microaction Q_1_MA_5','Tag 5','microaction/526a2971b32d5.jpg','0','2013-10-25 08:18:57',NULL,NULL,NULL,NULL,NULL,0,0,NULL),(12,3,3,1,'Microaction Q_1_MA_6','Tag 6','microaction/526a298006203.jpg','0','2013-10-25 08:19:11',NULL,NULL,NULL,NULL,NULL,0,0,NULL),(13,3,3,1,'Microaction Q_1_MA_7','Tag 7','microaction/526a298dd7484.jpg','0','2013-10-25 08:19:25',NULL,NULL,NULL,NULL,NULL,0,0,NULL),(14,3,3,1,'Microaction Q_1_MA_8','Tag 8','microaction/526a299b9f7e7.jpg','0','2013-10-25 08:19:39',NULL,NULL,NULL,NULL,NULL,0,0,NULL),(15,4,4,1,'Microaction Q_2_MA_1','Tag 9','microaction/526a29a99b0f0.jpg','0','2013-10-25 08:19:53',NULL,NULL,NULL,NULL,NULL,0,0,NULL),(16,4,4,1,'Microaction Q_2_MA_2','Tag 10','microaction/526a29b6a3993.jpg','0','2013-10-25 08:20:06',NULL,NULL,NULL,NULL,NULL,0,0,NULL),(17,4,4,1,'Microaction Q_2_MA_3','Tag 11','microaction/526a29c3a5deb.jpg','0','2013-10-25 08:20:19',NULL,NULL,NULL,NULL,NULL,0,0,NULL),(18,4,4,1,'Microaction Q_2_MA_4','Tag 12','microaction/526a29d0277a0.jpg','0','2013-10-25 08:20:31',NULL,NULL,NULL,NULL,NULL,0,0,NULL),(19,4,4,1,'Microaction Q_2_MA_5','Tag 13','microaction/526a29dd9e322.jpg','0','2013-10-25 08:20:45',NULL,NULL,NULL,NULL,NULL,0,0,NULL),(20,4,4,1,'Microaction Q_2_MA_6','Tag 14','microaction/526a29e899282.jpg','0','2013-10-25 08:20:56',NULL,NULL,NULL,NULL,NULL,0,0,NULL),(21,4,4,1,'Microaction Q_2_MA_7','Tag 15','microaction/526a29f33b579.jpg','0','2013-10-25 08:21:06',NULL,NULL,NULL,NULL,NULL,0,0,NULL),(22,4,4,1,'Microaction Q_2_MA_8','Tag 16','microaction/526a29ff87e82.jpg','0','2013-10-25 08:21:19',NULL,NULL,NULL,NULL,NULL,0,0,NULL),(23,5,5,1,'Microaction Q_3_MA_1','Tag 17','microaction/526a2a0a68101.jpg','0','2013-10-25 08:21:30',NULL,NULL,NULL,NULL,NULL,0,0,NULL),(24,5,5,1,'Microaction Q_3_MA_2','Tag 18','microaction/526a2a15e126c.jpg','0','2013-10-25 08:21:41',NULL,NULL,NULL,NULL,NULL,0,0,NULL),(25,5,5,1,'Microaction Q_3_MA_3','Tag 19','microaction/526a2a21a9bb8.jpg','0','2013-10-25 08:21:53',NULL,NULL,NULL,NULL,NULL,0,0,NULL),(26,5,5,1,'Microaction Q_3_MA_4','Tag 20','microaction/526a2a2cde715.jpg','0','2013-10-25 08:22:04',NULL,NULL,NULL,NULL,NULL,0,0,NULL),(27,5,5,1,'Microaction Q_3_MA_5','Tag 21','microaction/526a2a37975cc.jpg','0','2013-10-25 08:22:15',NULL,NULL,NULL,NULL,NULL,0,0,NULL),(28,5,5,1,'Microaction Q_3_MA_6','Tag 22','microaction/526a2a41c1577.jpg','0','2013-10-25 08:22:25',NULL,NULL,NULL,NULL,NULL,0,0,NULL),(29,5,5,1,'Microaction Q_3_MA_7','Tag 23','microaction/526a2a4d7accb.jpg','0','2013-10-25 08:22:37',NULL,NULL,NULL,NULL,NULL,0,0,NULL),(30,5,5,1,'Microaction Q_3_MA_8','Tag 24','microaction/526a2a5838176.jpg','0','2013-10-25 08:22:47',NULL,NULL,NULL,NULL,NULL,0,0,NULL),(31,6,6,1,'Microaction Q_4_MA_1','Tag 25','microaction/526a2a64111f1.jpg','0','2013-10-25 08:22:59',NULL,NULL,NULL,NULL,NULL,0,0,NULL),(32,6,6,1,'Microaction Q_4_MA_2','Tag 26','microaction/526a2a758a134.jpg','0','2013-10-25 08:23:17',NULL,NULL,NULL,NULL,NULL,0,0,NULL),(33,6,6,1,'Microaction Q_4_MA_3','Tag 27','microaction/526a2a83c1830.jpg','0','2013-10-25 08:23:31',NULL,NULL,NULL,NULL,NULL,0,0,NULL),(34,6,6,1,'Microaction Q_4_MA_4','Tag 28','microaction/526a2a90ee9af.jpg','0','2013-10-25 08:23:44',NULL,NULL,NULL,NULL,NULL,0,0,NULL),(35,6,6,1,'Microaction Q_4_MA_5','Tag 29','microaction/526a2a9d3b658.jpg','0','2013-10-25 08:23:57',NULL,NULL,NULL,NULL,NULL,0,0,NULL),(36,6,6,1,'Microaction Q_4_MA_6','Tag 30','microaction/526a2aaacc13c.jpg','0','2013-10-25 08:24:10',NULL,NULL,NULL,NULL,NULL,0,0,NULL),(37,6,6,1,'Microaction Q_4_MA_7','Tag 31','microaction/526a2ab765e86.jpg','0','2013-10-25 08:24:23',NULL,NULL,NULL,NULL,NULL,0,0,NULL),(38,6,6,1,'Microaction Q_4_MA_8','Tag 32','microaction/526a2ac2e0edc.jpg','0','2013-10-25 08:24:34',NULL,NULL,NULL,NULL,NULL,0,0,NULL),(39,7,7,1,'Microaction Q_5_MA_1','Tag 33','microaction/526a2ace2bf58.jpg','0','2013-10-25 08:24:45',NULL,NULL,NULL,NULL,NULL,0,0,NULL),(40,7,7,1,'Microaction Q_5_MA_2','Tag 34','microaction/526a2adb7e2f6.jpg','0','2013-10-25 08:24:59',NULL,NULL,NULL,NULL,NULL,0,0,NULL),(41,7,7,1,'Microaction Q_5_MA_3','Tag 35','microaction/526a2ae850899.jpg','0','2013-10-25 08:25:12',NULL,NULL,NULL,NULL,NULL,0,0,NULL),(42,7,7,1,'Microaction Q_5_MA_4','Tag 36','microaction/526a2af4d5e4f.jpg','0','2013-10-25 08:25:24',NULL,NULL,NULL,NULL,NULL,0,0,NULL),(43,7,7,1,'Microaction Q_5_MA_5','Tag 37','microaction/526a2b00cfbac.jpg','0','2013-10-25 08:25:36',NULL,NULL,NULL,NULL,NULL,0,0,NULL),(44,7,7,1,'Microaction Q_5_MA_6','Tag 38','microaction/526a2b0b96e7e.jpg','0','2013-10-25 08:25:47',NULL,NULL,NULL,NULL,NULL,0,0,NULL),(45,7,7,1,'Microaction Q_5_MA_7','Tag 39','microaction/526a2b1669d25.jpg','0','2013-10-25 08:25:58',NULL,NULL,NULL,NULL,NULL,0,0,NULL),(46,7,7,1,'Microaction Q_5_MA_8','Tag 40','microaction/526a2b248719a.jpg','0','2013-10-25 08:26:12',NULL,NULL,NULL,NULL,NULL,0,0,NULL),(47,8,8,1,'Microaction Q_6_MA_1','Tag 41','microaction/526a2b2f57fda.jpg','0','2013-10-25 08:26:23',NULL,NULL,NULL,NULL,NULL,0,0,NULL),(48,8,8,1,'Microaction Q_6_MA_2','Tag 42','microaction/526a2b3a71740.jpg','0','2013-10-25 08:26:34',NULL,NULL,NULL,NULL,NULL,0,0,NULL),(49,8,8,1,'Microaction Q_6_MA_3','Tag 43','microaction/526a2b465904c.jpg','0','2013-10-25 08:26:46',NULL,NULL,NULL,NULL,NULL,0,0,NULL),(50,8,8,1,'Microaction Q_6_MA_4','Tag 44','microaction/526a2b50eede8.jpg','0','2013-10-25 08:26:56',NULL,NULL,NULL,NULL,NULL,0,0,NULL),(51,8,8,1,'Microaction Q_6_MA_5','Tag 45','microaction/526a2b5b86c1a.jpg','0','2013-10-25 08:27:07',NULL,NULL,NULL,NULL,NULL,0,0,NULL),(52,8,8,1,'Microaction Q_6_MA_6','Tag 46','microaction/526a2b675dbcc.jpg','0','2013-10-25 08:27:19',NULL,NULL,NULL,NULL,NULL,0,0,NULL),(53,8,NULL,1,'Microaction Q_6_MA_7','Tag 47','microaction/526a2b74ec27f.jpg','0','2013-10-25 08:27:32',NULL,NULL,NULL,NULL,NULL,0,0,NULL),(54,8,8,1,'Microaction Q_6_MA_8','Tag 48','microaction/526a2b80cf7de.jpg','0','2013-10-25 08:27:44',NULL,NULL,NULL,NULL,NULL,0,0,NULL),(55,9,9,1,'Microaction Q_7_MA_1','Tag 49','microaction/526a2b8bd2c81.jpg','0','2013-10-25 08:27:55',NULL,NULL,NULL,NULL,NULL,0,0,NULL),(56,9,9,1,'Microaction Q_7_MA_2','Tag 50','microaction/526a2b9950bf7.jpg','0','2013-10-25 08:28:09',NULL,NULL,NULL,NULL,NULL,0,0,NULL),(57,9,9,1,'Microaction Q_7_MA_3','Tag 51','microaction/526a2ba579704.jpg','0','2013-10-25 08:28:21',NULL,NULL,NULL,NULL,NULL,0,0,NULL),(58,9,9,1,'Microaction Q_7_MA_4','Tag 52','microaction/526a2bb126a0c.jpg','0','2013-10-25 08:28:32',NULL,NULL,NULL,NULL,NULL,0,0,NULL),(59,9,9,1,'Microaction Q_7_MA_5','Tag 53','microaction/526a2bbd3edb3.jpg','0','2013-10-25 08:28:45',NULL,NULL,NULL,NULL,NULL,0,0,NULL),(60,9,9,1,'Microaction Q_7_MA_6','Tag 54','microaction/526a2bc83e532.jpg','0','2013-10-25 08:28:56',NULL,NULL,NULL,NULL,NULL,0,0,NULL),(61,9,9,1,'Microaction Q_7_MA_7','Tag 55','microaction/526a2bd36ba28.jpg','0','2013-10-25 08:29:07',NULL,NULL,NULL,NULL,NULL,0,0,NULL),(62,9,9,1,'Microaction Q_7_MA_8','Tag 56','microaction/526a2bdf4292f.jpg','0','2013-10-25 08:29:19',NULL,NULL,NULL,NULL,NULL,0,0,NULL),(63,10,10,1,'Microaction Q_8_MA_1','Tag 57','microaction/526a2beb2fab4.jpg','0','2013-10-25 08:29:30',NULL,NULL,NULL,NULL,NULL,0,0,NULL),(64,10,10,1,'Microaction Q_8_MA_2','Tag 58','microaction/526a2bf59c6cf.jpg','0','2013-10-25 08:29:41',NULL,NULL,NULL,NULL,NULL,0,0,NULL),(65,10,10,1,'Microaction Q_8_MA_3','Tag 59','microaction/526a2c014e9d0.jpg','0','2013-10-25 08:29:53',NULL,NULL,NULL,NULL,NULL,0,0,NULL),(66,10,10,1,'Microaction Q_8_MA_4','Tag 60','microaction/526a2c0ce3907.jpg','0','2013-10-25 08:30:04',NULL,NULL,NULL,NULL,NULL,0,0,NULL),(67,10,10,1,'Microaction Q_8_MA_5','Tag 61','microaction/526a2c180fcf0.jpg','0','2013-10-25 08:30:15',NULL,NULL,NULL,NULL,NULL,0,0,NULL),(68,10,10,1,'Microaction Q_8_MA_6','Tag 62','microaction/526a2c242fe74.jpg','0','2013-10-25 08:30:27',NULL,NULL,NULL,NULL,NULL,0,0,NULL),(69,10,10,1,'Microaction Q_8_MA_7','Tag 63','microaction/526a2c30a9616.jpg','0','2013-10-25 08:30:40',NULL,NULL,NULL,NULL,NULL,0,0,NULL),(70,10,10,1,'Microaction Q_8_MA_8','Tag 64','microaction/526a2c3bd569a.jpg','0','2013-10-25 08:30:51',NULL,NULL,NULL,NULL,NULL,0,0,NULL),(71,11,11,1,'Microaction Q_9_MA_1','Tag 65','microaction/526a2c4892da0.jpg','0','2013-10-25 08:31:04',NULL,NULL,NULL,NULL,NULL,0,0,NULL),(72,11,11,1,'Microaction Q_9_MA_2','Tag 66','microaction/526a2c5819b15.jpg','0','2013-10-25 08:31:19',NULL,NULL,NULL,NULL,NULL,0,0,NULL),(73,11,11,1,'Microaction Q_9_MA_3','Tag 67','microaction/526a2c64130aa.jpg','0','2013-10-25 08:31:31',NULL,NULL,NULL,NULL,NULL,0,0,NULL),(74,11,11,1,'Microaction Q_9_MA_4','Tag 68','microaction/526a2c6eb9fa9.jpg','0','2013-10-25 08:31:42',NULL,NULL,NULL,NULL,NULL,0,0,NULL),(75,11,11,1,'Microaction Q_9_MA_5','Tag 69','microaction/526a2c79bd253.jpg','0','2013-10-25 08:31:53',NULL,NULL,NULL,NULL,NULL,0,0,NULL),(76,11,11,1,'Microaction Q_9_MA_6','Tag 70','microaction/526a2c8521d18.jpg','0','2013-10-25 08:32:04',NULL,NULL,NULL,NULL,NULL,0,0,NULL),(77,11,11,1,'Microaction Q_9_MA_7','Tag 71','microaction/526a2c8fd895f.jpg','0','2013-10-25 08:32:15',NULL,NULL,NULL,NULL,NULL,0,0,NULL),(78,11,11,1,'Microaction Q_9_MA_8','Tag 72','microaction/526a2c9baba68.jpg','0','2013-10-25 08:32:27',NULL,NULL,NULL,NULL,NULL,0,0,NULL),(79,12,12,1,'Microaction Q_10_MA_1','Tag 73','microaction/526a2ca75eaa4.jpg','0','2013-10-25 08:32:39',NULL,NULL,NULL,NULL,NULL,0,0,NULL),(80,12,12,1,'Microaction Q_10_MA_2','Tag 74','microaction/526a2cb238ff0.jpg','0','2013-10-25 08:32:49',NULL,NULL,NULL,NULL,NULL,0,0,NULL),(81,12,12,1,'Microaction Q_10_MA_3','Tag 75','microaction/526a2cbcdd796.jpg','0','2013-10-25 08:33:00',NULL,NULL,NULL,NULL,NULL,0,0,NULL),(82,12,12,1,'Microaction Q_10_MA_4','Tag 76','microaction/526a2cc75d6a8.jpg','0','2013-10-25 08:33:11',NULL,NULL,NULL,NULL,NULL,0,0,NULL),(83,12,12,1,'Microaction Q_10_MA_5','Tag 77','microaction/526a2cd218c2d.jpg','0','2013-10-25 08:33:21',NULL,NULL,NULL,NULL,NULL,0,0,NULL),(84,12,12,1,'Microaction Q_10_MA_6','Tag 78','microaction/526a2cdd7275a.jpg','0','2013-10-25 08:33:33',NULL,NULL,NULL,NULL,NULL,0,0,NULL),(85,12,12,1,'Microaction Q_10_MA_7','Tag 79','microaction/526a2ce85284a.jpg','0','2013-10-25 08:33:44',NULL,NULL,NULL,NULL,NULL,0,0,NULL),(86,12,12,1,'Microaction Q_10_MA_8','Tag 80','microaction/526a2cf3ac770.jpg','0','2013-10-25 08:33:55',NULL,NULL,NULL,NULL,NULL,0,0,NULL),(87,13,13,1,'Microaction Q_11_MA_1','Tag 81','microaction/526a2d00947b9.jpg','0','2013-10-25 08:34:08',NULL,NULL,NULL,NULL,NULL,0,0,NULL),(88,13,13,1,'Microaction Q_11_MA_2','Tag 82','microaction/526a2d0c57c08.jpg','0','2013-10-25 08:34:20',NULL,NULL,NULL,NULL,NULL,0,0,NULL),(89,13,13,1,'Microaction Q_11_MA_3','Tag 83','microaction/526a2d167cfc4.jpg','0','2013-10-25 08:34:30',NULL,NULL,NULL,NULL,NULL,0,0,NULL),(90,13,13,1,'Microaction Q_11_MA_4','Tag 84','microaction/526a2d212cf7b.jpg','0','2013-10-25 08:34:40',NULL,NULL,NULL,NULL,NULL,0,0,NULL),(91,13,13,1,'Microaction Q_11_MA_5','Tag 85','microaction/526a2d2c125e3.jpg','0','2013-10-25 08:34:51',NULL,NULL,NULL,NULL,NULL,0,0,NULL),(92,13,13,1,'Microaction Q_11_MA_6','Tag 86','microaction/526a2d3862df0.jpg','0','2013-10-25 08:35:04',NULL,NULL,NULL,NULL,NULL,0,0,NULL),(93,13,13,1,'Microaction Q_11_MA_7','Tag 87','microaction/526a2d46e504d.jpg','0','2013-10-25 08:35:18',NULL,NULL,NULL,NULL,NULL,0,0,NULL),(94,13,13,1,'Microaction Q_11_MA_8','Tag 88','microaction/526a2d5158721.jpg','0','2013-10-25 08:35:29',NULL,NULL,NULL,NULL,NULL,0,0,NULL),(95,14,14,1,'Microaction Q_12_MA_1','Tag 89','microaction/526a2d5d2a269.jpg','0','2013-10-25 08:35:40',NULL,NULL,NULL,NULL,NULL,0,0,NULL),(96,14,14,1,'Microaction Q_12_MA_2','Tag 90','microaction/526a2d6b93751.jpg','0','2013-10-25 08:35:55',NULL,NULL,NULL,NULL,NULL,0,0,NULL),(97,14,14,1,'Microaction Q_12_MA_3','Tag 91','microaction/526a2d794339f.jpg','0','2013-10-25 08:36:09',NULL,NULL,NULL,NULL,NULL,0,0,NULL),(98,14,14,1,'Microaction Q_12_MA_4','Tag 92','microaction/526a2d85a60b5.jpg','0','2013-10-25 08:36:21',NULL,NULL,NULL,NULL,NULL,0,0,NULL),(99,14,14,1,'Microaction Q_12_MA_5','Tag 93','microaction/526a2d92ed9b5.jpg','0','2013-10-25 08:36:34',NULL,NULL,NULL,NULL,NULL,0,0,NULL),(100,14,14,1,'Microaction Q_12_MA_6','Tag 94','microaction/526a2d9d87aeb.jpg','0','2013-10-25 08:36:45',NULL,NULL,NULL,NULL,NULL,0,0,NULL),(101,14,14,1,'Microaction Q_12_MA_7','Tag 95','microaction/526a2daa22179.jpg','0','2013-10-25 08:36:57',NULL,NULL,NULL,NULL,NULL,0,0,NULL),(102,14,14,1,'Microaction Q_12_MA_8','Tag 96','microaction/526a2db4abeef.jpg','0','2013-10-25 08:37:08',NULL,NULL,NULL,NULL,NULL,0,0,NULL),(103,15,15,1,'Microaction Q_13_MA_1','Tag 97','microaction/526a2dc00ef5c.jpg','0','2013-10-25 08:37:19',NULL,NULL,NULL,NULL,NULL,0,0,NULL),(104,15,15,1,'Microaction Q_13_MA_2','Tag 98','microaction/526a2dcbccfbc.jpg','0','2013-10-25 08:37:31',NULL,NULL,NULL,NULL,NULL,0,0,NULL),(105,15,15,1,'Microaction Q_13_MA_3','Tag 99','microaction/526a2dd7e809e.jpg','0','2013-10-25 08:37:43',NULL,NULL,NULL,NULL,NULL,0,0,NULL),(106,15,15,1,'Microaction Q_13_MA_4','Tag 100','microaction/526a2de5733b0.jpg','0','2013-10-25 08:37:57',NULL,NULL,NULL,NULL,NULL,0,0,NULL),(107,15,15,1,'Microaction Q_13_MA_5','Tag 101','microaction/526a2df3038f3.jpg','0','2013-10-25 08:38:10',NULL,NULL,NULL,NULL,NULL,0,0,NULL),(108,15,15,1,'Microaction Q_13_MA_6','Tag 102','microaction/526a2dff1335a.jpg','0','2013-10-25 08:38:22',NULL,NULL,NULL,NULL,NULL,0,0,NULL),(109,15,15,1,'Microaction Q_13_MA_7','Tag 103','microaction/526a2e0be6193.jpg','0','2013-10-25 08:38:35',NULL,NULL,NULL,NULL,NULL,0,0,NULL),(110,15,15,1,'Microaction Q_13_MA_8','Tag 104','microaction/526a2e16ee5df.jpg','0','2013-10-25 08:38:46',NULL,NULL,NULL,NULL,NULL,0,0,NULL),(111,16,16,1,'Microaction Q_14_MA_1','Tag 105','microaction/526a2e2283d22.jpg','0','2013-10-25 08:38:58',NULL,NULL,NULL,NULL,NULL,0,0,NULL),(112,16,16,1,'Microaction Q_14_MA_2','Tag 106','microaction/526a2e2e527bc.jpg','0','2013-10-25 08:39:10',NULL,NULL,NULL,NULL,NULL,0,0,NULL),(113,16,16,1,'Microaction Q_14_MA_3','Tag 107','microaction/526a2e392954a.jpg','0','2013-10-25 08:39:20',NULL,NULL,NULL,NULL,NULL,0,0,NULL),(114,16,16,1,'Microaction Q_14_MA_4','Tag 108','microaction/526a2e4601851.jpg','0','2013-10-25 08:39:33',NULL,NULL,NULL,NULL,NULL,0,0,NULL),(115,16,16,1,'Microaction Q_14_MA_5','Tag 109','microaction/526a2e5337f37.jpg','0','2013-10-25 08:39:46',NULL,NULL,NULL,NULL,NULL,0,0,NULL),(116,16,16,1,'Microaction Q_14_MA_6','Tag 110','microaction/526a2e6012739.jpg','0','2013-10-25 08:39:59',NULL,NULL,NULL,NULL,NULL,0,0,NULL),(117,16,16,1,'Microaction Q_14_MA_7','Tag 111','microaction/526a2e6d888c9.jpg','0','2013-10-25 08:40:13',NULL,NULL,NULL,NULL,NULL,0,0,NULL),(118,16,16,1,'Microaction Q_14_MA_8','Tag 112','microaction/526a2e795741f.jpg','0','2013-10-25 08:40:25',NULL,NULL,NULL,NULL,NULL,0,0,NULL),(119,17,17,1,'Microaction Q_15_MA_1','Tag 113','microaction/526a2e86799fe.jpg','0','2013-10-25 08:40:38',NULL,NULL,NULL,NULL,NULL,0,0,NULL),(120,17,17,1,'Microaction Q_15_MA_2','Tag 114','microaction/526a2e91d9d88.jpg','0','2013-10-25 08:40:49',NULL,NULL,NULL,NULL,NULL,0,0,NULL),(121,17,17,1,'Microaction Q_15_MA_3','Tag 115','microaction/526a2e9d193be.jpg','0','2013-10-25 08:41:00',NULL,NULL,NULL,NULL,NULL,0,0,NULL),(122,17,17,1,'Microaction Q_15_MA_4','Tag 116','microaction/526a2ea891e87.jpg','0','2013-10-25 08:41:12',NULL,NULL,NULL,NULL,NULL,0,0,NULL),(123,17,17,1,'Microaction Q_15_MA_5','Tag 117','microaction/526a2eb2cb8fc.jpg','0','2013-10-25 08:41:22',NULL,NULL,NULL,NULL,NULL,0,0,NULL),(124,17,17,1,'Microaction Q_15_MA_6','Tag 118','microaction/526a2ec0031b0.jpg','0','2013-10-25 08:41:35',NULL,NULL,NULL,NULL,NULL,0,0,NULL),(125,17,17,1,'Microaction Q_15_MA_7','Tag 119','microaction/526a2ecb7e23f.jpg','0','2013-10-25 08:41:47',NULL,NULL,NULL,NULL,NULL,0,0,NULL),(126,17,17,1,'Microaction Q_15_MA_8','Tag 120','microaction/526a2ed7c4578.jpg','0','2013-10-25 08:41:59',NULL,NULL,NULL,NULL,NULL,0,0,NULL),(127,18,18,1,'Microaction Q_16_MA_1','Tag 121','microaction/526a2ee2e2b86.jpg','0','2013-10-25 08:42:10',NULL,NULL,NULL,NULL,NULL,0,0,NULL),(128,18,18,1,'Microaction Q_16_MA_2','Tag 122','microaction/526a2eeef0e4d.jpg','0','2013-10-25 08:42:22',NULL,NULL,NULL,NULL,NULL,0,0,NULL),(129,18,18,1,'Microaction Q_16_MA_3','Tag 123','microaction/526a2efb386ef.jpg','0','2013-10-25 08:42:35',NULL,NULL,NULL,NULL,NULL,0,0,NULL),(130,18,18,1,'Microaction Q_16_MA_4','Tag 124','microaction/526a2f07040c6.jpg','0','2013-10-25 08:42:46',NULL,NULL,NULL,NULL,NULL,0,0,NULL),(131,18,18,1,'Microaction Q_16_MA_5','Tag 125','microaction/526a2f12e48e3.jpg','0','2013-10-25 08:42:58',NULL,NULL,NULL,NULL,NULL,0,0,NULL),(132,18,18,1,'Microaction Q_16_MA_6','Tag 126','microaction/526a2f1ebb23a.jpg','0','2013-10-25 08:43:10',NULL,NULL,NULL,NULL,NULL,0,0,NULL),(133,18,18,1,'Microaction Q_16_MA_7','Tag 127','microaction/526a2f2b5e9c4.jpg','0','2013-10-25 08:43:23',NULL,NULL,NULL,NULL,NULL,0,0,NULL),(134,18,18,1,'Microaction Q_16_MA_8','Tag 128','microaction/526a2f3712de2.jpg','0','2013-10-25 08:43:34',NULL,NULL,NULL,NULL,NULL,0,0,NULL),(135,19,19,1,'Microaction Q_17_MA_1','Tag 129','microaction/526a2f43239e4.jpg','0','2013-10-25 08:43:47',NULL,NULL,NULL,NULL,NULL,0,0,NULL),(136,19,19,1,'Microaction Q_17_MA_2','Tag 130','microaction/526a2f4f7e7bf.jpg','0','2013-10-25 08:43:59',NULL,NULL,NULL,NULL,NULL,0,0,NULL),(137,19,19,1,'Microaction Q_17_MA_3','Tag 131','microaction/526a2f5a69383.jpg','0','2013-10-25 08:44:10',NULL,NULL,NULL,NULL,NULL,0,0,NULL),(138,19,19,1,'Microaction Q_17_MA_4','Tag 132','microaction/526a2f64d651e.jpg','0','2013-10-25 08:44:20',NULL,NULL,NULL,NULL,NULL,0,0,NULL),(139,19,19,1,'Microaction Q_17_MA_5','Tag 133','microaction/526a2f7005c44.jpg','0','2013-10-25 08:44:31',NULL,NULL,NULL,NULL,NULL,0,0,NULL),(140,19,19,1,'Microaction Q_17_MA_6','Tag 134','microaction/526a2f7ad8890.jpg','0','2013-10-25 08:44:42',NULL,NULL,NULL,NULL,NULL,0,0,NULL),(141,19,19,1,'Microaction Q_17_MA_7','Tag 135','microaction/526a2f86c6073.jpg','0','2013-10-25 08:44:54',NULL,NULL,NULL,NULL,NULL,0,0,NULL),(142,19,19,1,'Microaction Q_17_MA_8','Tag 136','microaction/526a2f927f497.jpg','0','2013-10-25 08:45:06',NULL,NULL,NULL,NULL,NULL,0,0,NULL),(143,20,20,1,'Microaction Q_18_MA_1','Tag 137','microaction/526a2f9e595ff.jpg','0','2013-10-25 08:45:18',NULL,NULL,NULL,NULL,NULL,0,0,NULL),(144,20,20,1,'Microaction Q_18_MA_2','Tag 138','microaction/526a2fa95754c.jpg','0','2013-10-25 08:45:29',NULL,NULL,NULL,NULL,NULL,0,0,NULL),(145,20,20,1,'Microaction Q_18_MA_3','Tag 139','microaction/526a2fb469c64.jpg','0','2013-10-25 08:45:40',NULL,NULL,NULL,NULL,NULL,0,0,NULL),(146,20,20,1,'Microaction Q_18_MA_4','Tag 140','microaction/526a2fc142194.jpg','0','2013-10-25 08:45:53',NULL,NULL,NULL,NULL,NULL,0,0,NULL),(147,20,20,1,'Microaction Q_18_MA_5','Tag 141','microaction/526a2fccbe95b.jpg','0','2013-10-25 08:46:04',NULL,NULL,NULL,NULL,NULL,0,0,NULL),(148,20,20,1,'Microaction Q_18_MA_6','Tag 142','microaction/526a2fd9745c3.jpg','0','2013-10-25 08:46:17',NULL,NULL,NULL,NULL,NULL,0,0,NULL),(149,20,20,1,'Microaction Q_18_MA_7','Tag 143','microaction/526a2fe4dbb35.jpg','0','2013-10-25 08:46:28',NULL,NULL,NULL,NULL,NULL,0,0,NULL),(150,20,20,1,'Microaction Q_18_MA_8','Tag 144','microaction/526a2ff1e81d3.jpg','0','2013-10-25 08:46:41',NULL,NULL,NULL,NULL,NULL,0,0,NULL),(151,21,21,1,'Microaction Q_19_MA_1','Tag 145','microaction/526a2ffe80301.jpg','0','2013-10-25 08:46:54',NULL,NULL,NULL,NULL,NULL,0,0,NULL),(152,21,21,1,'Microaction Q_19_MA_2','Tag 146','microaction/526a300992653.jpg','0','2013-10-25 08:47:05',NULL,NULL,NULL,NULL,NULL,0,0,NULL),(153,21,21,1,'Microaction Q_19_MA_3','Tag 147','microaction/526a3016c32ba.jpg','0','2013-10-25 08:47:18',NULL,NULL,NULL,NULL,NULL,0,0,NULL),(154,21,21,1,'Microaction Q_19_MA_4','Tag 148','microaction/526a3023225d1.jpg','0','2013-10-25 08:47:31',NULL,NULL,NULL,NULL,NULL,0,0,NULL),(155,21,21,1,'Microaction Q_19_MA_5','Tag 149','microaction/526a302fae75c.jpg','0','2013-10-25 08:47:43',NULL,NULL,NULL,NULL,NULL,0,0,NULL),(156,21,21,1,'Microaction Q_19_MA_6','Tag 150','microaction/526a303ad9467.jpg','0','2013-10-25 08:47:54',NULL,NULL,NULL,NULL,NULL,0,0,NULL),(157,21,21,1,'Microaction Q_19_MA_7','Tag 151','microaction/526a30459476f.jpg','0','2013-10-25 08:48:05',NULL,NULL,NULL,NULL,NULL,0,0,NULL),(158,21,21,1,'Microaction Q_19_MA_8','Tag 152','microaction/526a3050bc175.jpg','0','2013-10-25 08:48:16',NULL,NULL,NULL,NULL,NULL,0,0,NULL),(159,22,22,1,'Microaction Q_20_MA_1','Tag 153','microaction/526a305d0659a.jpg','0','2013-10-25 08:48:28',NULL,NULL,NULL,NULL,NULL,0,0,NULL),(160,22,22,1,'Microaction Q_20_MA_2','Tag 154','microaction/526a3067b5423.jpg','0','2013-10-25 08:48:39',NULL,NULL,NULL,NULL,NULL,0,0,NULL),(161,22,22,1,'Microaction Q_20_MA_3','Tag 155','microaction/526a3071eb2ae.jpg','0','2013-10-25 08:48:49',NULL,NULL,NULL,NULL,NULL,0,0,NULL),(162,22,22,1,'Microaction Q_20_MA_4','Tag 156','microaction/526a307de51b3.jpg','0','2013-10-25 08:49:01',NULL,NULL,NULL,NULL,NULL,0,0,NULL),(163,22,22,1,'Microaction Q_20_MA_5','Tag 157','microaction/526a308ac10ca.jpg','0','2013-10-25 08:49:14',NULL,NULL,NULL,NULL,NULL,0,0,NULL),(164,22,22,1,'Microaction Q_20_MA_6','Tag 158','microaction/526a309623bf2.jpg','0','2013-10-25 08:49:26',NULL,NULL,NULL,NULL,NULL,0,0,NULL),(165,22,22,1,'Microaction Q_20_MA_7','Tag 159','microaction/526a30a226113.jpg','0','2013-10-25 08:49:38',NULL,NULL,NULL,NULL,NULL,0,0,NULL),(166,22,22,1,'Microaction Q_20_MA_8','Tag 160','microaction/526a30acc6c56.jpg','0','2013-10-25 08:49:48',NULL,NULL,NULL,NULL,NULL,0,0,NULL),(167,23,23,1,'Microaction Q_21_MA_1','Tag 161','microaction/526a30b8a34d1.jpg','0','2013-10-25 08:50:00',NULL,NULL,NULL,NULL,NULL,0,0,NULL),(168,23,23,1,'Microaction Q_21_MA_2','Tag 162','microaction/526a30c310b1a.jpg','0','2013-10-25 08:50:10',NULL,NULL,NULL,NULL,NULL,0,0,NULL),(169,23,23,1,'Microaction Q_21_MA_3','Tag 163','microaction/526a30cd46411.jpg','0','2013-10-25 08:50:21',NULL,NULL,NULL,NULL,NULL,0,0,NULL),(170,23,23,1,'Microaction Q_21_MA_4','Tag 164','microaction/526a30d94b3a7.jpg','0','2013-10-25 08:50:33',NULL,NULL,NULL,NULL,NULL,0,0,NULL),(171,23,23,1,'Microaction Q_21_MA_5','Tag 165','microaction/526a30e4cc6db.jpg','0','2013-10-25 08:50:44',NULL,NULL,NULL,NULL,NULL,0,0,NULL),(172,23,23,1,'Microaction Q_21_MA_6','Tag 166','microaction/526a30ef101aa.jpg','0','2013-10-25 08:50:54',NULL,NULL,NULL,NULL,NULL,0,0,NULL),(173,23,23,1,'Microaction Q_21_MA_7','Tag 167','microaction/526a30fb8f0ea.jpg','0','2013-10-25 08:51:07',NULL,NULL,NULL,NULL,NULL,0,0,NULL),(174,23,23,1,'Microaction Q_21_MA_8','Tag 168','microaction/526a31063e2fd.jpg','0','2013-10-25 08:51:18',NULL,NULL,NULL,NULL,NULL,0,0,NULL),(175,24,24,1,'Microaction Q_22_MA_1','Tag 169','microaction/526a3110af319.jpg','0','2013-10-25 08:51:28',NULL,NULL,NULL,NULL,NULL,0,0,NULL),(176,24,24,1,'Microaction Q_22_MA_2','Tag 170','microaction/526a311c71ced.jpg','0','2013-10-25 08:51:40',NULL,NULL,NULL,NULL,NULL,0,0,NULL),(177,24,24,1,'Microaction Q_22_MA_3','Tag 171','microaction/526a3128028af.jpg','0','2013-10-25 08:51:51',NULL,NULL,NULL,NULL,NULL,0,0,NULL),(178,24,24,1,'Microaction Q_22_MA_4','Tag 172','microaction/526a31332d652.jpg','0','2013-10-25 08:52:03',NULL,NULL,NULL,NULL,NULL,0,0,NULL),(179,24,24,1,'Microaction Q_22_MA_5','Tag 173','microaction/526a313e171d3.jpg','0','2013-10-25 08:52:13',NULL,NULL,NULL,NULL,NULL,0,0,NULL),(180,24,24,1,'Microaction Q_22_MA_6','Tag 174','microaction/526a314bb901c.jpg','0','2013-10-25 08:52:27',NULL,NULL,NULL,NULL,NULL,0,0,NULL),(181,24,24,1,'Microaction Q_22_MA_7','Tag 175','microaction/526a3157e2e0a.jpg','0','2013-10-25 08:52:39',NULL,NULL,NULL,NULL,NULL,0,0,NULL),(182,24,24,1,'Microaction Q_22_MA_8','Tag 176','microaction/526a316282343.jpg','0','2013-10-25 08:52:50',NULL,NULL,NULL,NULL,NULL,0,0,NULL),(183,25,25,1,'Microaction Q_23_MA_1','Tag 177','microaction/526a316ea7ee6.jpg','0','2013-10-25 08:53:02',NULL,NULL,NULL,NULL,NULL,0,0,NULL),(184,25,25,1,'Microaction Q_23_MA_2','Tag 178','microaction/526a3178e54ed.jpg','0','2013-10-25 08:53:12',NULL,NULL,NULL,NULL,NULL,0,0,NULL),(185,25,25,1,'Microaction Q_23_MA_3','Tag 179','microaction/526a31838972e.jpg','0','2013-10-25 08:53:23',NULL,NULL,NULL,NULL,NULL,0,0,NULL),(186,25,25,1,'Microaction Q_23_MA_4','Tag 180','microaction/526a318ec2946.jpg','0','2013-10-25 08:53:34',NULL,NULL,NULL,NULL,NULL,0,0,NULL),(187,25,25,1,'Microaction Q_23_MA_5','Tag 181','microaction/526a3199ac167.jpg','0','2013-10-25 08:53:45',NULL,NULL,NULL,NULL,NULL,0,0,NULL),(188,25,25,1,'Microaction Q_23_MA_6','Tag 182','microaction/526a31a404ed9.jpg','0','2013-10-25 08:53:55',NULL,NULL,NULL,NULL,NULL,0,0,NULL),(189,25,25,1,'Microaction Q_23_MA_7','Tag 183','microaction/526a31b0172b5.jpg','0','2013-10-25 08:54:07',NULL,NULL,NULL,NULL,NULL,0,0,NULL),(190,25,25,1,'Microaction Q_23_MA_8','Tag 184','microaction/526a31bb237b7.jpg','0','2013-10-25 08:54:19',NULL,NULL,NULL,NULL,NULL,0,0,NULL),(191,26,26,1,'Microaction Q_24_MA_1','Tag 185','microaction/526a31c6569b3.jpg','0','2013-10-25 08:54:30',NULL,NULL,NULL,NULL,NULL,0,0,NULL),(192,26,26,1,'Microaction Q_24_MA_2','Tag 186','microaction/526a31d1c37e9.jpg','0','2013-10-25 08:54:41',NULL,NULL,NULL,NULL,NULL,0,0,NULL),(193,26,26,1,'Microaction Q_24_MA_3','Tag 187','microaction/526a31dbeb881.jpg','0','2013-10-25 08:54:51',NULL,NULL,NULL,NULL,NULL,0,0,NULL),(194,26,26,1,'Microaction Q_24_MA_4','Tag 188','microaction/526a31e688ae3.jpg','0','2013-10-25 08:55:02',NULL,NULL,NULL,NULL,NULL,0,0,NULL),(195,26,26,1,'Microaction Q_24_MA_5','Tag 189','microaction/526a31f22b07c.jpg','0','2013-10-25 08:55:14',NULL,NULL,NULL,NULL,NULL,0,0,NULL),(196,26,26,1,'Microaction Q_24_MA_6','Tag 190','microaction/526a31fd984d0.jpg','0','2013-10-25 08:55:25',NULL,NULL,NULL,NULL,NULL,0,0,NULL),(197,26,26,1,'Microaction Q_24_MA_7','Tag 191','microaction/526a32090043e.jpg','0','2013-10-25 08:55:36',NULL,NULL,NULL,NULL,NULL,0,0,NULL),(198,26,26,1,'Microaction Q_24_MA_8','Tag 192','microaction/526a321452bf2.jpg','0','2013-10-25 08:55:48',NULL,NULL,NULL,NULL,NULL,0,0,NULL),(199,27,27,1,'Microaction Q_25_MA_1','Tag 193','microaction/526a321f7ef61.jpg','0','2013-10-25 08:55:59',NULL,NULL,NULL,NULL,NULL,0,0,NULL),(200,27,27,1,'Microaction Q_25_MA_2','Tag 194','microaction/526a322c51c36.jpg','0','2013-10-25 08:56:12',NULL,NULL,NULL,NULL,NULL,0,0,NULL),(201,27,27,1,'Microaction Q_25_MA_3','Tag 195','microaction/526a3236ac353.jpg','0','2013-10-25 08:56:22',NULL,NULL,NULL,NULL,NULL,0,0,NULL),(202,27,27,1,'Microaction Q_25_MA_4','Tag 196','microaction/526a3242a355c.jpg','0','2013-10-25 08:56:34',NULL,NULL,NULL,NULL,NULL,0,0,NULL),(203,27,27,1,'Microaction Q_25_MA_5','Tag 197','microaction/526a324dc0c72.jpg','0','2013-10-25 08:56:45',NULL,NULL,NULL,NULL,NULL,0,0,NULL),(204,27,27,1,'Microaction Q_25_MA_6','Tag 198','microaction/526a325a464e0.jpg','0','2013-10-25 08:56:58',NULL,NULL,NULL,NULL,NULL,0,0,NULL),(205,27,27,1,'Microaction Q_25_MA_7','Tag 199','microaction/526a32654e5fd.jpg','0','2013-10-25 08:57:09',NULL,NULL,NULL,NULL,NULL,0,0,NULL),(206,27,27,1,'Microaction Q_25_MA_8','Tag 200','microaction/526a326fc74a6.jpg','0','2013-10-25 08:57:19',NULL,NULL,NULL,NULL,NULL,0,0,NULL),(207,28,28,1,'Microaction Q_26_MA_1','Tag 201','microaction/526a327a3da74.jpg','0','2013-10-25 08:57:30',NULL,NULL,NULL,NULL,NULL,0,0,NULL),(208,28,28,1,'Microaction Q_26_MA_2','Tag 202','microaction/526a32846846b.jpg','0','2013-10-25 08:57:40',NULL,NULL,NULL,NULL,NULL,0,0,NULL),(209,28,28,1,'Microaction Q_26_MA_3','Tag 203','microaction/526a328faeb78.jpg','0','2013-10-25 08:57:51',NULL,NULL,NULL,NULL,NULL,0,0,NULL),(210,28,28,1,'Microaction Q_26_MA_4','Tag 204','microaction/526a329bad922.jpg','0','2013-10-25 08:58:03',NULL,NULL,NULL,NULL,NULL,0,0,NULL),(211,28,28,1,'Microaction Q_26_MA_5','Tag 205','microaction/526a32a62c46e.jpg','0','2013-10-25 08:58:14',NULL,NULL,NULL,NULL,NULL,0,0,NULL),(212,28,28,1,'Microaction Q_26_MA_6','Tag 206','microaction/526a32b169910.jpg','0','2013-10-25 08:58:25',NULL,NULL,NULL,NULL,NULL,0,0,NULL),(213,28,28,1,'Microaction Q_26_MA_7','Tag 207','microaction/526a32bcbc4d9.jpg','0','2013-10-25 08:58:36',NULL,NULL,NULL,NULL,NULL,0,0,NULL),(214,28,28,1,'Microaction Q_26_MA_8','Tag 208','microaction/526a32c6e3cc9.jpg','0','2013-10-25 08:58:46',NULL,NULL,NULL,NULL,NULL,0,0,NULL),(215,29,29,1,'Microaction Q_27_MA_1','Tag 209','microaction/526a32d1bef39.jpg','0','2013-10-25 08:58:57',NULL,NULL,NULL,NULL,NULL,0,0,NULL),(216,29,29,1,'Microaction Q_27_MA_2','Tag 210','microaction/526a32dbb3e6b.jpg','0','2013-10-25 08:59:07',NULL,NULL,NULL,NULL,NULL,0,0,NULL),(217,29,29,1,'Microaction Q_27_MA_3','Tag 211','microaction/526a32e7c112a.jpg','0','2013-10-25 08:59:19',NULL,NULL,NULL,NULL,NULL,0,0,NULL),(218,29,29,1,'Microaction Q_27_MA_4','Tag 212','microaction/526a32f505987.jpg','0','2013-10-25 08:59:32',NULL,NULL,NULL,NULL,NULL,0,0,NULL),(219,29,29,1,'Microaction Q_27_MA_5','Tag 213','microaction/526a32ffcddbb.jpg','0','2013-10-25 08:59:43',NULL,NULL,NULL,NULL,NULL,0,0,NULL),(220,29,29,1,'Microaction Q_27_MA_6','Tag 214','microaction/526a330bdf1fb.jpg','0','2013-10-25 08:59:55',NULL,NULL,NULL,NULL,NULL,0,0,NULL),(221,29,29,1,'Microaction Q_27_MA_7','Tag 215','microaction/526a331801216.jpg','0','2013-10-25 09:00:07',NULL,NULL,NULL,NULL,NULL,0,0,NULL),(222,29,29,1,'Microaction Q_27_MA_8','Tag 216','microaction/526a3323b5fb2.jpg','0','2013-10-25 09:00:19',NULL,NULL,NULL,NULL,NULL,0,0,NULL),(223,30,30,1,'Microaction Q_28_MA_1','Tag 217','microaction/526a333061a5e.jpg','0','2013-10-25 09:00:32',NULL,NULL,NULL,NULL,NULL,0,0,NULL),(224,30,30,1,'Microaction Q_28_MA_2','Tag 218','microaction/526a333acc15c.jpg','0','2013-10-25 09:00:42',NULL,NULL,NULL,NULL,NULL,0,0,NULL),(225,30,30,1,'Microaction Q_28_MA_3','Tag 219','microaction/526a3345e71cf.jpg','0','2013-10-25 09:00:53',NULL,NULL,NULL,NULL,NULL,0,0,NULL),(226,30,30,1,'Microaction Q_28_MA_4','Tag 220','microaction/526a335053625.jpg','0','2013-10-25 09:01:04',NULL,NULL,NULL,NULL,NULL,0,0,NULL),(227,30,30,1,'Microaction Q_28_MA_5','Tag 221','microaction/526a335ad8013.jpg','0','2013-10-25 09:01:14',NULL,NULL,NULL,NULL,NULL,0,0,NULL),(228,30,30,1,'Microaction Q_28_MA_6','Tag 222','microaction/526a3366b205a.jpg','0','2013-10-25 09:01:26',NULL,NULL,NULL,NULL,NULL,0,0,NULL),(229,30,30,1,'Microaction Q_28_MA_7','Tag 223','microaction/526a3373ac709.jpg','0','2013-10-25 09:01:39',NULL,NULL,NULL,NULL,NULL,0,0,NULL),(230,30,30,1,'Microaction Q_28_MA_8','Tag 224','microaction/526a337ed5670.jpg','0','2013-10-25 09:01:50',NULL,NULL,NULL,NULL,NULL,0,0,NULL),(231,31,31,1,'Microaction Q_29_MA_1','Tag 225','microaction/526a338a503be.jpg','0','2013-10-25 09:02:02',NULL,NULL,NULL,NULL,NULL,0,0,NULL),(232,31,31,1,'Microaction Q_29_MA_2','Tag 226','microaction/526a33953e050.jpg','0','2013-10-25 09:02:13',NULL,NULL,NULL,NULL,NULL,0,0,NULL),(233,31,31,1,'Microaction Q_29_MA_3','Tag 227','microaction/526a33a3674c2.jpg','0','2013-10-25 09:02:27',NULL,NULL,NULL,NULL,NULL,0,0,NULL),(234,31,31,1,'Microaction Q_29_MA_4','Tag 228','microaction/526a33ae51dc2.jpg','0','2013-10-25 09:02:38',NULL,NULL,NULL,NULL,NULL,0,0,NULL),(235,31,31,1,'Microaction Q_29_MA_5','Tag 229','microaction/526a33ba509c2.jpg','0','2013-10-25 09:02:50',NULL,NULL,NULL,NULL,NULL,0,0,NULL),(236,31,31,1,'Microaction Q_29_MA_6','Tag 230','microaction/526a33c6127cc.jpg','0','2013-10-25 09:03:01',NULL,NULL,NULL,NULL,NULL,0,0,NULL),(237,31,31,1,'Microaction Q_29_MA_7','Tag 231','microaction/526a33d2b05f5.jpg','0','2013-10-25 09:03:14',NULL,NULL,NULL,NULL,NULL,0,0,NULL),(238,31,31,1,'Microaction Q_29_MA_8','Tag 232','microaction/526a33de3361d.jpg','0','2013-10-25 09:03:26',NULL,NULL,NULL,NULL,NULL,0,0,NULL),(239,32,32,1,'Microaction Q_30_MA_1','Tag 233','microaction/526a33eb0cba1.jpg','0','2013-10-25 09:03:38',NULL,NULL,NULL,NULL,NULL,0,0,NULL),(240,32,32,1,'Microaction Q_30_MA_2','Tag 234','microaction/526a33f621e0b.jpg','0','2013-10-25 09:03:50',NULL,NULL,NULL,NULL,NULL,0,0,NULL),(241,32,32,1,'Microaction Q_30_MA_3','Tag 235','microaction/526a340115189.jpg','0','2013-10-25 09:04:00',NULL,NULL,NULL,NULL,NULL,0,0,NULL),(242,32,32,1,'Microaction Q_30_MA_4','Tag 236','microaction/526a340e1db3a.jpg','0','2013-10-25 09:04:13',NULL,NULL,NULL,NULL,NULL,0,0,NULL),(243,32,32,1,'Microaction Q_30_MA_5','Tag 237','microaction/526a34192a279.jpg','0','2013-10-25 09:04:25',NULL,NULL,NULL,NULL,NULL,0,0,NULL),(244,32,32,1,'Microaction Q_30_MA_6','Tag 238','microaction/526a34240ae4f.jpg','0','2013-10-25 09:04:35',NULL,NULL,NULL,NULL,NULL,0,0,NULL),(245,32,32,1,'Microaction Q_30_MA_7','Tag 239','microaction/526a342f70226.jpg','0','2013-10-25 09:04:47',NULL,NULL,NULL,NULL,NULL,0,0,NULL),(246,32,32,1,'Microaction Q_30_MA_8','Tag 240','microaction/526a343a16140.jpg','0','2013-10-25 09:04:57',NULL,NULL,NULL,NULL,NULL,0,0,NULL);
/*!40000 ALTER TABLE `microaction` ENABLE KEYS */;
UNLOCK TABLES;

--
-- Table structure for table `microaction_comment`
--

DROP TABLE IF EXISTS `microaction_comment`;
/*!40101 SET @saved_cs_client     = @@character_set_client */;
/*!40101 SET character_set_client = utf8 */;
CREATE TABLE `microaction_comment` (
  `id` int(11) NOT NULL AUTO_INCREMENT,
  `user_id` int(11) DEFAULT NULL,
  `microaction_id` int(11) DEFAULT NULL,
  `text` varchar(255) COLLATE utf8_unicode_ci NOT NULL,
  `publish_date` datetime NOT NULL,
  PRIMARY KEY (`id`),
  KEY `IDX_6805AC15A76ED395` (`user_id`),
  KEY `IDX_6805AC15C1AFB8AF` (`microaction_id`),
  CONSTRAINT `FK_6805AC15C1AFB8AF` FOREIGN KEY (`microaction_id`) REFERENCES `microaction` (`id`) ON DELETE CASCADE,
  CONSTRAINT `FK_6805AC15A76ED395` FOREIGN KEY (`user_id`) REFERENCES `user` (`id`)
) ENGINE=InnoDB AUTO_INCREMENT=110 DEFAULT CHARSET=utf8 COLLATE=utf8_unicode_ci;
/*!40101 SET character_set_client = @saved_cs_client */;

--
-- Dumping data for table `microaction_comment`
--

LOCK TABLES `microaction_comment` WRITE;
/*!40000 ALTER TABLE `microaction_comment` DISABLE KEYS */;
INSERT INTO `microaction_comment` VALUES (1,3,2,'gOJDtVsfIIxfRigvBqtHwdcnuheejvPW','2013-10-25 09:25:33'),(2,8,44,'LQXlbyUPPjxoggTFDVhgbkootodUCiSI','2013-10-25 09:26:36'),(3,13,3,'TzSectlmiJvAKxtDyNHhThZvsAkheXOd','2013-10-25 09:27:21'),(4,15,44,'ckKQjrVvCSJrmWmArrQchWVbqLoZRxqt','2013-10-25 09:28:19'),(5,16,43,'XeDpSQhSeSzOZyULSVJEXRUSeVGbOuty','2013-10-25 09:29:13'),(6,17,43,'wDZnCKfKtrcbVENJglnmbyaPxdtxqFAZ','2013-10-25 09:30:09'),(7,19,40,'HdOnpCJRenyUSEGbqqAfvoZQzPcEiqaz','2013-10-25 09:30:42'),(8,23,42,'fSsBlrCgsaxqnMFpPzRDJYshvGmgWsMF','2013-10-25 09:31:12'),(9,24,3,'pWhQvoodOMmjGeWAKNgeDwcyCAqxZJSZ','2013-10-25 09:31:26'),(10,28,3,'NcjXFrAnYLCNlHKzMWUSGMRRnUFUiIIW','2013-10-25 09:33:28'),(11,33,3,'fhPOGdNfhVilunCAbLincDWRorcmsItt','2013-10-25 09:34:24'),(12,37,3,'mQkvcPKFSZWhMfEubnBPFIrzVNYdlDVE','2013-10-25 09:35:22'),(13,40,45,'dwSJwIKRJYFItrSxctirVYewbvWkNgkA','2013-10-25 09:36:35'),(14,41,3,'kyEBwKJVDqRKbViiliZwxbqkLuxqbhQD','2013-10-25 09:37:41'),(15,42,2,'yBtBwTwJwDpmvNZynhpZNXCVMSqeAcft','2013-10-25 09:38:29'),(16,45,45,'MjTmVcSuYGDqlnRJQpeEbFxpzWbNMsYw','2013-10-25 09:38:49'),(17,49,42,'pasVMHxMHUhoXXxvvedzTWTRHluyDtTd','2013-10-25 09:39:46'),(18,50,41,'rMyLtnZjYKgzBJzhbwHMHYCdzPywNhrf','2013-10-25 09:39:57'),(19,56,3,'kScVxxBhcEVBQRdKqNVpbvjtbOWyqiTy','2013-10-25 09:40:54'),(20,58,39,'gBCTRhJEMVNyLSiiTaLGTyoZReNnjNIz','2013-10-25 09:41:03'),(21,57,3,'YeynOXHmVwdHLRXLxNSgQSfAjIWLNkkk','2013-10-25 09:42:19'),(22,59,44,'oVibhQzPHUgLolhpZlrtoUuYktsdZajW','2013-10-25 09:42:19'),(23,61,45,'GndePFmDEBxddKqxCHoxvGRYgFqRpjVk','2013-10-25 09:43:28'),(24,62,45,'hkbbcaidRFpZKPQfieqiNghbSMdZwLmO','2013-10-25 09:43:38'),(25,64,45,'mwRbfiNOeITdxgVbVVANZUgstQUaDMzl','2013-10-25 09:43:42'),(26,68,41,'eFWSpYCLmHegjFnTpIsdGoZLjOXLFNbI','2013-10-25 09:44:41'),(27,70,40,'WJOybHYikdDaSVQKrAixZDMbUUMvKHKh','2013-10-25 09:44:56'),(28,75,1,'nTvqgKYafKGmWszkRjFKDdWOAZLkeqMo','2013-10-25 09:45:56'),(29,76,42,'RRtHUHYJKJGvKeptTQxnnwgODmSXnfRP','2013-10-25 09:46:14'),(30,77,3,'mPajjwspLaPTZzHjJJYoPRFHmYqBftwb','2013-10-25 09:47:13'),(31,78,43,'TgjBaCSlUmQWpnuaQBBXKqRDUTuaTBAP','2013-10-25 09:47:21'),(32,81,42,'DftmSZPFyCvsDjgntmiQohQdhHrHvSbP','2013-10-25 09:48:24'),(33,79,41,'EJgiUtzTZIahBQJlKbFKGRwYSNQCDfeK','2013-10-25 09:48:25'),(34,83,45,'OfNWqGWdcZKIUNfBHiOddDRfjAPmfhMB','2013-10-25 09:48:27'),(35,91,41,'CvMzNwXONXREBIOrWCBUPSziaFhuHDTi','2013-10-25 09:49:44'),(36,89,43,'bftKLhcfwTkDqQxIVYrOTiDkZPBXrQox','2013-10-25 09:49:47'),(37,88,1,'fMowDLiPBfGXayzDUxPMBXSSQDFsNTaq','2013-10-25 09:49:50'),(38,96,40,'irxggtsiznIEZBJgFjMoAIBgvHnfNACN','2013-10-25 09:50:57'),(39,95,40,'LmulvycIjdThTTbpWghOxRorJeHsmBGk','2013-10-25 09:51:14'),(40,97,43,'LtsKewzIumNXJEkzGTNgooRudZNpTbxK','2013-10-25 09:52:07'),(41,98,41,'hAWbsZmybSsPReMoRXNJivCMzqQgbsLl','2013-10-25 09:52:28'),(42,99,45,'TCVqBsCefJLegYGsPLlUDHEVigIOBWcJ','2013-10-25 09:53:11'),(43,102,45,'LmtxppdMnLzVctRYbFSUkXWBWoVwbdpk','2013-10-25 09:53:24'),(44,101,1,'ZqzCClZdcrpOHWEhiKtIdcFYHxMeANfo','2013-10-25 09:53:45'),(45,107,2,'JXXBCMstIJfwOpjokTKLcfFClFiHpCyw','2013-10-25 09:54:27'),(46,109,44,'YTCUJtOKOMiBtxDxmnkNvYhtrgkDsxsI','2013-10-25 09:54:41'),(47,111,2,'gnjBfTphzxoXZZgBLTQGVlIPwhBuazjO','2013-10-25 09:55:03'),(48,116,3,'DWdDUcqLDuMKZbiVbdYzgiPnnFAAveSo','2013-10-25 09:55:43'),(49,115,1,'mbFzkcPMSqxkNwHfnvoEDLKYFyYctkUt','2013-10-25 09:55:46'),(50,117,42,'lmNenENISrawMfwyhMmppqWNlQRTNbnX','2013-10-25 09:56:46'),(51,118,1,'tbeBpSzhYNLYuCtLsfCfEbnwNFnEJpkf','2013-10-25 09:57:05'),(52,119,1,'ewJIPnFEbDCKODmWKzrLWkjMtveNpaAo','2013-10-25 09:58:03'),(53,120,2,'hXpxUMQYDAMiflQtlofOkawIBjOcaGjC','2013-10-25 09:58:22'),(54,121,3,'qAJOKutRYzhWUSAKYxwshSEDEsGMymab','2013-10-25 09:58:30'),(55,126,42,'zHzxzjSrBAPvZdwAJohqhRgQGnFCZWfr','2013-10-25 09:59:32'),(56,128,2,'mVlkzLiXTrRmrbFuTwCGwNaFwRbSShAa','2013-10-25 09:59:46'),(57,129,1,'UoLJWNQLYKjtWQetwIMxlUQYKWNbSnAD','2013-10-25 09:59:49'),(58,135,45,'MoxNUmzNuPFuaRIkipFxKLrBPhGjhaJq','2013-10-25 10:01:18'),(59,136,39,'FKsbRZMWmLmJkfxRdDkpxqHjoCrhgEPt','2013-10-25 10:01:25'),(60,138,41,'gEuClMpeUtnayfoWyDzuEpqWUFxOWzjH','2013-10-25 10:02:27'),(61,137,3,'knksKKPHERICwkSQsdBNiFESGBMPAxkI','2013-10-25 10:02:51'),(62,139,43,'BiOinfxExPyKiRbiptZHvNBOHjdwAmLy','2013-10-25 10:03:25'),(63,142,44,'FvGojPtiucYEegShkKFPgfVgFvYMuxWp','2013-10-25 10:03:52'),(64,145,44,'PnCXpFDASMmCOugsGRPTmqxyEkMOLpki','2013-10-25 10:04:16'),(65,146,44,'xaLlrBbPwQbUdvGztaetQCDjJlONsqhw','2013-10-25 10:04:41'),(66,149,40,'KqyRnbVrPRAVeLnDBfCymGESmxNAYXTY','2013-10-25 10:05:04'),(67,152,44,'XfkJadTctWTlMIMmmJpIgHqbhBvbohcb','2013-10-25 10:05:29'),(68,155,44,'CNGoXOCafVqzqykDNADXKsZoREJPmoDV','2013-10-25 10:06:00'),(69,156,3,'FTpNggMFvUApDGswnkAmYefyBefnsrmW','2013-10-25 10:06:15'),(70,157,3,'UmPPYwPFtvXCnnZkoOituesclgEmmDJF','2013-10-25 10:07:19'),(71,158,41,'mQnmBXAyhIoXIJkybOmvvqvLUPGXKXIG','2013-10-25 10:07:52'),(72,161,45,'SLzTXaXFboDnDyTrSxqedDkGntlOxbaD','2013-10-25 10:08:30'),(73,160,44,'AyQNyWFpWzrYoAWfRqlqhRFWPGNFREzE','2013-10-25 10:08:31'),(74,165,41,'jWRPGJbuDlrKCMpVyWZIroeMJlGTfOgq','2013-10-25 10:09:16'),(75,169,2,'ZqeOUYwMnHJEkayIWJKROLsMsDIkhFZn','2013-10-25 10:09:45'),(76,168,43,'ICZbvGdZroxGcEeTdISoDxtqfBLSDjEV','2013-10-25 10:09:47'),(77,174,43,'NdmiZSVqOleKTwZfcgMrOUyViMpayaIC','2013-10-25 10:10:41'),(78,175,42,'JYQJUCgjCngEEbUwZWVNsPjrBDGrJMbH','2013-10-25 10:10:57'),(79,176,41,'RMAYRnsduTpfkHzTpGxoIksMPERXSMdN','2013-10-25 10:11:01'),(80,179,3,'pYdLHzaUtgRQkJkYDvzWFyBCMrFNYQIr','2013-10-25 10:12:14'),(81,177,44,'EUBYCoPGxLumeLTcBQCFqavlSTEFxUQd','2013-10-25 10:12:23'),(82,178,42,'ycvcpZcKJzgsajrivDowItCaycLvOFPq','2013-10-25 10:13:12'),(83,181,3,'qcBRAUfFLehEanWAXbboFnlCCyiNMVCx','2013-10-25 10:13:28'),(84,184,2,'gvhUtCDTuTeXlXreXJDgMXDwlbifkxkj','2013-10-25 10:13:35'),(85,185,42,'RpSHfDiGqkPGhMFdYShEjEfhrFZdDLxX','2013-10-25 10:14:18'),(86,188,40,'sutHHpjFeqGpbRokNsaRArHOKJIPakeN','2013-10-25 10:14:45'),(87,190,39,'EUEkEwhSvEohZeeOTZNpHlVxkyzfsMbo','2013-10-25 10:14:51'),(88,195,44,'WZGlLfbllKClLTWFbRxNhjpZZrGJEdKB','2013-10-25 10:15:57'),(89,196,40,'NicKdrEYfQprSpgewnUWpJLbUfIoMVJs','2013-10-25 10:16:05'),(90,197,1,'RdRynEhooepOlxfYZUgrWyHIXTIjiMUJ','2013-10-25 10:17:18'),(91,198,3,'fgNeIoJSFdoQKZloFhRBUKYuUNRvuMSZ','2013-10-25 10:17:22'),(92,200,45,'GcSUYzzBntaypVbWjKMkZUcCABCTDUvO','2013-10-25 10:18:29'),(93,202,42,'UoYpmfPVRollnfjJmpIPPsCUrlxJBJIv','2013-10-25 10:18:33'),(94,203,40,'ZCCBTNhHRizxXLcyiKXXiBLTUKLTwJcy','2013-10-25 10:18:37'),(95,207,2,'XafjvqWjaRdAGxnZhnDtVsPyOzRtnwnr','2013-10-25 10:19:31'),(96,211,41,'jBMMWPPpZoCdqZnHKrAJKUtymCQtkwhV','2013-10-25 10:19:57'),(97,210,3,'JgyohVZJuhskbLdIqhPkGhKsaSzsgGQl','2013-10-25 10:19:57'),(98,215,1,'iBHxEbRtYiAMkDUnnwefztpyhvyMmtOf','2013-10-25 10:21:11'),(99,216,44,'MlhgGatKXWjelUtjpcVhfgHMacIJbDkg','2013-10-25 10:21:16'),(100,218,43,'PveZWTzbtHvCujDpYvjYhDgItzeFkRCm','2013-10-25 10:22:30'),(101,217,1,'cZSDvAtpgvhgfKITXAprLOiiktBcEGmL','2013-10-25 10:22:38'),(102,219,45,'jHBAgeATNJzFZroJCDrvpmVRgwvoIjsI','2013-10-25 10:23:48'),(103,220,45,'VkGoVQMkVKheeVolpyQhHHlteJenTBzp','2013-10-25 10:23:51'),(104,221,3,'raDpODmJnmqqOSkHqxAZBXVphvHquQKK','2013-10-25 10:24:56'),(105,224,41,'nAaLJcklCiWqexDYwoDimyFnwkCqaphW','2013-10-25 10:25:09'),(106,222,40,'GHvIhJsBRzFxxyUrYPnjPDBelTfogOJx','2013-10-25 10:26:15'),(107,223,44,'CwBciCJkElAMXJQCMBiIDdIjfTHUYRWs','2013-10-25 10:27:27'),(108,225,43,'frQqaLthKqLKEaJAaSGnNrTIdDKXBIxs','2013-10-25 10:28:47'),(109,226,43,'WmnlKYGjWOxEQddDHgHvBBtTkGUcjgms','2013-10-25 10:30:08');
/*!40000 ALTER TABLE `microaction_comment` ENABLE KEYS */;
UNLOCK TABLES;

--
-- Table structure for table `microaction_comment_flag`
--

DROP TABLE IF EXISTS `microaction_comment_flag`;
/*!40101 SET @saved_cs_client     = @@character_set_client */;
/*!40101 SET character_set_client = utf8 */;
CREATE TABLE `microaction_comment_flag` (
  `id` int(11) NOT NULL AUTO_INCREMENT,
  `user_id` int(11) DEFAULT NULL,
  `comment_id` int(11) DEFAULT NULL,
  `text` varchar(255) COLLATE utf8_unicode_ci DEFAULT NULL,
  `publish_date` datetime NOT NULL,
  `readstate` enum('0','1') COLLATE utf8_unicode_ci NOT NULL COMMENT '(DC2Type:flag_enum)',
  PRIMARY KEY (`id`),
  KEY `IDX_8883068AA76ED395` (`user_id`),
  KEY `IDX_8883068AF8697D13` (`comment_id`),
  CONSTRAINT `FK_8883068AF8697D13` FOREIGN KEY (`comment_id`) REFERENCES `microaction_comment` (`id`) ON DELETE CASCADE,
  CONSTRAINT `FK_8883068AA76ED395` FOREIGN KEY (`user_id`) REFERENCES `user` (`id`)
) ENGINE=InnoDB AUTO_INCREMENT=109 DEFAULT CHARSET=utf8 COLLATE=utf8_unicode_ci;
/*!40101 SET character_set_client = @saved_cs_client */;

--
-- Dumping data for table `microaction_comment_flag`
--

LOCK TABLES `microaction_comment_flag` WRITE;
/*!40000 ALTER TABLE `microaction_comment_flag` DISABLE KEYS */;
INSERT INTO `microaction_comment_flag` VALUES (1,3,1,'{flag_ ldqklxwd}','2013-10-25 09:25:51','0'),(2,8,2,'{flag_ dfraryif}','2013-10-25 09:26:51','0'),(3,13,3,'{flag_ bpuanpzd}','2013-10-25 09:27:32','0'),(4,15,2,'{flag_ hqoopukn}','2013-10-25 09:28:30','0'),(5,16,5,'{flag_ tzlgracn}','2013-10-25 09:29:25','0'),(6,17,5,'{flag_ kstkjlmn}','2013-10-25 09:30:24','0'),(7,19,7,'{flag_ uvfsfvgk}','2013-10-25 09:30:53','0'),(8,23,8,'{flag_ tdwmblgt}','2013-10-25 09:31:27','0'),(9,28,3,'{flag_ obyzkjez}','2013-10-25 09:33:41','0'),(10,33,9,'{flag_ psskrtze}','2013-10-25 09:34:31','0'),(11,37,10,'{flag_ honttpxx}','2013-10-25 09:35:36','0'),(12,40,13,'{flag_ jbpovyzb}','2013-10-25 09:36:44','0'),(13,41,12,'{flag_ fcoovshh}','2013-10-25 09:37:53','0'),(14,42,1,'{flag_ bkggmenm}','2013-10-25 09:38:39','0'),(15,45,16,'{flag_ fnhlhyfm}','2013-10-25 09:38:57','0'),(16,49,17,'{flag_ fxbfmgdr}','2013-10-25 09:39:57','0'),(17,50,18,'{flag_ fginkpcd}','2013-10-25 09:40:04','0'),(18,56,12,'{flag_ zmuonuxt}','2013-10-25 09:41:08','0'),(19,58,20,'{flag_ kgecqlpl}','2013-10-25 09:41:18','0'),(20,57,11,'{flag_ dhlhuyzn}','2013-10-25 09:42:33','0'),(21,59,22,'{flag_ obbpmvcc}','2013-10-25 09:42:34','0'),(22,61,23,'{flag_ ijflyadb}','2013-10-25 09:43:39','0'),(23,64,25,'{flag_ woltixst}','2013-10-25 09:43:49','0'),(24,62,16,'{flag_ txazbaqw}','2013-10-25 09:43:54','0'),(25,68,18,'{flag_ loqkoppi}','2013-10-25 09:44:55','0'),(26,70,7,'{flag_ zwrlkizn}','2013-10-25 09:45:13','0'),(27,75,28,'{flag_ xcxpvaaz}','2013-10-25 09:46:13','0'),(28,76,29,'{flag_ rowfuvcp}','2013-10-25 09:46:23','0'),(29,77,12,'{flag_ eydgdraj}','2013-10-25 09:47:28','0'),(30,78,31,'{flag_ ayyxeeiu}','2013-10-25 09:47:36','0'),(31,79,18,'{flag_ xksmeqge}','2013-10-25 09:48:38','0'),(32,81,32,'{flag_ ulppwkdu}','2013-10-25 09:48:43','0'),(33,83,13,'{flag_ mrhwtdwj}','2013-10-25 09:48:47','0'),(34,89,31,'{flag_ gjrtxodx}','2013-10-25 09:49:59','0'),(35,91,26,'{flag_ ttihijul}','2013-10-25 09:49:59','0'),(36,88,37,'{flag_ qrzjbekw}','2013-10-25 09:50:03','0'),(37,96,7,'{flag_ mmkryjdt}','2013-10-25 09:51:09','0'),(38,95,7,'{flag_ kofupeuh}','2013-10-25 09:51:28','0'),(39,97,5,'{flag_ eefiycuy}','2013-10-25 09:52:20','0'),(40,98,18,'{flag_ gckdvonb}','2013-10-25 09:52:44','0'),(41,99,25,'{flag_ vawfwapi}','2013-10-25 09:53:27','0'),(42,102,16,'{flag_ qpaehdab}','2013-10-25 09:53:38','0'),(43,101,44,'{flag_ vwldbirq}','2013-10-25 09:53:57','0'),(44,107,15,'{flag_ wccbecsj}','2013-10-25 09:54:38','0'),(45,109,22,'{flag_ uatdoptl}','2013-10-25 09:54:50','0'),(46,111,1,'{flag_ czktxwab}','2013-10-25 09:55:17','0'),(47,116,14,'{flag_ miiybnnb}','2013-10-25 09:55:56','0'),(48,115,37,'{flag_ chiwufwe}','2013-10-25 09:55:57','0'),(49,117,8,'{flag_ abtzvktr}','2013-10-25 09:56:56','0'),(50,118,28,'{flag_ bnpbgutz}','2013-10-25 09:57:19','0'),(51,119,37,'{flag_ kdxexaxp}','2013-10-25 09:58:20','0'),(52,120,53,'{flag_ igzgence}','2013-10-25 09:58:36','0'),(53,121,54,'{flag_ bgrqkqtr}','2013-10-25 09:58:45','0'),(54,126,55,'{flag_ gcyjeeil}','2013-10-25 09:59:42','0'),(55,128,56,'{flag_ psgkduew}','2013-10-25 09:59:58','0'),(56,129,52,'{flag_ dekuejls}','2013-10-25 10:00:00','0'),(57,135,43,'{flag_ hdmsqdgu}','2013-10-25 10:01:27','0'),(58,136,59,'{flag_ ewbwgwpb}','2013-10-25 10:01:42','0'),(59,138,60,'{flag_ xefpvudx}','2013-10-25 10:02:35','0'),(60,137,21,'{flag_ enifzrpc}','2013-10-25 10:03:04','0'),(61,139,6,'{flag_ umhgkclh}','2013-10-25 10:03:34','0'),(62,142,63,'{flag_ lnmvtkqy}','2013-10-25 10:04:02','0'),(63,145,2,'{flag_ gfqsrcno}','2013-10-25 10:04:28','0'),(64,146,63,'{flag_ rmtykyaw}','2013-10-25 10:04:53','0'),(65,149,39,'{flag_ pgqonvjl}','2013-10-25 10:05:20','0'),(66,152,2,'{flag_ vydzmckr}','2013-10-25 10:05:44','0'),(67,155,22,'{flag_ ihvivxly}','2013-10-25 10:06:15','0'),(68,156,11,'{flag_ fpvcupcq}','2013-10-25 10:06:32','0'),(69,157,21,'{flag_ osildfow}','2013-10-25 10:07:26','0'),(70,158,60,'{flag_ rdgfyogm}','2013-10-25 10:08:04','0'),(71,161,72,'{flag_ llzrmhln}','2013-10-25 10:08:45','0'),(72,160,64,'{flag_ shpggozl}','2013-10-25 10:08:47','0'),(73,165,26,'{flag_ jtxdxxyz}','2013-10-25 10:09:30','0'),(74,169,53,'{flag_ bxjuwimy}','2013-10-25 10:09:54','0'),(75,168,5,'{flag_ lczersus}','2013-10-25 10:09:59','0'),(76,174,5,'{flag_ ywnirmev}','2013-10-25 10:10:49','0'),(77,175,17,'{flag_ njfvhxpr}','2013-10-25 10:11:14','0'),(78,176,35,'{flag_ gnojtjte}','2013-10-25 10:11:17','0'),(79,179,21,'{flag_ bhulpdrh}','2013-10-25 10:12:23','0'),(80,177,63,'{flag_ dztzvlrj}','2013-10-25 10:12:38','0'),(81,178,8,'{flag_ jjxrvblv}','2013-10-25 10:13:24','0'),(82,181,70,'{flag_ uqnouref}','2013-10-25 10:13:39','0'),(83,184,84,'{flag_ yvuwewqh}','2013-10-25 10:13:47','0'),(84,185,17,'{flag_ rftdqmxg}','2013-10-25 10:14:34','0'),(85,188,38,'{flag_ afqwawmb}','2013-10-25 10:14:53','0'),(86,190,20,'{flag_ bpbygjpp}','2013-10-25 10:15:05','0'),(87,195,81,'{flag_ bdktpqqf}','2013-10-25 10:16:14','0'),(88,196,39,'{flag_ gwscbitu}','2013-10-25 10:16:22','0'),(89,198,61,'{flag_ vwaneqao}','2013-10-25 10:17:31','0'),(90,197,90,'{flag_ gwqkpmfc}','2013-10-25 10:17:33','0'),(91,202,32,'{flag_ emjridbs}','2013-10-25 10:18:44','0'),(92,200,16,'{flag_ kcvicven}','2013-10-25 10:18:46','0'),(93,203,66,'{flag_ eceisglk}','2013-10-25 10:18:48','0'),(94,207,47,'{flag_ prjlxnvs}','2013-10-25 10:19:43','0'),(95,210,30,'{flag_ mhjnukhj}','2013-10-25 10:20:07','0'),(96,211,26,'{flag_ lzlnvtyt}','2013-10-25 10:20:09','0'),(97,215,52,'{flag_ pdsnkips}','2013-10-25 10:21:25','0'),(98,216,81,'{flag_ fdcfurva}','2013-10-25 10:21:30','0'),(99,218,36,'{flag_ mwqcjoxb}','2013-10-25 10:22:40','0'),(100,217,28,'{flag_ yrprpgxn}','2013-10-25 10:22:50','0'),(101,220,24,'{flag_ mhjfkmal}','2013-10-25 10:24:05','0'),(102,219,72,'{flag_ fscizqzp}','2013-10-25 10:24:06','0'),(103,221,48,'{flag_ flxkqzru}','2013-10-25 10:25:10','0'),(104,224,33,'{flag_ ocuddbcb}','2013-10-25 10:25:18','0'),(105,222,66,'{flag_ rivvxxrd}','2013-10-25 10:26:28','0'),(106,223,81,'{flag_ ucygmhzj}','2013-10-25 10:27:41','0'),(107,225,40,'{flag_ ggpefrpd}','2013-10-25 10:29:01','0'),(108,226,76,'{flag_ lxdonmdx}','2013-10-25 10:30:18','0');
/*!40000 ALTER TABLE `microaction_comment_flag` ENABLE KEYS */;
UNLOCK TABLES;

--
-- Table structure for table `microaction_comment_love`
--

DROP TABLE IF EXISTS `microaction_comment_love`;
/*!40101 SET @saved_cs_client     = @@character_set_client */;
/*!40101 SET character_set_client = utf8 */;
CREATE TABLE `microaction_comment_love` (
  `id` int(11) NOT NULL AUTO_INCREMENT,
  `user_id` int(11) DEFAULT NULL,
  `microaction_comment_id` int(11) NOT NULL,
  `date` datetime NOT NULL,
  PRIMARY KEY (`id`),
  UNIQUE KEY `M_C_USER` (`user_id`,`microaction_comment_id`),
  KEY `IDX_EF5BD0DA76ED395` (`user_id`),
  KEY `IDX_EF5BD0DE74A3A9` (`microaction_comment_id`),
  CONSTRAINT `FK_EF5BD0DE74A3A9` FOREIGN KEY (`microaction_comment_id`) REFERENCES `microaction_comment` (`id`) ON DELETE CASCADE,
  CONSTRAINT `FK_EF5BD0DA76ED395` FOREIGN KEY (`user_id`) REFERENCES `user` (`id`)
) ENGINE=InnoDB AUTO_INCREMENT=109 DEFAULT CHARSET=utf8 COLLATE=utf8_unicode_ci;
/*!40101 SET character_set_client = @saved_cs_client */;

--
-- Dumping data for table `microaction_comment_love`
--

LOCK TABLES `microaction_comment_love` WRITE;
/*!40000 ALTER TABLE `microaction_comment_love` DISABLE KEYS */;
INSERT INTO `microaction_comment_love` VALUES (1,3,1,'2013-10-25 09:25:48'),(2,8,2,'2013-10-25 09:26:48'),(3,13,3,'2013-10-25 09:27:30'),(4,15,2,'2013-10-25 09:28:29'),(5,16,5,'2013-10-25 09:29:19'),(6,17,5,'2013-10-25 09:30:19'),(7,19,7,'2013-10-25 09:30:50'),(8,23,8,'2013-10-25 09:31:23'),(9,28,3,'2013-10-25 09:33:39'),(10,33,9,'2013-10-25 09:34:30'),(11,37,10,'2013-10-25 09:35:34'),(12,40,13,'2013-10-25 09:36:43'),(13,41,12,'2013-10-25 09:37:50'),(14,42,1,'2013-10-25 09:38:37'),(15,45,16,'2013-10-25 09:38:54'),(16,49,17,'2013-10-25 09:39:55'),(17,50,18,'2013-10-25 09:40:03'),(18,56,12,'2013-10-25 09:41:04'),(19,58,20,'2013-10-25 09:41:15'),(20,57,11,'2013-10-25 09:42:29'),(21,59,22,'2013-10-25 09:42:31'),(22,61,23,'2013-10-25 09:43:36'),(23,64,25,'2013-10-25 09:43:47'),(24,62,16,'2013-10-25 09:43:49'),(25,68,18,'2013-10-25 09:44:50'),(26,70,7,'2013-10-25 09:45:08'),(27,75,28,'2013-10-25 09:46:08'),(28,76,29,'2013-10-25 09:46:21'),(29,77,12,'2013-10-25 09:47:26'),(30,78,31,'2013-10-25 09:47:32'),(31,79,18,'2013-10-25 09:48:34'),(32,81,32,'2013-10-25 09:48:38'),(33,83,13,'2013-10-25 09:48:41'),(34,91,26,'2013-10-25 09:49:53'),(35,89,31,'2013-10-25 09:49:56'),(36,88,37,'2013-10-25 09:49:58'),(37,96,7,'2013-10-25 09:51:06'),(38,95,7,'2013-10-25 09:51:26'),(39,97,5,'2013-10-25 09:52:17'),(40,98,18,'2013-10-25 09:52:39'),(41,99,25,'2013-10-25 09:53:22'),(42,102,16,'2013-10-25 09:53:35'),(43,101,44,'2013-10-25 09:53:56'),(44,107,15,'2013-10-25 09:54:34'),(45,109,22,'2013-10-25 09:54:46'),(46,111,1,'2013-10-25 09:55:15'),(47,115,37,'2013-10-25 09:55:52'),(48,116,14,'2013-10-25 09:55:53'),(49,117,8,'2013-10-25 09:56:52'),(50,118,28,'2013-10-25 09:57:16'),(51,119,37,'2013-10-25 09:58:17'),(52,120,53,'2013-10-25 09:58:33'),(53,121,54,'2013-10-25 09:58:41'),(54,126,55,'2013-10-25 09:59:38'),(55,128,56,'2013-10-25 09:59:56'),(56,129,52,'2013-10-25 09:59:57'),(57,135,43,'2013-10-25 10:01:24'),(58,136,59,'2013-10-25 10:01:38'),(59,138,60,'2013-10-25 10:02:34'),(60,137,21,'2013-10-25 10:02:59'),(61,139,6,'2013-10-25 10:03:31'),(62,142,63,'2013-10-25 10:03:58'),(63,145,2,'2013-10-25 10:04:24'),(64,146,63,'2013-10-25 10:04:49'),(65,149,39,'2013-10-25 10:05:16'),(66,152,2,'2013-10-25 10:05:42'),(67,155,22,'2013-10-25 10:06:11'),(68,156,11,'2013-10-25 10:06:29'),(69,157,21,'2013-10-25 10:07:24'),(70,158,60,'2013-10-25 10:08:01'),(71,161,72,'2013-10-25 10:08:40'),(72,160,64,'2013-10-25 10:08:41'),(73,165,26,'2013-10-25 10:09:26'),(74,169,53,'2013-10-25 10:09:52'),(75,168,5,'2013-10-25 10:09:56'),(76,174,5,'2013-10-25 10:10:43'),(77,175,17,'2013-10-25 10:11:10'),(78,176,35,'2013-10-25 10:11:12'),(79,179,21,'2013-10-25 10:12:22'),(80,177,63,'2013-10-25 10:12:35'),(81,178,8,'2013-10-25 10:13:23'),(82,181,70,'2013-10-25 10:13:35'),(83,184,84,'2013-10-25 10:13:45'),(84,185,17,'2013-10-25 10:14:31'),(85,188,38,'2013-10-25 10:14:49'),(86,190,20,'2013-10-25 10:15:02'),(87,195,81,'2013-10-25 10:16:09'),(88,196,39,'2013-10-25 10:16:20'),(89,198,61,'2013-10-25 10:17:30'),(90,197,90,'2013-10-25 10:17:30'),(91,200,16,'2013-10-25 10:18:42'),(92,202,32,'2013-10-25 10:18:42'),(93,203,66,'2013-10-25 10:18:46'),(94,207,47,'2013-10-25 10:19:40'),(95,211,26,'2013-10-25 10:20:04'),(96,210,30,'2013-10-25 10:20:04'),(97,215,52,'2013-10-25 10:21:22'),(98,216,81,'2013-10-25 10:21:27'),(99,218,36,'2013-10-25 10:22:39'),(100,217,28,'2013-10-25 10:22:46'),(101,220,24,'2013-10-25 10:24:01'),(102,219,72,'2013-10-25 10:24:03'),(103,221,48,'2013-10-25 10:25:09'),(104,224,33,'2013-10-25 10:25:17'),(105,222,66,'2013-10-25 10:26:24'),(106,223,81,'2013-10-25 10:27:38'),(107,225,40,'2013-10-25 10:28:59'),(108,226,76,'2013-10-25 10:30:17');
/*!40000 ALTER TABLE `microaction_comment_love` ENABLE KEYS */;
UNLOCK TABLES;

--
-- Table structure for table `microaction_love`
--

DROP TABLE IF EXISTS `microaction_love`;
/*!40101 SET @saved_cs_client     = @@character_set_client */;
/*!40101 SET character_set_client = utf8 */;
CREATE TABLE `microaction_love` (
  `id` int(11) NOT NULL AUTO_INCREMENT,
  `user_id` int(11) DEFAULT NULL,
  `microaction_id` int(11) DEFAULT NULL,
  `date` datetime NOT NULL,
  PRIMARY KEY (`id`),
  UNIQUE KEY `MICROACTION_USER` (`user_id`,`microaction_id`),
  KEY `IDX_D2CA1CBCA76ED395` (`user_id`),
  KEY `IDX_D2CA1CBCC1AFB8AF` (`microaction_id`),
  CONSTRAINT `FK_D2CA1CBCC1AFB8AF` FOREIGN KEY (`microaction_id`) REFERENCES `microaction` (`id`) ON DELETE CASCADE,
  CONSTRAINT `FK_D2CA1CBCA76ED395` FOREIGN KEY (`user_id`) REFERENCES `user` (`id`)
) ENGINE=InnoDB AUTO_INCREMENT=109 DEFAULT CHARSET=utf8 COLLATE=utf8_unicode_ci;
/*!40101 SET character_set_client = @saved_cs_client */;

--
-- Dumping data for table `microaction_love`
--

LOCK TABLES `microaction_love` WRITE;
/*!40000 ALTER TABLE `microaction_love` DISABLE KEYS */;
INSERT INTO `microaction_love` VALUES (1,3,2,'2013-10-25 09:25:43'),(2,8,44,'2013-10-25 09:26:43'),(3,13,3,'2013-10-25 09:27:26'),(4,15,44,'2013-10-25 09:28:25'),(5,16,43,'2013-10-25 09:29:15'),(6,17,43,'2013-10-25 09:30:15'),(7,19,40,'2013-10-25 09:30:47'),(8,23,42,'2013-10-25 09:31:18'),(9,28,3,'2013-10-25 09:33:36'),(10,33,3,'2013-10-25 09:34:28'),(11,37,3,'2013-10-25 09:35:33'),(12,40,45,'2013-10-25 09:36:38'),(13,41,3,'2013-10-25 09:37:46'),(14,42,2,'2013-10-25 09:38:35'),(15,45,45,'2013-10-25 09:38:52'),(16,49,42,'2013-10-25 09:39:50'),(17,50,41,'2013-10-25 09:40:01'),(18,56,3,'2013-10-25 09:41:00'),(19,58,39,'2013-10-25 09:41:12'),(20,57,3,'2013-10-25 09:42:27'),(21,59,44,'2013-10-25 09:42:27'),(22,61,45,'2013-10-25 09:43:33'),(23,62,45,'2013-10-25 09:43:45'),(24,64,45,'2013-10-25 09:43:46'),(25,68,41,'2013-10-25 09:44:45'),(26,70,40,'2013-10-25 09:45:04'),(27,75,1,'2013-10-25 09:46:06'),(28,76,42,'2013-10-25 09:46:17'),(29,77,3,'2013-10-25 09:47:21'),(30,78,43,'2013-10-25 09:47:29'),(31,79,41,'2013-10-25 09:48:31'),(32,81,42,'2013-10-25 09:48:33'),(33,83,45,'2013-10-25 09:48:36'),(34,91,41,'2013-10-25 09:49:50'),(35,89,43,'2013-10-25 09:49:51'),(36,88,1,'2013-10-25 09:49:55'),(37,96,40,'2013-10-25 09:51:03'),(38,95,40,'2013-10-25 09:51:23'),(39,97,43,'2013-10-25 09:52:15'),(40,98,41,'2013-10-25 09:52:33'),(41,99,45,'2013-10-25 09:53:17'),(42,102,45,'2013-10-25 09:53:33'),(43,101,1,'2013-10-25 09:53:51'),(44,107,2,'2013-10-25 09:54:33'),(45,109,44,'2013-10-25 09:54:44'),(46,111,2,'2013-10-25 09:55:11'),(47,116,3,'2013-10-25 09:55:48'),(48,115,1,'2013-10-25 09:55:51'),(49,117,42,'2013-10-25 09:56:48'),(50,118,1,'2013-10-25 09:57:12'),(51,119,1,'2013-10-25 09:58:12'),(52,120,2,'2013-10-25 09:58:31'),(53,121,3,'2013-10-25 09:58:36'),(54,126,42,'2013-10-25 09:59:37'),(55,128,2,'2013-10-25 09:59:53'),(56,129,1,'2013-10-25 09:59:53'),(57,135,45,'2013-10-25 10:01:20'),(58,136,39,'2013-10-25 10:01:34'),(59,138,41,'2013-10-25 10:02:32'),(60,137,3,'2013-10-25 10:02:56'),(61,139,43,'2013-10-25 10:03:28'),(62,142,44,'2013-10-25 10:03:57'),(63,145,44,'2013-10-25 10:04:22'),(64,146,44,'2013-10-25 10:04:47'),(65,149,40,'2013-10-25 10:05:12'),(66,152,44,'2013-10-25 10:05:37'),(67,155,44,'2013-10-25 10:06:09'),(68,156,3,'2013-10-25 10:06:24'),(69,157,3,'2013-10-25 10:07:22'),(70,158,41,'2013-10-25 10:07:58'),(71,161,45,'2013-10-25 10:08:35'),(72,160,44,'2013-10-25 10:08:37'),(73,165,41,'2013-10-25 10:09:24'),(74,169,2,'2013-10-25 10:09:50'),(75,168,43,'2013-10-25 10:09:54'),(76,174,43,'2013-10-25 10:10:42'),(77,175,42,'2013-10-25 10:11:05'),(78,176,41,'2013-10-25 10:11:08'),(79,179,3,'2013-10-25 10:12:20'),(80,177,44,'2013-10-25 10:12:31'),(81,178,42,'2013-10-25 10:13:17'),(82,181,3,'2013-10-25 10:13:32'),(83,184,2,'2013-10-25 10:13:43'),(84,185,42,'2013-10-25 10:14:28'),(85,188,40,'2013-10-25 10:14:47'),(86,190,39,'2013-10-25 10:14:58'),(87,195,44,'2013-10-25 10:16:06'),(88,196,40,'2013-10-25 10:16:17'),(89,198,3,'2013-10-25 10:17:29'),(90,197,1,'2013-10-25 10:17:29'),(91,200,45,'2013-10-25 10:18:39'),(92,202,42,'2013-10-25 10:18:42'),(93,203,40,'2013-10-25 10:18:45'),(94,207,2,'2013-10-25 10:19:37'),(95,210,3,'2013-10-25 10:20:01'),(96,211,41,'2013-10-25 10:20:03'),(97,215,1,'2013-10-25 10:21:17'),(98,216,44,'2013-10-25 10:21:26'),(99,218,43,'2013-10-25 10:22:37'),(100,217,1,'2013-10-25 10:22:45'),(101,220,45,'2013-10-25 10:23:58'),(102,219,45,'2013-10-25 10:23:59'),(103,221,3,'2013-10-25 10:25:05'),(104,224,41,'2013-10-25 10:25:13'),(105,222,40,'2013-10-25 10:26:22'),(106,223,44,'2013-10-25 10:27:35'),(107,225,43,'2013-10-25 10:28:53'),(108,226,43,'2013-10-25 10:30:14');
/*!40000 ALTER TABLE `microaction_love` ENABLE KEYS */;
UNLOCK TABLES;

--
-- Table structure for table `microaction_objective`
--

DROP TABLE IF EXISTS `microaction_objective`;
/*!40101 SET @saved_cs_client     = @@character_set_client */;
/*!40101 SET character_set_client = utf8 */;
CREATE TABLE `microaction_objective` (
  `id` int(11) NOT NULL AUTO_INCREMENT,
  `microaction_id` int(11) DEFAULT NULL,
  `objective_id` int(11) DEFAULT NULL,
  PRIMARY KEY (`id`),
  KEY `IDX_1D6E10D4C1AFB8AF` (`microaction_id`),
  KEY `IDX_1D6E10D473484933` (`objective_id`),
  CONSTRAINT `FK_1D6E10D473484933` FOREIGN KEY (`objective_id`) REFERENCES `objective` (`id`),
  CONSTRAINT `FK_1D6E10D4C1AFB8AF` FOREIGN KEY (`microaction_id`) REFERENCES `microaction` (`id`) ON DELETE CASCADE
) ENGINE=InnoDB AUTO_INCREMENT=247 DEFAULT CHARSET=utf8 COLLATE=utf8_unicode_ci;
/*!40101 SET character_set_client = @saved_cs_client */;

--
-- Dumping data for table `microaction_objective`
--

LOCK TABLES `microaction_objective` WRITE;
/*!40000 ALTER TABLE `microaction_objective` DISABLE KEYS */;
INSERT INTO `microaction_objective` VALUES (1,1,6),(2,2,7),(3,3,8),(7,7,6),(8,8,6),(9,9,7),(10,10,2),(11,11,8),(12,12,7),(13,13,1),(14,14,1),(15,15,6),(16,16,5),(17,17,6),(18,18,1),(19,19,2),(20,20,7),(21,21,2),(22,22,2),(23,23,1),(24,24,6),(25,25,8),(26,26,1),(27,27,5),(28,28,7),(29,29,5),(30,30,2),(31,31,2),(32,32,5),(33,33,8),(34,34,1),(35,35,5),(36,36,8),(37,37,6),(38,38,6),(39,39,1),(40,40,5),(41,41,1),(42,42,6),(43,43,8),(44,44,6),(45,45,8),(46,46,6),(47,47,7),(48,48,2),(49,49,7),(50,50,5),(51,51,8),(52,52,1),(53,53,8),(54,54,8),(55,55,5),(56,56,7),(57,57,6),(58,58,5),(59,59,8),(60,60,7),(61,61,5),(62,62,1),(63,63,2),(64,64,2),(65,65,8),(66,66,6),(67,67,7),(68,68,2),(69,69,1),(70,70,8),(71,71,6),(72,72,2),(73,73,7),(74,74,8),(75,75,2),(76,76,2),(77,77,5),(78,78,5),(79,79,7),(80,80,8),(81,81,5),(82,82,5),(83,83,5),(84,84,7),(85,85,1),(86,86,8),(87,87,6),(88,88,1),(89,89,2),(90,90,5),(91,91,5),(92,92,7),(93,93,5),(94,94,2),(95,95,7),(96,96,1),(97,97,2),(98,98,5),(99,99,6),(100,100,5),(101,101,2),(102,102,2),(103,103,1),(104,104,2),(105,105,6),(106,106,6),(107,107,1),(108,108,8),(109,109,8),(110,110,1),(111,111,6),(112,112,8),(113,113,2),(114,114,7),(115,115,1),(116,116,8),(117,117,2),(118,118,7),(119,119,5),(120,120,7),(121,121,5),(122,122,7),(123,123,5),(124,124,5),(125,125,7),(126,126,2),(127,127,2),(128,128,8),(129,129,1),(130,130,8),(131,131,8),(132,132,5),(133,133,7),(134,134,6),(135,135,5),(136,136,5),(137,137,7),(138,138,7),(139,139,6),(140,140,2),(141,141,5),(142,142,7),(143,143,8),(144,144,5),(145,145,7),(146,146,2),(147,147,6),(148,148,6),(149,149,5),(150,150,2),(151,151,7),(152,152,1),(153,153,2),(154,154,2),(155,155,7),(156,156,8),(157,157,1),(158,158,5),(159,159,2),(160,160,7),(161,161,8),(162,162,1),(163,163,2),(164,164,1),(165,165,5),(166,166,2),(167,167,2),(168,168,2),(169,169,5),(170,170,2),(171,171,2),(172,172,2),(173,173,1),(174,174,2),(175,175,7),(176,176,2),(177,177,5),(178,178,8),(179,179,7),(180,180,7),(181,181,6),(182,182,8),(183,183,7),(184,184,8),(185,185,1),(186,186,8),(187,187,2),(188,188,6),(189,189,7),(190,190,6),(191,191,5),(192,192,8),(193,193,6),(194,194,5),(195,195,7),(196,196,5),(197,197,6),(198,198,6),(199,199,1),(200,200,7),(201,201,1),(202,202,2),(203,203,1),(204,204,8),(205,205,6),(206,206,2),(207,207,7),(208,208,7),(209,209,8),(210,210,7),(211,211,7),(212,212,2),(213,213,7),(214,214,7),(215,215,5),(216,216,7),(217,217,7),(218,218,7),(219,219,7),(220,220,6),(221,221,2),(222,222,8),(223,223,5),(224,224,8),(225,225,1),(226,226,6),(227,227,2),(228,228,5),(229,229,6),(230,230,5),(231,231,5),(232,232,6),(233,233,5),(234,234,8),(235,235,5),(236,236,8),(237,237,8),(238,238,7),(239,239,7),(240,240,7),(241,241,6),(242,242,2),(243,243,2),(244,244,2),(245,245,6),(246,246,1);
/*!40000 ALTER TABLE `microaction_objective` ENABLE KEYS */;
UNLOCK TABLES;

--
-- Table structure for table `microaction_photo_flag`
--

DROP TABLE IF EXISTS `microaction_photo_flag`;
/*!40101 SET @saved_cs_client     = @@character_set_client */;
/*!40101 SET character_set_client = utf8 */;
CREATE TABLE `microaction_photo_flag` (
  `id` int(11) NOT NULL AUTO_INCREMENT,
  `user_id` int(11) DEFAULT NULL,
  `usermicroaction_id` int(11) DEFAULT NULL,
  `text` varchar(255) COLLATE utf8_unicode_ci DEFAULT NULL,
  `publish_date` datetime NOT NULL,
  `readstate` enum('0','1') COLLATE utf8_unicode_ci NOT NULL COMMENT '(DC2Type:flag_enum)',
  PRIMARY KEY (`id`),
  KEY `IDX_A6D887D4A76ED395` (`user_id`),
  KEY `IDX_A6D887D4807155D1` (`usermicroaction_id`),
  CONSTRAINT `FK_A6D887D4807155D1` FOREIGN KEY (`usermicroaction_id`) REFERENCES `user_microaction` (`id`) ON DELETE CASCADE,
  CONSTRAINT `FK_A6D887D4A76ED395` FOREIGN KEY (`user_id`) REFERENCES `user` (`id`)
) ENGINE=InnoDB AUTO_INCREMENT=99 DEFAULT CHARSET=utf8 COLLATE=utf8_unicode_ci;
/*!40101 SET character_set_client = @saved_cs_client */;

--
-- Dumping data for table `microaction_photo_flag`
--

LOCK TABLES `microaction_photo_flag` WRITE;
/*!40000 ALTER TABLE `microaction_photo_flag` DISABLE KEYS */;
INSERT INTO `microaction_photo_flag` VALUES (1,37,3015,'flag_ruod','2013-10-25 09:36:11','0'),(2,40,3015,'flag_jwpa','2013-10-25 09:37:17','0'),(3,41,3015,'flag_rmys','2013-10-25 09:38:26','0'),(4,42,3015,'flag_rcrw','2013-10-25 09:39:23','0'),(5,45,3015,'flag_sodu','2013-10-25 09:39:31','0'),(6,49,3015,'flag_heak','2013-10-25 09:40:29','0'),(7,50,3015,'flag_iowe','2013-10-25 09:40:42','0'),(8,56,3015,'flag_nqvw','2013-10-25 09:41:52','0'),(9,58,3015,'flag_lgxs','2013-10-25 09:41:52','0'),(10,59,3015,'flag_wjzb','2013-10-25 09:43:13','0'),(11,57,3015,'flag_fgkw','2013-10-25 09:43:14','0'),(12,61,3015,'flag_qiok','2013-10-25 09:44:19','0'),(13,64,3015,'flag_xedy','2013-10-25 09:44:31','0'),(14,62,3015,'flag_icum','2013-10-25 09:44:34','0'),(15,68,3015,'flag_eabc','2013-10-25 09:45:31','0'),(16,70,3015,'flag_dosq','2013-10-25 09:45:48','0'),(17,76,3024,'flag_bdal','2013-10-25 09:46:51','0'),(18,75,3024,'flag_uvmn','2013-10-25 09:46:57','0'),(19,77,3024,'flag_aryk','2013-10-25 09:48:03','0'),(20,78,3024,'flag_admk','2013-10-25 09:48:07','0'),(21,79,3024,'flag_viev','2013-10-25 09:49:15','0'),(22,83,3024,'flag_ywqd','2013-10-25 09:49:23','0'),(23,81,3024,'flag_xbxc','2013-10-25 09:49:27','0'),(24,89,3024,'flag_gdwl','2013-10-25 09:50:30','0'),(25,91,3024,'flag_aldz','2013-10-25 09:50:42','0'),(26,88,3024,'flag_owkc','2013-10-25 09:50:46','0'),(27,96,3024,'flag_swsg','2013-10-25 09:51:43','0'),(28,95,3042,'flag_ajts','2013-10-25 09:51:58','0'),(29,97,3042,'flag_akrh','2013-10-25 09:52:49','0'),(30,98,3042,'flag_clbl','2013-10-25 09:53:22','0'),(31,99,3042,'flag_pnal','2013-10-25 09:54:05','0'),(32,102,3042,'flag_qvqr','2013-10-25 09:54:17','0'),(33,101,3042,'flag_qcxq','2013-10-25 09:54:41','0'),(34,107,3042,'flag_uvih','2013-10-25 09:55:17','0'),(35,109,3042,'flag_jpzf','2013-10-25 09:55:19','0'),(36,111,3042,'flag_mqnz','2013-10-25 09:55:59','0'),(37,116,3042,'flag_wymo','2013-10-25 09:56:26','0'),(38,115,3042,'flag_mjdm','2013-10-25 09:56:41','0'),(39,117,3024,'flag_bqve','2013-10-25 09:57:34','0'),(40,118,3024,'flag_viav','2013-10-25 09:57:55','0'),(41,119,3024,'flag_vena','2013-10-25 09:59:03','0'),(42,120,3024,'flag_qdkr','2013-10-25 09:59:15','0'),(43,121,3024,'flag_gcvh','2013-10-25 09:59:27','0'),(44,126,3024,'flag_trmk','2013-10-25 10:00:29','0'),(45,129,3024,'flag_bdar','2013-10-25 10:00:49','0'),(46,128,3024,'flag_ikza','2013-10-25 10:00:53','0'),(47,135,3024,'flag_txaf','2013-10-25 10:02:03','0'),(48,136,3024,'flag_dqdl','2013-10-25 10:02:28','0'),(49,138,3026,'flag_lxzl','2013-10-25 10:03:24','0'),(50,137,3026,'flag_uvps','2013-10-25 10:03:46','0'),(51,139,3026,'flag_bfcf','2013-10-25 10:04:18','0'),(52,142,3026,'flag_nzyw','2013-10-25 10:04:39','0'),(53,145,3026,'flag_squq','2013-10-25 10:05:13','0'),(54,146,3026,'flag_mtxv','2013-10-25 10:05:33','0'),(55,149,3026,'flag_ixik','2013-10-25 10:05:58','0'),(56,152,3026,'flag_zoxs','2013-10-25 10:06:18','0'),(57,155,3026,'flag_izmh','2013-10-25 10:06:49','0'),(58,156,3026,'flag_yfwe','2013-10-25 10:07:22','0'),(59,157,3026,'flag_ditb','2013-10-25 10:08:06','0'),(60,158,3026,'flag_mmxk','2013-10-25 10:08:49','0'),(61,161,3026,'flag_scsk','2013-10-25 10:09:21','0'),(62,160,3026,'flag_udfi','2013-10-25 10:09:27','0'),(63,165,3026,'flag_gzmk','2013-10-25 10:10:13','0'),(64,168,3026,'flag_rdow','2013-10-25 10:10:36','0'),(65,169,3026,'flag_ijyc','2013-10-25 10:10:38','0'),(66,174,3026,'flag_felo','2013-10-25 10:11:32','0'),(67,175,3026,'flag_smrd','2013-10-25 10:11:53','0'),(68,176,3026,'flag_qwyn','2013-10-25 10:11:53','0'),(69,179,3026,'flag_wjux','2013-10-25 10:12:53','0'),(70,177,3026,'flag_xnis','2013-10-25 10:13:15','0'),(71,178,3024,'flag_zmgd','2013-10-25 10:13:55','0'),(72,181,3024,'flag_rybd','2013-10-25 10:14:16','0'),(73,184,3024,'flag_rzib','2013-10-25 10:14:28','0'),(74,185,3024,'flag_pdxd','2013-10-25 10:15:07','0'),(75,188,3024,'flag_kuuz','2013-10-25 10:15:36','0'),(76,190,3024,'flag_bgpy','2013-10-25 10:15:37','0'),(77,195,3024,'flag_rzmp','2013-10-25 10:16:51','0'),(78,196,3024,'flag_ukbb','2013-10-25 10:17:03','0'),(79,198,3024,'flag_tbss','2013-10-25 10:18:11','0'),(80,197,3024,'flag_woye','2013-10-25 10:18:19','0'),(81,202,3024,'flag_hiwz','2013-10-25 10:19:09','0'),(82,200,3024,'flag_gugi','2013-10-25 10:19:28','0'),(83,203,3024,'flag_bimf','2013-10-25 10:19:29','0'),(84,207,3024,'flag_bymd','2013-10-25 10:20:26','0'),(85,210,3024,'flag_cotf','2013-10-25 10:20:50','0'),(86,211,3024,'flag_qrgw','2013-10-25 10:20:52','0'),(87,216,3024,'flag_tjfm','2013-10-25 10:22:07','0'),(88,215,3024,'flag_fkvb','2013-10-25 10:22:11','0'),(89,218,3024,'flag_adba','2013-10-25 10:23:18','0'),(90,217,3024,'flag_lzyj','2013-10-25 10:23:27','0'),(91,220,3018,'flag_kjun','2013-10-25 10:24:37','0'),(92,219,3018,'flag_nlud','2013-10-25 10:24:52','0'),(93,221,3018,'flag_ywts','2013-10-25 10:25:53','0'),(94,224,3018,'flag_hncy','2013-10-25 10:25:54','0'),(95,222,3018,'flag_kpxv','2013-10-25 10:26:54','0'),(96,223,3018,'flag_drcm','2013-10-25 10:28:25','0'),(97,225,3048,'flag_ziwe','2013-10-25 10:29:41','0'),(98,226,3048,'flag_dpdx','2013-10-25 10:30:56','0');
/*!40000 ALTER TABLE `microaction_photo_flag` ENABLE KEYS */;
UNLOCK TABLES;

--
-- Table structure for table `microaction_translation`
--

DROP TABLE IF EXISTS `microaction_translation`;
/*!40101 SET @saved_cs_client     = @@character_set_client */;
/*!40101 SET character_set_client = utf8 */;
CREATE TABLE `microaction_translation` (
  `id` int(11) NOT NULL AUTO_INCREMENT,
  `microaction_id` int(11) DEFAULT NULL,
  `locale` varchar(8) COLLATE utf8_unicode_ci NOT NULL,
  `field` varchar(32) COLLATE utf8_unicode_ci NOT NULL,
  `content` longtext COLLATE utf8_unicode_ci,
  PRIMARY KEY (`id`),
  UNIQUE KEY `unique_microaction_translation_idx` (`locale`,`microaction_id`,`field`),
  KEY `IDX_9F2B0223C1AFB8AF` (`microaction_id`),
  CONSTRAINT `FK_9F2B0223C1AFB8AF` FOREIGN KEY (`microaction_id`) REFERENCES `microaction` (`id`) ON DELETE CASCADE
) ENGINE=InnoDB AUTO_INCREMENT=1465 DEFAULT CHARSET=utf8 COLLATE=utf8_unicode_ci;
/*!40101 SET character_set_client = @saved_cs_client */;

--
-- Dumping data for table `microaction_translation`
--

LOCK TABLES `microaction_translation` WRITE;
/*!40000 ALTER TABLE `microaction_translation` DISABLE KEYS */;
INSERT INTO `microaction_translation` VALUES (1,1,'en_EN','name','Nice to meet you! Please take a photo of yourself!'),(2,1,'fr_FR','name','Salut! Partagez une photo de vous pour votre profile'),(3,1,'zh_CN','name','很高兴认识你！请给你自己照张照片吧！'),(4,2,'en_EN','name','Tell me more about you! How old are you?'),(5,2,'fr_FR','name','Parlez nous un peu de vous. Quel âge avez-vous?'),(6,2,'zh_CN','name','多说些你的情况！你多大了？'),(7,3,'en_EN','name','Where are you from? Share your location'),(8,3,'fr_FR','name','Où êtes-vous situé? Partagez votre emplacement'),(9,3,'zh_CN','name','你来自哪里？分享你的位置'),(25,7,'fr_FR','name',NULL),(26,7,'fr_FR','tags',NULL),(27,7,'fr_FR','twDefaultText',NULL),(28,7,'zh_CN','name',NULL),(29,7,'zh_CN','tags',NULL),(30,7,'zh_CN','twDefaultText',NULL),(31,8,'fr_FR','name',NULL),(32,8,'fr_FR','tags',NULL),(33,8,'fr_FR','twDefaultText',NULL),(34,8,'zh_CN','name',NULL),(35,8,'zh_CN','tags',NULL),(36,8,'zh_CN','twDefaultText',NULL),(37,9,'fr_FR','name',NULL),(38,9,'fr_FR','tags',NULL),(39,9,'fr_FR','twDefaultText',NULL),(40,9,'zh_CN','name',NULL),(41,9,'zh_CN','tags',NULL),(42,9,'zh_CN','twDefaultText',NULL),(43,10,'fr_FR','name',NULL),(44,10,'fr_FR','tags',NULL),(45,10,'fr_FR','twDefaultText',NULL),(46,10,'zh_CN','name',NULL),(47,10,'zh_CN','tags',NULL),(48,10,'zh_CN','twDefaultText',NULL),(49,11,'fr_FR','name',NULL),(50,11,'fr_FR','tags',NULL),(51,11,'fr_FR','twDefaultText',NULL),(52,11,'zh_CN','name',NULL),(53,11,'zh_CN','tags',NULL),(54,11,'zh_CN','twDefaultText',NULL),(55,12,'fr_FR','name',NULL),(56,12,'fr_FR','tags',NULL),(57,12,'fr_FR','twDefaultText',NULL),(58,12,'zh_CN','name',NULL),(59,12,'zh_CN','tags',NULL),(60,12,'zh_CN','twDefaultText',NULL),(61,13,'fr_FR','name',NULL),(62,13,'fr_FR','tags',NULL),(63,13,'fr_FR','twDefaultText',NULL),(64,13,'zh_CN','name',NULL),(65,13,'zh_CN','tags',NULL),(66,13,'zh_CN','twDefaultText',NULL),(67,14,'fr_FR','name',NULL),(68,14,'fr_FR','tags',NULL),(69,14,'fr_FR','twDefaultText',NULL),(70,14,'zh_CN','name',NULL),(71,14,'zh_CN','tags',NULL),(72,14,'zh_CN','twDefaultText',NULL),(73,15,'fr_FR','name',NULL),(74,15,'fr_FR','tags',NULL),(75,15,'fr_FR','twDefaultText',NULL),(76,15,'zh_CN','name',NULL),(77,15,'zh_CN','tags',NULL),(78,15,'zh_CN','twDefaultText',NULL),(79,16,'fr_FR','name',NULL),(80,16,'fr_FR','tags',NULL),(81,16,'fr_FR','twDefaultText',NULL),(82,16,'zh_CN','name',NULL),(83,16,'zh_CN','tags',NULL),(84,16,'zh_CN','twDefaultText',NULL),(85,17,'fr_FR','name',NULL),(86,17,'fr_FR','tags',NULL),(87,17,'fr_FR','twDefaultText',NULL),(88,17,'zh_CN','name',NULL),(89,17,'zh_CN','tags',NULL),(90,17,'zh_CN','twDefaultText',NULL),(91,18,'fr_FR','name',NULL),(92,18,'fr_FR','tags',NULL),(93,18,'fr_FR','twDefaultText',NULL),(94,18,'zh_CN','name',NULL),(95,18,'zh_CN','tags',NULL),(96,18,'zh_CN','twDefaultText',NULL),(97,19,'fr_FR','name',NULL),(98,19,'fr_FR','tags',NULL),(99,19,'fr_FR','twDefaultText',NULL),(100,19,'zh_CN','name',NULL),(101,19,'zh_CN','tags',NULL),(102,19,'zh_CN','twDefaultText',NULL),(103,20,'fr_FR','name',NULL),(104,20,'fr_FR','tags',NULL),(105,20,'fr_FR','twDefaultText',NULL),(106,20,'zh_CN','name',NULL),(107,20,'zh_CN','tags',NULL),(108,20,'zh_CN','twDefaultText',NULL),(109,21,'fr_FR','name',NULL),(110,21,'fr_FR','tags',NULL),(111,21,'fr_FR','twDefaultText',NULL),(112,21,'zh_CN','name',NULL),(113,21,'zh_CN','tags',NULL),(114,21,'zh_CN','twDefaultText',NULL),(115,22,'fr_FR','name',NULL),(116,22,'fr_FR','tags',NULL),(117,22,'fr_FR','twDefaultText',NULL),(118,22,'zh_CN','name',NULL),(119,22,'zh_CN','tags',NULL),(120,22,'zh_CN','twDefaultText',NULL),(121,23,'fr_FR','name',NULL),(122,23,'fr_FR','tags',NULL),(123,23,'fr_FR','twDefaultText',NULL),(124,23,'zh_CN','name',NULL),(125,23,'zh_CN','tags',NULL),(126,23,'zh_CN','twDefaultText',NULL),(127,24,'fr_FR','name',NULL),(128,24,'fr_FR','tags',NULL),(129,24,'fr_FR','twDefaultText',NULL),(130,24,'zh_CN','name',NULL),(131,24,'zh_CN','tags',NULL),(132,24,'zh_CN','twDefaultText',NULL),(133,25,'fr_FR','name',NULL),(134,25,'fr_FR','tags',NULL),(135,25,'fr_FR','twDefaultText',NULL),(136,25,'zh_CN','name',NULL),(137,25,'zh_CN','tags',NULL),(138,25,'zh_CN','twDefaultText',NULL),(139,26,'fr_FR','name',NULL),(140,26,'fr_FR','tags',NULL),(141,26,'fr_FR','twDefaultText',NULL),(142,26,'zh_CN','name',NULL),(143,26,'zh_CN','tags',NULL),(144,26,'zh_CN','twDefaultText',NULL),(145,27,'fr_FR','name',NULL),(146,27,'fr_FR','tags',NULL),(147,27,'fr_FR','twDefaultText',NULL),(148,27,'zh_CN','name',NULL),(149,27,'zh_CN','tags',NULL),(150,27,'zh_CN','twDefaultText',NULL),(151,28,'fr_FR','name',NULL),(152,28,'fr_FR','tags',NULL),(153,28,'fr_FR','twDefaultText',NULL),(154,28,'zh_CN','name',NULL),(155,28,'zh_CN','tags',NULL),(156,28,'zh_CN','twDefaultText',NULL),(157,29,'fr_FR','name',NULL),(158,29,'fr_FR','tags',NULL),(159,29,'fr_FR','twDefaultText',NULL),(160,29,'zh_CN','name',NULL),(161,29,'zh_CN','tags',NULL),(162,29,'zh_CN','twDefaultText',NULL),(163,30,'fr_FR','name',NULL),(164,30,'fr_FR','tags',NULL),(165,30,'fr_FR','twDefaultText',NULL),(166,30,'zh_CN','name',NULL),(167,30,'zh_CN','tags',NULL),(168,30,'zh_CN','twDefaultText',NULL),(169,31,'fr_FR','name',NULL),(170,31,'fr_FR','tags',NULL),(171,31,'fr_FR','twDefaultText',NULL),(172,31,'zh_CN','name',NULL),(173,31,'zh_CN','tags',NULL),(174,31,'zh_CN','twDefaultText',NULL),(175,32,'fr_FR','name',NULL),(176,32,'fr_FR','tags',NULL),(177,32,'fr_FR','twDefaultText',NULL),(178,32,'zh_CN','name',NULL),(179,32,'zh_CN','tags',NULL),(180,32,'zh_CN','twDefaultText',NULL),(181,33,'fr_FR','name',NULL),(182,33,'fr_FR','tags',NULL),(183,33,'fr_FR','twDefaultText',NULL),(184,33,'zh_CN','name',NULL),(185,33,'zh_CN','tags',NULL),(186,33,'zh_CN','twDefaultText',NULL),(187,34,'fr_FR','name',NULL),(188,34,'fr_FR','tags',NULL),(189,34,'fr_FR','twDefaultText',NULL),(190,34,'zh_CN','name',NULL),(191,34,'zh_CN','tags',NULL),(192,34,'zh_CN','twDefaultText',NULL),(193,35,'fr_FR','name',NULL),(194,35,'fr_FR','tags',NULL),(195,35,'fr_FR','twDefaultText',NULL),(196,35,'zh_CN','name',NULL),(197,35,'zh_CN','tags',NULL),(198,35,'zh_CN','twDefaultText',NULL),(199,36,'fr_FR','name',NULL),(200,36,'fr_FR','tags',NULL),(201,36,'fr_FR','twDefaultText',NULL),(202,36,'zh_CN','name',NULL),(203,36,'zh_CN','tags',NULL),(204,36,'zh_CN','twDefaultText',NULL),(205,37,'fr_FR','name',NULL),(206,37,'fr_FR','tags',NULL),(207,37,'fr_FR','twDefaultText',NULL),(208,37,'zh_CN','name',NULL),(209,37,'zh_CN','tags',NULL),(210,37,'zh_CN','twDefaultText',NULL),(211,38,'fr_FR','name',NULL),(212,38,'fr_FR','tags',NULL),(213,38,'fr_FR','twDefaultText',NULL),(214,38,'zh_CN','name',NULL),(215,38,'zh_CN','tags',NULL),(216,38,'zh_CN','twDefaultText',NULL),(217,39,'fr_FR','name',NULL),(218,39,'fr_FR','tags',NULL),(219,39,'fr_FR','twDefaultText',NULL),(220,39,'zh_CN','name',NULL),(221,39,'zh_CN','tags',NULL),(222,39,'zh_CN','twDefaultText',NULL),(223,40,'fr_FR','name',NULL),(224,40,'fr_FR','tags',NULL),(225,40,'fr_FR','twDefaultText',NULL),(226,40,'zh_CN','name',NULL),(227,40,'zh_CN','tags',NULL),(228,40,'zh_CN','twDefaultText',NULL),(229,41,'fr_FR','name',NULL),(230,41,'fr_FR','tags',NULL),(231,41,'fr_FR','twDefaultText',NULL),(232,41,'zh_CN','name',NULL),(233,41,'zh_CN','tags',NULL),(234,41,'zh_CN','twDefaultText',NULL),(235,42,'fr_FR','name',NULL),(236,42,'fr_FR','tags',NULL),(237,42,'fr_FR','twDefaultText',NULL),(238,42,'zh_CN','name',NULL),(239,42,'zh_CN','tags',NULL),(240,42,'zh_CN','twDefaultText',NULL),(241,43,'fr_FR','name',NULL),(242,43,'fr_FR','tags',NULL),(243,43,'fr_FR','twDefaultText',NULL),(244,43,'zh_CN','name',NULL),(245,43,'zh_CN','tags',NULL),(246,43,'zh_CN','twDefaultText',NULL),(247,44,'fr_FR','name',NULL),(248,44,'fr_FR','tags',NULL),(249,44,'fr_FR','twDefaultText',NULL),(250,44,'zh_CN','name',NULL),(251,44,'zh_CN','tags',NULL),(252,44,'zh_CN','twDefaultText',NULL),(253,45,'fr_FR','name',NULL),(254,45,'fr_FR','tags',NULL),(255,45,'fr_FR','twDefaultText',NULL),(256,45,'zh_CN','name',NULL),(257,45,'zh_CN','tags',NULL),(258,45,'zh_CN','twDefaultText',NULL),(259,46,'fr_FR','name',NULL),(260,46,'fr_FR','tags',NULL),(261,46,'fr_FR','twDefaultText',NULL),(262,46,'zh_CN','name',NULL),(263,46,'zh_CN','tags',NULL),(264,46,'zh_CN','twDefaultText',NULL),(265,47,'fr_FR','name',NULL),(266,47,'fr_FR','tags',NULL),(267,47,'fr_FR','twDefaultText',NULL),(268,47,'zh_CN','name',NULL),(269,47,'zh_CN','tags',NULL),(270,47,'zh_CN','twDefaultText',NULL),(271,48,'fr_FR','name',NULL),(272,48,'fr_FR','tags',NULL),(273,48,'fr_FR','twDefaultText',NULL),(274,48,'zh_CN','name',NULL),(275,48,'zh_CN','tags',NULL),(276,48,'zh_CN','twDefaultText',NULL),(277,49,'fr_FR','name',NULL),(278,49,'fr_FR','tags',NULL),(279,49,'fr_FR','twDefaultText',NULL),(280,49,'zh_CN','name',NULL),(281,49,'zh_CN','tags',NULL),(282,49,'zh_CN','twDefaultText',NULL),(283,50,'fr_FR','name',NULL),(284,50,'fr_FR','tags',NULL),(285,50,'fr_FR','twDefaultText',NULL),(286,50,'zh_CN','name',NULL),(287,50,'zh_CN','tags',NULL),(288,50,'zh_CN','twDefaultText',NULL),(289,51,'fr_FR','name',NULL),(290,51,'fr_FR','tags',NULL),(291,51,'fr_FR','twDefaultText',NULL),(292,51,'zh_CN','name',NULL),(293,51,'zh_CN','tags',NULL),(294,51,'zh_CN','twDefaultText',NULL),(295,52,'fr_FR','name',NULL),(296,52,'fr_FR','tags',NULL),(297,52,'fr_FR','twDefaultText',NULL),(298,52,'zh_CN','name',NULL),(299,52,'zh_CN','tags',NULL),(300,52,'zh_CN','twDefaultText',NULL),(301,53,'fr_FR','name',NULL),(302,53,'fr_FR','tags',NULL),(303,53,'fr_FR','twDefaultText',NULL),(304,53,'zh_CN','name',NULL),(305,53,'zh_CN','tags',NULL),(306,53,'zh_CN','twDefaultText',NULL),(307,54,'fr_FR','name',NULL),(308,54,'fr_FR','tags',NULL),(309,54,'fr_FR','twDefaultText',NULL),(310,54,'zh_CN','name',NULL),(311,54,'zh_CN','tags',NULL),(312,54,'zh_CN','twDefaultText',NULL),(313,55,'fr_FR','name',NULL),(314,55,'fr_FR','tags',NULL),(315,55,'fr_FR','twDefaultText',NULL),(316,55,'zh_CN','name',NULL),(317,55,'zh_CN','tags',NULL),(318,55,'zh_CN','twDefaultText',NULL),(319,56,'fr_FR','name',NULL),(320,56,'fr_FR','tags',NULL),(321,56,'fr_FR','twDefaultText',NULL),(322,56,'zh_CN','name',NULL),(323,56,'zh_CN','tags',NULL),(324,56,'zh_CN','twDefaultText',NULL),(325,57,'fr_FR','name',NULL),(326,57,'fr_FR','tags',NULL),(327,57,'fr_FR','twDefaultText',NULL),(328,57,'zh_CN','name',NULL),(329,57,'zh_CN','tags',NULL),(330,57,'zh_CN','twDefaultText',NULL),(331,58,'fr_FR','name',NULL),(332,58,'fr_FR','tags',NULL),(333,58,'fr_FR','twDefaultText',NULL),(334,58,'zh_CN','name',NULL),(335,58,'zh_CN','tags',NULL),(336,58,'zh_CN','twDefaultText',NULL),(337,59,'fr_FR','name',NULL),(338,59,'fr_FR','tags',NULL),(339,59,'fr_FR','twDefaultText',NULL),(340,59,'zh_CN','name',NULL),(341,59,'zh_CN','tags',NULL),(342,59,'zh_CN','twDefaultText',NULL),(343,60,'fr_FR','name',NULL),(344,60,'fr_FR','tags',NULL),(345,60,'fr_FR','twDefaultText',NULL),(346,60,'zh_CN','name',NULL),(347,60,'zh_CN','tags',NULL),(348,60,'zh_CN','twDefaultText',NULL),(349,61,'fr_FR','name',NULL),(350,61,'fr_FR','tags',NULL),(351,61,'fr_FR','twDefaultText',NULL),(352,61,'zh_CN','name',NULL),(353,61,'zh_CN','tags',NULL),(354,61,'zh_CN','twDefaultText',NULL),(355,62,'fr_FR','name',NULL),(356,62,'fr_FR','tags',NULL),(357,62,'fr_FR','twDefaultText',NULL),(358,62,'zh_CN','name',NULL),(359,62,'zh_CN','tags',NULL),(360,62,'zh_CN','twDefaultText',NULL),(361,63,'fr_FR','name',NULL),(362,63,'fr_FR','tags',NULL),(363,63,'fr_FR','twDefaultText',NULL),(364,63,'zh_CN','name',NULL),(365,63,'zh_CN','tags',NULL),(366,63,'zh_CN','twDefaultText',NULL),(367,64,'fr_FR','name',NULL),(368,64,'fr_FR','tags',NULL),(369,64,'fr_FR','twDefaultText',NULL),(370,64,'zh_CN','name',NULL),(371,64,'zh_CN','tags',NULL),(372,64,'zh_CN','twDefaultText',NULL),(373,65,'fr_FR','name',NULL),(374,65,'fr_FR','tags',NULL),(375,65,'fr_FR','twDefaultText',NULL),(376,65,'zh_CN','name',NULL),(377,65,'zh_CN','tags',NULL),(378,65,'zh_CN','twDefaultText',NULL),(379,66,'fr_FR','name',NULL),(380,66,'fr_FR','tags',NULL),(381,66,'fr_FR','twDefaultText',NULL),(382,66,'zh_CN','name',NULL),(383,66,'zh_CN','tags',NULL),(384,66,'zh_CN','twDefaultText',NULL),(385,67,'fr_FR','name',NULL),(386,67,'fr_FR','tags',NULL),(387,67,'fr_FR','twDefaultText',NULL),(388,67,'zh_CN','name',NULL),(389,67,'zh_CN','tags',NULL),(390,67,'zh_CN','twDefaultText',NULL),(391,68,'fr_FR','name',NULL),(392,68,'fr_FR','tags',NULL),(393,68,'fr_FR','twDefaultText',NULL),(394,68,'zh_CN','name',NULL),(395,68,'zh_CN','tags',NULL),(396,68,'zh_CN','twDefaultText',NULL),(397,69,'fr_FR','name',NULL),(398,69,'fr_FR','tags',NULL),(399,69,'fr_FR','twDefaultText',NULL),(400,69,'zh_CN','name',NULL),(401,69,'zh_CN','tags',NULL),(402,69,'zh_CN','twDefaultText',NULL),(403,70,'fr_FR','name',NULL),(404,70,'fr_FR','tags',NULL),(405,70,'fr_FR','twDefaultText',NULL),(406,70,'zh_CN','name',NULL),(407,70,'zh_CN','tags',NULL),(408,70,'zh_CN','twDefaultText',NULL),(409,71,'fr_FR','name',NULL),(410,71,'fr_FR','tags',NULL),(411,71,'fr_FR','twDefaultText',NULL),(412,71,'zh_CN','name',NULL),(413,71,'zh_CN','tags',NULL),(414,71,'zh_CN','twDefaultText',NULL),(415,72,'fr_FR','name',NULL),(416,72,'fr_FR','tags',NULL),(417,72,'fr_FR','twDefaultText',NULL),(418,72,'zh_CN','name',NULL),(419,72,'zh_CN','tags',NULL),(420,72,'zh_CN','twDefaultText',NULL),(421,73,'fr_FR','name',NULL),(422,73,'fr_FR','tags',NULL),(423,73,'fr_FR','twDefaultText',NULL),(424,73,'zh_CN','name',NULL),(425,73,'zh_CN','tags',NULL),(426,73,'zh_CN','twDefaultText',NULL),(427,74,'fr_FR','name',NULL),(428,74,'fr_FR','tags',NULL),(429,74,'fr_FR','twDefaultText',NULL),(430,74,'zh_CN','name',NULL),(431,74,'zh_CN','tags',NULL),(432,74,'zh_CN','twDefaultText',NULL),(433,75,'fr_FR','name',NULL),(434,75,'fr_FR','tags',NULL),(435,75,'fr_FR','twDefaultText',NULL),(436,75,'zh_CN','name',NULL),(437,75,'zh_CN','tags',NULL),(438,75,'zh_CN','twDefaultText',NULL),(439,76,'fr_FR','name',NULL),(440,76,'fr_FR','tags',NULL),(441,76,'fr_FR','twDefaultText',NULL),(442,76,'zh_CN','name',NULL),(443,76,'zh_CN','tags',NULL),(444,76,'zh_CN','twDefaultText',NULL),(445,77,'fr_FR','name',NULL),(446,77,'fr_FR','tags',NULL),(447,77,'fr_FR','twDefaultText',NULL),(448,77,'zh_CN','name',NULL),(449,77,'zh_CN','tags',NULL),(450,77,'zh_CN','twDefaultText',NULL),(451,78,'fr_FR','name',NULL),(452,78,'fr_FR','tags',NULL),(453,78,'fr_FR','twDefaultText',NULL),(454,78,'zh_CN','name',NULL),(455,78,'zh_CN','tags',NULL),(456,78,'zh_CN','twDefaultText',NULL),(457,79,'fr_FR','name',NULL),(458,79,'fr_FR','tags',NULL),(459,79,'fr_FR','twDefaultText',NULL),(460,79,'zh_CN','name',NULL),(461,79,'zh_CN','tags',NULL),(462,79,'zh_CN','twDefaultText',NULL),(463,80,'fr_FR','name',NULL),(464,80,'fr_FR','tags',NULL),(465,80,'fr_FR','twDefaultText',NULL),(466,80,'zh_CN','name',NULL),(467,80,'zh_CN','tags',NULL),(468,80,'zh_CN','twDefaultText',NULL),(469,81,'fr_FR','name',NULL),(470,81,'fr_FR','tags',NULL),(471,81,'fr_FR','twDefaultText',NULL),(472,81,'zh_CN','name',NULL),(473,81,'zh_CN','tags',NULL),(474,81,'zh_CN','twDefaultText',NULL),(475,82,'fr_FR','name',NULL),(476,82,'fr_FR','tags',NULL),(477,82,'fr_FR','twDefaultText',NULL),(478,82,'zh_CN','name',NULL),(479,82,'zh_CN','tags',NULL),(480,82,'zh_CN','twDefaultText',NULL),(481,83,'fr_FR','name',NULL),(482,83,'fr_FR','tags',NULL),(483,83,'fr_FR','twDefaultText',NULL),(484,83,'zh_CN','name',NULL),(485,83,'zh_CN','tags',NULL),(486,83,'zh_CN','twDefaultText',NULL),(487,84,'fr_FR','name',NULL),(488,84,'fr_FR','tags',NULL),(489,84,'fr_FR','twDefaultText',NULL),(490,84,'zh_CN','name',NULL),(491,84,'zh_CN','tags',NULL),(492,84,'zh_CN','twDefaultText',NULL),(493,85,'fr_FR','name',NULL),(494,85,'fr_FR','tags',NULL),(495,85,'fr_FR','twDefaultText',NULL),(496,85,'zh_CN','name',NULL),(497,85,'zh_CN','tags',NULL),(498,85,'zh_CN','twDefaultText',NULL),(499,86,'fr_FR','name',NULL),(500,86,'fr_FR','tags',NULL),(501,86,'fr_FR','twDefaultText',NULL),(502,86,'zh_CN','name',NULL),(503,86,'zh_CN','tags',NULL),(504,86,'zh_CN','twDefaultText',NULL),(505,87,'fr_FR','name',NULL),(506,87,'fr_FR','tags',NULL),(507,87,'fr_FR','twDefaultText',NULL),(508,87,'zh_CN','name',NULL),(509,87,'zh_CN','tags',NULL),(510,87,'zh_CN','twDefaultText',NULL),(511,88,'fr_FR','name',NULL),(512,88,'fr_FR','tags',NULL),(513,88,'fr_FR','twDefaultText',NULL),(514,88,'zh_CN','name',NULL),(515,88,'zh_CN','tags',NULL),(516,88,'zh_CN','twDefaultText',NULL),(517,89,'fr_FR','name',NULL),(518,89,'fr_FR','tags',NULL),(519,89,'fr_FR','twDefaultText',NULL),(520,89,'zh_CN','name',NULL),(521,89,'zh_CN','tags',NULL),(522,89,'zh_CN','twDefaultText',NULL),(523,90,'fr_FR','name',NULL),(524,90,'fr_FR','tags',NULL),(525,90,'fr_FR','twDefaultText',NULL),(526,90,'zh_CN','name',NULL),(527,90,'zh_CN','tags',NULL),(528,90,'zh_CN','twDefaultText',NULL),(529,91,'fr_FR','name',NULL),(530,91,'fr_FR','tags',NULL),(531,91,'fr_FR','twDefaultText',NULL),(532,91,'zh_CN','name',NULL),(533,91,'zh_CN','tags',NULL),(534,91,'zh_CN','twDefaultText',NULL),(535,92,'fr_FR','name',NULL),(536,92,'fr_FR','tags',NULL),(537,92,'fr_FR','twDefaultText',NULL),(538,92,'zh_CN','name',NULL),(539,92,'zh_CN','tags',NULL),(540,92,'zh_CN','twDefaultText',NULL),(541,93,'fr_FR','name',NULL),(542,93,'fr_FR','tags',NULL),(543,93,'fr_FR','twDefaultText',NULL),(544,93,'zh_CN','name',NULL),(545,93,'zh_CN','tags',NULL),(546,93,'zh_CN','twDefaultText',NULL),(547,94,'fr_FR','name',NULL),(548,94,'fr_FR','tags',NULL),(549,94,'fr_FR','twDefaultText',NULL),(550,94,'zh_CN','name',NULL),(551,94,'zh_CN','tags',NULL),(552,94,'zh_CN','twDefaultText',NULL),(553,95,'fr_FR','name',NULL),(554,95,'fr_FR','tags',NULL),(555,95,'fr_FR','twDefaultText',NULL),(556,95,'zh_CN','name',NULL),(557,95,'zh_CN','tags',NULL),(558,95,'zh_CN','twDefaultText',NULL),(559,96,'fr_FR','name',NULL),(560,96,'fr_FR','tags',NULL),(561,96,'fr_FR','twDefaultText',NULL),(562,96,'zh_CN','name',NULL),(563,96,'zh_CN','tags',NULL),(564,96,'zh_CN','twDefaultText',NULL),(565,97,'fr_FR','name',NULL),(566,97,'fr_FR','tags',NULL),(567,97,'fr_FR','twDefaultText',NULL),(568,97,'zh_CN','name',NULL),(569,97,'zh_CN','tags',NULL),(570,97,'zh_CN','twDefaultText',NULL),(571,98,'fr_FR','name',NULL),(572,98,'fr_FR','tags',NULL),(573,98,'fr_FR','twDefaultText',NULL),(574,98,'zh_CN','name',NULL),(575,98,'zh_CN','tags',NULL),(576,98,'zh_CN','twDefaultText',NULL),(577,99,'fr_FR','name',NULL),(578,99,'fr_FR','tags',NULL),(579,99,'fr_FR','twDefaultText',NULL),(580,99,'zh_CN','name',NULL),(581,99,'zh_CN','tags',NULL),(582,99,'zh_CN','twDefaultText',NULL),(583,100,'fr_FR','name',NULL),(584,100,'fr_FR','tags',NULL),(585,100,'fr_FR','twDefaultText',NULL),(586,100,'zh_CN','name',NULL),(587,100,'zh_CN','tags',NULL),(588,100,'zh_CN','twDefaultText',NULL),(589,101,'fr_FR','name',NULL),(590,101,'fr_FR','tags',NULL),(591,101,'fr_FR','twDefaultText',NULL),(592,101,'zh_CN','name',NULL),(593,101,'zh_CN','tags',NULL),(594,101,'zh_CN','twDefaultText',NULL),(595,102,'fr_FR','name',NULL),(596,102,'fr_FR','tags',NULL),(597,102,'fr_FR','twDefaultText',NULL),(598,102,'zh_CN','name',NULL),(599,102,'zh_CN','tags',NULL),(600,102,'zh_CN','twDefaultText',NULL),(601,103,'fr_FR','name',NULL),(602,103,'fr_FR','tags',NULL),(603,103,'fr_FR','twDefaultText',NULL),(604,103,'zh_CN','name',NULL),(605,103,'zh_CN','tags',NULL),(606,103,'zh_CN','twDefaultText',NULL),(607,104,'fr_FR','name',NULL),(608,104,'fr_FR','tags',NULL),(609,104,'fr_FR','twDefaultText',NULL),(610,104,'zh_CN','name',NULL),(611,104,'zh_CN','tags',NULL),(612,104,'zh_CN','twDefaultText',NULL),(613,105,'fr_FR','name',NULL),(614,105,'fr_FR','tags',NULL),(615,105,'fr_FR','twDefaultText',NULL),(616,105,'zh_CN','name',NULL),(617,105,'zh_CN','tags',NULL),(618,105,'zh_CN','twDefaultText',NULL),(619,106,'fr_FR','name',NULL),(620,106,'fr_FR','tags',NULL),(621,106,'fr_FR','twDefaultText',NULL),(622,106,'zh_CN','name',NULL),(623,106,'zh_CN','tags',NULL),(624,106,'zh_CN','twDefaultText',NULL),(625,107,'fr_FR','name',NULL),(626,107,'fr_FR','tags',NULL),(627,107,'fr_FR','twDefaultText',NULL),(628,107,'zh_CN','name',NULL),(629,107,'zh_CN','tags',NULL),(630,107,'zh_CN','twDefaultText',NULL),(631,108,'fr_FR','name',NULL),(632,108,'fr_FR','tags',NULL),(633,108,'fr_FR','twDefaultText',NULL),(634,108,'zh_CN','name',NULL),(635,108,'zh_CN','tags',NULL),(636,108,'zh_CN','twDefaultText',NULL),(637,109,'fr_FR','name',NULL),(638,109,'fr_FR','tags',NULL),(639,109,'fr_FR','twDefaultText',NULL),(640,109,'zh_CN','name',NULL),(641,109,'zh_CN','tags',NULL),(642,109,'zh_CN','twDefaultText',NULL),(643,110,'fr_FR','name',NULL),(644,110,'fr_FR','tags',NULL),(645,110,'fr_FR','twDefaultText',NULL),(646,110,'zh_CN','name',NULL),(647,110,'zh_CN','tags',NULL),(648,110,'zh_CN','twDefaultText',NULL),(649,111,'fr_FR','name',NULL),(650,111,'fr_FR','tags',NULL),(651,111,'fr_FR','twDefaultText',NULL),(652,111,'zh_CN','name',NULL),(653,111,'zh_CN','tags',NULL),(654,111,'zh_CN','twDefaultText',NULL),(655,112,'fr_FR','name',NULL),(656,112,'fr_FR','tags',NULL),(657,112,'fr_FR','twDefaultText',NULL),(658,112,'zh_CN','name',NULL),(659,112,'zh_CN','tags',NULL),(660,112,'zh_CN','twDefaultText',NULL),(661,113,'fr_FR','name',NULL),(662,113,'fr_FR','tags',NULL),(663,113,'fr_FR','twDefaultText',NULL),(664,113,'zh_CN','name',NULL),(665,113,'zh_CN','tags',NULL),(666,113,'zh_CN','twDefaultText',NULL),(667,114,'fr_FR','name',NULL),(668,114,'fr_FR','tags',NULL),(669,114,'fr_FR','twDefaultText',NULL),(670,114,'zh_CN','name',NULL),(671,114,'zh_CN','tags',NULL),(672,114,'zh_CN','twDefaultText',NULL),(673,115,'fr_FR','name',NULL),(674,115,'fr_FR','tags',NULL),(675,115,'fr_FR','twDefaultText',NULL),(676,115,'zh_CN','name',NULL),(677,115,'zh_CN','tags',NULL),(678,115,'zh_CN','twDefaultText',NULL),(679,116,'fr_FR','name',NULL),(680,116,'fr_FR','tags',NULL),(681,116,'fr_FR','twDefaultText',NULL),(682,116,'zh_CN','name',NULL),(683,116,'zh_CN','tags',NULL),(684,116,'zh_CN','twDefaultText',NULL),(685,117,'fr_FR','name',NULL),(686,117,'fr_FR','tags',NULL),(687,117,'fr_FR','twDefaultText',NULL),(688,117,'zh_CN','name',NULL),(689,117,'zh_CN','tags',NULL),(690,117,'zh_CN','twDefaultText',NULL),(691,118,'fr_FR','name',NULL),(692,118,'fr_FR','tags',NULL),(693,118,'fr_FR','twDefaultText',NULL),(694,118,'zh_CN','name',NULL),(695,118,'zh_CN','tags',NULL),(696,118,'zh_CN','twDefaultText',NULL),(697,119,'fr_FR','name',NULL),(698,119,'fr_FR','tags',NULL),(699,119,'fr_FR','twDefaultText',NULL),(700,119,'zh_CN','name',NULL),(701,119,'zh_CN','tags',NULL),(702,119,'zh_CN','twDefaultText',NULL),(703,120,'fr_FR','name',NULL),(704,120,'fr_FR','tags',NULL),(705,120,'fr_FR','twDefaultText',NULL),(706,120,'zh_CN','name',NULL),(707,120,'zh_CN','tags',NULL),(708,120,'zh_CN','twDefaultText',NULL),(709,121,'fr_FR','name',NULL),(710,121,'fr_FR','tags',NULL),(711,121,'fr_FR','twDefaultText',NULL),(712,121,'zh_CN','name',NULL),(713,121,'zh_CN','tags',NULL),(714,121,'zh_CN','twDefaultText',NULL),(715,122,'fr_FR','name',NULL),(716,122,'fr_FR','tags',NULL),(717,122,'fr_FR','twDefaultText',NULL),(718,122,'zh_CN','name',NULL),(719,122,'zh_CN','tags',NULL),(720,122,'zh_CN','twDefaultText',NULL),(721,123,'fr_FR','name',NULL),(722,123,'fr_FR','tags',NULL),(723,123,'fr_FR','twDefaultText',NULL),(724,123,'zh_CN','name',NULL),(725,123,'zh_CN','tags',NULL),(726,123,'zh_CN','twDefaultText',NULL),(727,124,'fr_FR','name',NULL),(728,124,'fr_FR','tags',NULL),(729,124,'fr_FR','twDefaultText',NULL),(730,124,'zh_CN','name',NULL),(731,124,'zh_CN','tags',NULL),(732,124,'zh_CN','twDefaultText',NULL),(733,125,'fr_FR','name',NULL),(734,125,'fr_FR','tags',NULL),(735,125,'fr_FR','twDefaultText',NULL),(736,125,'zh_CN','name',NULL),(737,125,'zh_CN','tags',NULL),(738,125,'zh_CN','twDefaultText',NULL),(739,126,'fr_FR','name',NULL),(740,126,'fr_FR','tags',NULL),(741,126,'fr_FR','twDefaultText',NULL),(742,126,'zh_CN','name',NULL),(743,126,'zh_CN','tags',NULL),(744,126,'zh_CN','twDefaultText',NULL),(745,127,'fr_FR','name',NULL),(746,127,'fr_FR','tags',NULL),(747,127,'fr_FR','twDefaultText',NULL),(748,127,'zh_CN','name',NULL),(749,127,'zh_CN','tags',NULL),(750,127,'zh_CN','twDefaultText',NULL),(751,128,'fr_FR','name',NULL),(752,128,'fr_FR','tags',NULL),(753,128,'fr_FR','twDefaultText',NULL),(754,128,'zh_CN','name',NULL),(755,128,'zh_CN','tags',NULL),(756,128,'zh_CN','twDefaultText',NULL),(757,129,'fr_FR','name',NULL),(758,129,'fr_FR','tags',NULL),(759,129,'fr_FR','twDefaultText',NULL),(760,129,'zh_CN','name',NULL),(761,129,'zh_CN','tags',NULL),(762,129,'zh_CN','twDefaultText',NULL),(763,130,'fr_FR','name',NULL),(764,130,'fr_FR','tags',NULL),(765,130,'fr_FR','twDefaultText',NULL),(766,130,'zh_CN','name',NULL),(767,130,'zh_CN','tags',NULL),(768,130,'zh_CN','twDefaultText',NULL),(769,131,'fr_FR','name',NULL),(770,131,'fr_FR','tags',NULL),(771,131,'fr_FR','twDefaultText',NULL),(772,131,'zh_CN','name',NULL),(773,131,'zh_CN','tags',NULL),(774,131,'zh_CN','twDefaultText',NULL),(775,132,'fr_FR','name',NULL),(776,132,'fr_FR','tags',NULL),(777,132,'fr_FR','twDefaultText',NULL),(778,132,'zh_CN','name',NULL),(779,132,'zh_CN','tags',NULL),(780,132,'zh_CN','twDefaultText',NULL),(781,133,'fr_FR','name',NULL),(782,133,'fr_FR','tags',NULL),(783,133,'fr_FR','twDefaultText',NULL),(784,133,'zh_CN','name',NULL),(785,133,'zh_CN','tags',NULL),(786,133,'zh_CN','twDefaultText',NULL),(787,134,'fr_FR','name',NULL),(788,134,'fr_FR','tags',NULL),(789,134,'fr_FR','twDefaultText',NULL),(790,134,'zh_CN','name',NULL),(791,134,'zh_CN','tags',NULL),(792,134,'zh_CN','twDefaultText',NULL),(793,135,'fr_FR','name',NULL),(794,135,'fr_FR','tags',NULL),(795,135,'fr_FR','twDefaultText',NULL),(796,135,'zh_CN','name',NULL),(797,135,'zh_CN','tags',NULL),(798,135,'zh_CN','twDefaultText',NULL),(799,136,'fr_FR','name',NULL),(800,136,'fr_FR','tags',NULL),(801,136,'fr_FR','twDefaultText',NULL),(802,136,'zh_CN','name',NULL),(803,136,'zh_CN','tags',NULL),(804,136,'zh_CN','twDefaultText',NULL),(805,137,'fr_FR','name',NULL),(806,137,'fr_FR','tags',NULL),(807,137,'fr_FR','twDefaultText',NULL),(808,137,'zh_CN','name',NULL),(809,137,'zh_CN','tags',NULL),(810,137,'zh_CN','twDefaultText',NULL),(811,138,'fr_FR','name',NULL),(812,138,'fr_FR','tags',NULL),(813,138,'fr_FR','twDefaultText',NULL),(814,138,'zh_CN','name',NULL),(815,138,'zh_CN','tags',NULL),(816,138,'zh_CN','twDefaultText',NULL),(817,139,'fr_FR','name',NULL),(818,139,'fr_FR','tags',NULL),(819,139,'fr_FR','twDefaultText',NULL),(820,139,'zh_CN','name',NULL),(821,139,'zh_CN','tags',NULL),(822,139,'zh_CN','twDefaultText',NULL),(823,140,'fr_FR','name',NULL),(824,140,'fr_FR','tags',NULL),(825,140,'fr_FR','twDefaultText',NULL),(826,140,'zh_CN','name',NULL),(827,140,'zh_CN','tags',NULL),(828,140,'zh_CN','twDefaultText',NULL),(829,141,'fr_FR','name',NULL),(830,141,'fr_FR','tags',NULL),(831,141,'fr_FR','twDefaultText',NULL),(832,141,'zh_CN','name',NULL),(833,141,'zh_CN','tags',NULL),(834,141,'zh_CN','twDefaultText',NULL),(835,142,'fr_FR','name',NULL),(836,142,'fr_FR','tags',NULL),(837,142,'fr_FR','twDefaultText',NULL),(838,142,'zh_CN','name',NULL),(839,142,'zh_CN','tags',NULL),(840,142,'zh_CN','twDefaultText',NULL),(841,143,'fr_FR','name',NULL),(842,143,'fr_FR','tags',NULL),(843,143,'fr_FR','twDefaultText',NULL),(844,143,'zh_CN','name',NULL),(845,143,'zh_CN','tags',NULL),(846,143,'zh_CN','twDefaultText',NULL),(847,144,'fr_FR','name',NULL),(848,144,'fr_FR','tags',NULL),(849,144,'fr_FR','twDefaultText',NULL),(850,144,'zh_CN','name',NULL),(851,144,'zh_CN','tags',NULL),(852,144,'zh_CN','twDefaultText',NULL),(853,145,'fr_FR','name',NULL),(854,145,'fr_FR','tags',NULL),(855,145,'fr_FR','twDefaultText',NULL),(856,145,'zh_CN','name',NULL),(857,145,'zh_CN','tags',NULL),(858,145,'zh_CN','twDefaultText',NULL),(859,146,'fr_FR','name',NULL),(860,146,'fr_FR','tags',NULL),(861,146,'fr_FR','twDefaultText',NULL),(862,146,'zh_CN','name',NULL),(863,146,'zh_CN','tags',NULL),(864,146,'zh_CN','twDefaultText',NULL),(865,147,'fr_FR','name',NULL),(866,147,'fr_FR','tags',NULL),(867,147,'fr_FR','twDefaultText',NULL),(868,147,'zh_CN','name',NULL),(869,147,'zh_CN','tags',NULL),(870,147,'zh_CN','twDefaultText',NULL),(871,148,'fr_FR','name',NULL),(872,148,'fr_FR','tags',NULL),(873,148,'fr_FR','twDefaultText',NULL),(874,148,'zh_CN','name',NULL),(875,148,'zh_CN','tags',NULL),(876,148,'zh_CN','twDefaultText',NULL),(877,149,'fr_FR','name',NULL),(878,149,'fr_FR','tags',NULL),(879,149,'fr_FR','twDefaultText',NULL),(880,149,'zh_CN','name',NULL),(881,149,'zh_CN','tags',NULL),(882,149,'zh_CN','twDefaultText',NULL),(883,150,'fr_FR','name',NULL),(884,150,'fr_FR','tags',NULL),(885,150,'fr_FR','twDefaultText',NULL),(886,150,'zh_CN','name',NULL),(887,150,'zh_CN','tags',NULL),(888,150,'zh_CN','twDefaultText',NULL),(889,151,'fr_FR','name',NULL),(890,151,'fr_FR','tags',NULL),(891,151,'fr_FR','twDefaultText',NULL),(892,151,'zh_CN','name',NULL),(893,151,'zh_CN','tags',NULL),(894,151,'zh_CN','twDefaultText',NULL),(895,152,'fr_FR','name',NULL),(896,152,'fr_FR','tags',NULL),(897,152,'fr_FR','twDefaultText',NULL),(898,152,'zh_CN','name',NULL),(899,152,'zh_CN','tags',NULL),(900,152,'zh_CN','twDefaultText',NULL),(901,153,'fr_FR','name',NULL),(902,153,'fr_FR','tags',NULL),(903,153,'fr_FR','twDefaultText',NULL),(904,153,'zh_CN','name',NULL),(905,153,'zh_CN','tags',NULL),(906,153,'zh_CN','twDefaultText',NULL),(907,154,'fr_FR','name',NULL),(908,154,'fr_FR','tags',NULL),(909,154,'fr_FR','twDefaultText',NULL),(910,154,'zh_CN','name',NULL),(911,154,'zh_CN','tags',NULL),(912,154,'zh_CN','twDefaultText',NULL),(913,155,'fr_FR','name',NULL),(914,155,'fr_FR','tags',NULL),(915,155,'fr_FR','twDefaultText',NULL),(916,155,'zh_CN','name',NULL),(917,155,'zh_CN','tags',NULL),(918,155,'zh_CN','twDefaultText',NULL),(919,156,'fr_FR','name',NULL),(920,156,'fr_FR','tags',NULL),(921,156,'fr_FR','twDefaultText',NULL),(922,156,'zh_CN','name',NULL),(923,156,'zh_CN','tags',NULL),(924,156,'zh_CN','twDefaultText',NULL),(925,157,'fr_FR','name',NULL),(926,157,'fr_FR','tags',NULL),(927,157,'fr_FR','twDefaultText',NULL),(928,157,'zh_CN','name',NULL),(929,157,'zh_CN','tags',NULL),(930,157,'zh_CN','twDefaultText',NULL),(931,158,'fr_FR','name',NULL),(932,158,'fr_FR','tags',NULL),(933,158,'fr_FR','twDefaultText',NULL),(934,158,'zh_CN','name',NULL),(935,158,'zh_CN','tags',NULL),(936,158,'zh_CN','twDefaultText',NULL),(937,159,'fr_FR','name',NULL),(938,159,'fr_FR','tags',NULL),(939,159,'fr_FR','twDefaultText',NULL),(940,159,'zh_CN','name',NULL),(941,159,'zh_CN','tags',NULL),(942,159,'zh_CN','twDefaultText',NULL),(943,160,'fr_FR','name',NULL),(944,160,'fr_FR','tags',NULL),(945,160,'fr_FR','twDefaultText',NULL),(946,160,'zh_CN','name',NULL),(947,160,'zh_CN','tags',NULL),(948,160,'zh_CN','twDefaultText',NULL),(949,161,'fr_FR','name',NULL),(950,161,'fr_FR','tags',NULL),(951,161,'fr_FR','twDefaultText',NULL),(952,161,'zh_CN','name',NULL),(953,161,'zh_CN','tags',NULL),(954,161,'zh_CN','twDefaultText',NULL),(955,162,'fr_FR','name',NULL),(956,162,'fr_FR','tags',NULL),(957,162,'fr_FR','twDefaultText',NULL),(958,162,'zh_CN','name',NULL),(959,162,'zh_CN','tags',NULL),(960,162,'zh_CN','twDefaultText',NULL),(961,163,'fr_FR','name',NULL),(962,163,'fr_FR','tags',NULL),(963,163,'fr_FR','twDefaultText',NULL),(964,163,'zh_CN','name',NULL),(965,163,'zh_CN','tags',NULL),(966,163,'zh_CN','twDefaultText',NULL),(967,164,'fr_FR','name',NULL),(968,164,'fr_FR','tags',NULL),(969,164,'fr_FR','twDefaultText',NULL),(970,164,'zh_CN','name',NULL),(971,164,'zh_CN','tags',NULL),(972,164,'zh_CN','twDefaultText',NULL),(973,165,'fr_FR','name',NULL),(974,165,'fr_FR','tags',NULL),(975,165,'fr_FR','twDefaultText',NULL),(976,165,'zh_CN','name',NULL),(977,165,'zh_CN','tags',NULL),(978,165,'zh_CN','twDefaultText',NULL),(979,166,'fr_FR','name',NULL),(980,166,'fr_FR','tags',NULL),(981,166,'fr_FR','twDefaultText',NULL),(982,166,'zh_CN','name',NULL),(983,166,'zh_CN','tags',NULL),(984,166,'zh_CN','twDefaultText',NULL),(985,167,'fr_FR','name',NULL),(986,167,'fr_FR','tags',NULL),(987,167,'fr_FR','twDefaultText',NULL),(988,167,'zh_CN','name',NULL),(989,167,'zh_CN','tags',NULL),(990,167,'zh_CN','twDefaultText',NULL),(991,168,'fr_FR','name',NULL),(992,168,'fr_FR','tags',NULL),(993,168,'fr_FR','twDefaultText',NULL),(994,168,'zh_CN','name',NULL),(995,168,'zh_CN','tags',NULL),(996,168,'zh_CN','twDefaultText',NULL),(997,169,'fr_FR','name',NULL),(998,169,'fr_FR','tags',NULL),(999,169,'fr_FR','twDefaultText',NULL),(1000,169,'zh_CN','name',NULL),(1001,169,'zh_CN','tags',NULL),(1002,169,'zh_CN','twDefaultText',NULL),(1003,170,'fr_FR','name',NULL),(1004,170,'fr_FR','tags',NULL),(1005,170,'fr_FR','twDefaultText',NULL),(1006,170,'zh_CN','name',NULL),(1007,170,'zh_CN','tags',NULL),(1008,170,'zh_CN','twDefaultText',NULL),(1009,171,'fr_FR','name',NULL),(1010,171,'fr_FR','tags',NULL),(1011,171,'fr_FR','twDefaultText',NULL),(1012,171,'zh_CN','name',NULL),(1013,171,'zh_CN','tags',NULL),(1014,171,'zh_CN','twDefaultText',NULL),(1015,172,'fr_FR','name',NULL),(1016,172,'fr_FR','tags',NULL),(1017,172,'fr_FR','twDefaultText',NULL),(1018,172,'zh_CN','name',NULL),(1019,172,'zh_CN','tags',NULL),(1020,172,'zh_CN','twDefaultText',NULL),(1021,173,'fr_FR','name',NULL),(1022,173,'fr_FR','tags',NULL),(1023,173,'fr_FR','twDefaultText',NULL),(1024,173,'zh_CN','name',NULL),(1025,173,'zh_CN','tags',NULL),(1026,173,'zh_CN','twDefaultText',NULL),(1027,174,'fr_FR','name',NULL),(1028,174,'fr_FR','tags',NULL),(1029,174,'fr_FR','twDefaultText',NULL),(1030,174,'zh_CN','name',NULL),(1031,174,'zh_CN','tags',NULL),(1032,174,'zh_CN','twDefaultText',NULL),(1033,175,'fr_FR','name',NULL),(1034,175,'fr_FR','tags',NULL),(1035,175,'fr_FR','twDefaultText',NULL),(1036,175,'zh_CN','name',NULL),(1037,175,'zh_CN','tags',NULL),(1038,175,'zh_CN','twDefaultText',NULL),(1039,176,'fr_FR','name',NULL),(1040,176,'fr_FR','tags',NULL),(1041,176,'fr_FR','twDefaultText',NULL),(1042,176,'zh_CN','name',NULL),(1043,176,'zh_CN','tags',NULL),(1044,176,'zh_CN','twDefaultText',NULL),(1045,177,'fr_FR','name',NULL),(1046,177,'fr_FR','tags',NULL),(1047,177,'fr_FR','twDefaultText',NULL),(1048,177,'zh_CN','name',NULL),(1049,177,'zh_CN','tags',NULL),(1050,177,'zh_CN','twDefaultText',NULL),(1051,178,'fr_FR','name',NULL),(1052,178,'fr_FR','tags',NULL),(1053,178,'fr_FR','twDefaultText',NULL),(1054,178,'zh_CN','name',NULL),(1055,178,'zh_CN','tags',NULL),(1056,178,'zh_CN','twDefaultText',NULL),(1057,179,'fr_FR','name',NULL),(1058,179,'fr_FR','tags',NULL),(1059,179,'fr_FR','twDefaultText',NULL),(1060,179,'zh_CN','name',NULL),(1061,179,'zh_CN','tags',NULL),(1062,179,'zh_CN','twDefaultText',NULL),(1063,180,'fr_FR','name',NULL),(1064,180,'fr_FR','tags',NULL),(1065,180,'fr_FR','twDefaultText',NULL),(1066,180,'zh_CN','name',NULL),(1067,180,'zh_CN','tags',NULL),(1068,180,'zh_CN','twDefaultText',NULL),(1069,181,'fr_FR','name',NULL),(1070,181,'fr_FR','tags',NULL),(1071,181,'fr_FR','twDefaultText',NULL),(1072,181,'zh_CN','name',NULL),(1073,181,'zh_CN','tags',NULL),(1074,181,'zh_CN','twDefaultText',NULL),(1075,182,'fr_FR','name',NULL),(1076,182,'fr_FR','tags',NULL),(1077,182,'fr_FR','twDefaultText',NULL),(1078,182,'zh_CN','name',NULL),(1079,182,'zh_CN','tags',NULL),(1080,182,'zh_CN','twDefaultText',NULL),(1081,183,'fr_FR','name',NULL),(1082,183,'fr_FR','tags',NULL),(1083,183,'fr_FR','twDefaultText',NULL),(1084,183,'zh_CN','name',NULL),(1085,183,'zh_CN','tags',NULL),(1086,183,'zh_CN','twDefaultText',NULL),(1087,184,'fr_FR','name',NULL),(1088,184,'fr_FR','tags',NULL),(1089,184,'fr_FR','twDefaultText',NULL),(1090,184,'zh_CN','name',NULL),(1091,184,'zh_CN','tags',NULL),(1092,184,'zh_CN','twDefaultText',NULL),(1093,185,'fr_FR','name',NULL),(1094,185,'fr_FR','tags',NULL),(1095,185,'fr_FR','twDefaultText',NULL),(1096,185,'zh_CN','name',NULL),(1097,185,'zh_CN','tags',NULL),(1098,185,'zh_CN','twDefaultText',NULL),(1099,186,'fr_FR','name',NULL),(1100,186,'fr_FR','tags',NULL),(1101,186,'fr_FR','twDefaultText',NULL),(1102,186,'zh_CN','name',NULL),(1103,186,'zh_CN','tags',NULL),(1104,186,'zh_CN','twDefaultText',NULL),(1105,187,'fr_FR','name',NULL),(1106,187,'fr_FR','tags',NULL),(1107,187,'fr_FR','twDefaultText',NULL),(1108,187,'zh_CN','name',NULL),(1109,187,'zh_CN','tags',NULL),(1110,187,'zh_CN','twDefaultText',NULL),(1111,188,'fr_FR','name',NULL),(1112,188,'fr_FR','tags',NULL),(1113,188,'fr_FR','twDefaultText',NULL),(1114,188,'zh_CN','name',NULL),(1115,188,'zh_CN','tags',NULL),(1116,188,'zh_CN','twDefaultText',NULL),(1117,189,'fr_FR','name',NULL),(1118,189,'fr_FR','tags',NULL),(1119,189,'fr_FR','twDefaultText',NULL),(1120,189,'zh_CN','name',NULL),(1121,189,'zh_CN','tags',NULL),(1122,189,'zh_CN','twDefaultText',NULL),(1123,190,'fr_FR','name',NULL),(1124,190,'fr_FR','tags',NULL),(1125,190,'fr_FR','twDefaultText',NULL),(1126,190,'zh_CN','name',NULL),(1127,190,'zh_CN','tags',NULL),(1128,190,'zh_CN','twDefaultText',NULL),(1129,191,'fr_FR','name',NULL),(1130,191,'fr_FR','tags',NULL),(1131,191,'fr_FR','twDefaultText',NULL),(1132,191,'zh_CN','name',NULL),(1133,191,'zh_CN','tags',NULL),(1134,191,'zh_CN','twDefaultText',NULL),(1135,192,'fr_FR','name',NULL),(1136,192,'fr_FR','tags',NULL),(1137,192,'fr_FR','twDefaultText',NULL),(1138,192,'zh_CN','name',NULL),(1139,192,'zh_CN','tags',NULL),(1140,192,'zh_CN','twDefaultText',NULL),(1141,193,'fr_FR','name',NULL),(1142,193,'fr_FR','tags',NULL),(1143,193,'fr_FR','twDefaultText',NULL),(1144,193,'zh_CN','name',NULL),(1145,193,'zh_CN','tags',NULL),(1146,193,'zh_CN','twDefaultText',NULL),(1147,194,'fr_FR','name',NULL),(1148,194,'fr_FR','tags',NULL),(1149,194,'fr_FR','twDefaultText',NULL),(1150,194,'zh_CN','name',NULL),(1151,194,'zh_CN','tags',NULL),(1152,194,'zh_CN','twDefaultText',NULL),(1153,195,'fr_FR','name',NULL),(1154,195,'fr_FR','tags',NULL),(1155,195,'fr_FR','twDefaultText',NULL),(1156,195,'zh_CN','name',NULL),(1157,195,'zh_CN','tags',NULL),(1158,195,'zh_CN','twDefaultText',NULL),(1159,196,'fr_FR','name',NULL),(1160,196,'fr_FR','tags',NULL),(1161,196,'fr_FR','twDefaultText',NULL),(1162,196,'zh_CN','name',NULL),(1163,196,'zh_CN','tags',NULL),(1164,196,'zh_CN','twDefaultText',NULL),(1165,197,'fr_FR','name',NULL),(1166,197,'fr_FR','tags',NULL),(1167,197,'fr_FR','twDefaultText',NULL),(1168,197,'zh_CN','name',NULL),(1169,197,'zh_CN','tags',NULL),(1170,197,'zh_CN','twDefaultText',NULL),(1171,198,'fr_FR','name',NULL),(1172,198,'fr_FR','tags',NULL),(1173,198,'fr_FR','twDefaultText',NULL),(1174,198,'zh_CN','name',NULL),(1175,198,'zh_CN','tags',NULL),(1176,198,'zh_CN','twDefaultText',NULL),(1177,199,'fr_FR','name',NULL),(1178,199,'fr_FR','tags',NULL),(1179,199,'fr_FR','twDefaultText',NULL),(1180,199,'zh_CN','name',NULL),(1181,199,'zh_CN','tags',NULL),(1182,199,'zh_CN','twDefaultText',NULL),(1183,200,'fr_FR','name',NULL),(1184,200,'fr_FR','tags',NULL),(1185,200,'fr_FR','twDefaultText',NULL),(1186,200,'zh_CN','name',NULL),(1187,200,'zh_CN','tags',NULL),(1188,200,'zh_CN','twDefaultText',NULL),(1189,201,'fr_FR','name',NULL),(1190,201,'fr_FR','tags',NULL),(1191,201,'fr_FR','twDefaultText',NULL),(1192,201,'zh_CN','name',NULL),(1193,201,'zh_CN','tags',NULL),(1194,201,'zh_CN','twDefaultText',NULL),(1195,202,'fr_FR','name',NULL),(1196,202,'fr_FR','tags',NULL),(1197,202,'fr_FR','twDefaultText',NULL),(1198,202,'zh_CN','name',NULL),(1199,202,'zh_CN','tags',NULL),(1200,202,'zh_CN','twDefaultText',NULL),(1201,203,'fr_FR','name',NULL),(1202,203,'fr_FR','tags',NULL),(1203,203,'fr_FR','twDefaultText',NULL),(1204,203,'zh_CN','name',NULL),(1205,203,'zh_CN','tags',NULL),(1206,203,'zh_CN','twDefaultText',NULL),(1207,204,'fr_FR','name',NULL),(1208,204,'fr_FR','tags',NULL),(1209,204,'fr_FR','twDefaultText',NULL),(1210,204,'zh_CN','name',NULL),(1211,204,'zh_CN','tags',NULL),(1212,204,'zh_CN','twDefaultText',NULL),(1213,205,'fr_FR','name',NULL),(1214,205,'fr_FR','tags',NULL),(1215,205,'fr_FR','twDefaultText',NULL),(1216,205,'zh_CN','name',NULL),(1217,205,'zh_CN','tags',NULL),(1218,205,'zh_CN','twDefaultText',NULL),(1219,206,'fr_FR','name',NULL),(1220,206,'fr_FR','tags',NULL),(1221,206,'fr_FR','twDefaultText',NULL),(1222,206,'zh_CN','name',NULL),(1223,206,'zh_CN','tags',NULL),(1224,206,'zh_CN','twDefaultText',NULL),(1225,207,'fr_FR','name',NULL),(1226,207,'fr_FR','tags',NULL),(1227,207,'fr_FR','twDefaultText',NULL),(1228,207,'zh_CN','name',NULL),(1229,207,'zh_CN','tags',NULL),(1230,207,'zh_CN','twDefaultText',NULL),(1231,208,'fr_FR','name',NULL),(1232,208,'fr_FR','tags',NULL),(1233,208,'fr_FR','twDefaultText',NULL),(1234,208,'zh_CN','name',NULL),(1235,208,'zh_CN','tags',NULL),(1236,208,'zh_CN','twDefaultText',NULL),(1237,209,'fr_FR','name',NULL),(1238,209,'fr_FR','tags',NULL),(1239,209,'fr_FR','twDefaultText',NULL),(1240,209,'zh_CN','name',NULL),(1241,209,'zh_CN','tags',NULL),(1242,209,'zh_CN','twDefaultText',NULL),(1243,210,'fr_FR','name',NULL),(1244,210,'fr_FR','tags',NULL),(1245,210,'fr_FR','twDefaultText',NULL),(1246,210,'zh_CN','name',NULL),(1247,210,'zh_CN','tags',NULL),(1248,210,'zh_CN','twDefaultText',NULL),(1249,211,'fr_FR','name',NULL),(1250,211,'fr_FR','tags',NULL),(1251,211,'fr_FR','twDefaultText',NULL),(1252,211,'zh_CN','name',NULL),(1253,211,'zh_CN','tags',NULL),(1254,211,'zh_CN','twDefaultText',NULL),(1255,212,'fr_FR','name',NULL),(1256,212,'fr_FR','tags',NULL),(1257,212,'fr_FR','twDefaultText',NULL),(1258,212,'zh_CN','name',NULL),(1259,212,'zh_CN','tags',NULL),(1260,212,'zh_CN','twDefaultText',NULL),(1261,213,'fr_FR','name',NULL),(1262,213,'fr_FR','tags',NULL),(1263,213,'fr_FR','twDefaultText',NULL),(1264,213,'zh_CN','name',NULL),(1265,213,'zh_CN','tags',NULL),(1266,213,'zh_CN','twDefaultText',NULL),(1267,214,'fr_FR','name',NULL),(1268,214,'fr_FR','tags',NULL),(1269,214,'fr_FR','twDefaultText',NULL),(1270,214,'zh_CN','name',NULL),(1271,214,'zh_CN','tags',NULL),(1272,214,'zh_CN','twDefaultText',NULL),(1273,215,'fr_FR','name',NULL),(1274,215,'fr_FR','tags',NULL),(1275,215,'fr_FR','twDefaultText',NULL),(1276,215,'zh_CN','name',NULL),(1277,215,'zh_CN','tags',NULL),(1278,215,'zh_CN','twDefaultText',NULL),(1279,216,'fr_FR','name',NULL),(1280,216,'fr_FR','tags',NULL),(1281,216,'fr_FR','twDefaultText',NULL),(1282,216,'zh_CN','name',NULL),(1283,216,'zh_CN','tags',NULL),(1284,216,'zh_CN','twDefaultText',NULL),(1285,217,'fr_FR','name',NULL),(1286,217,'fr_FR','tags',NULL),(1287,217,'fr_FR','twDefaultText',NULL),(1288,217,'zh_CN','name',NULL),(1289,217,'zh_CN','tags',NULL),(1290,217,'zh_CN','twDefaultText',NULL),(1291,218,'fr_FR','name',NULL),(1292,218,'fr_FR','tags',NULL),(1293,218,'fr_FR','twDefaultText',NULL),(1294,218,'zh_CN','name',NULL),(1295,218,'zh_CN','tags',NULL),(1296,218,'zh_CN','twDefaultText',NULL),(1297,219,'fr_FR','name',NULL),(1298,219,'fr_FR','tags',NULL),(1299,219,'fr_FR','twDefaultText',NULL),(1300,219,'zh_CN','name',NULL),(1301,219,'zh_CN','tags',NULL),(1302,219,'zh_CN','twDefaultText',NULL),(1303,220,'fr_FR','name',NULL),(1304,220,'fr_FR','tags',NULL),(1305,220,'fr_FR','twDefaultText',NULL),(1306,220,'zh_CN','name',NULL),(1307,220,'zh_CN','tags',NULL),(1308,220,'zh_CN','twDefaultText',NULL),(1309,221,'fr_FR','name',NULL),(1310,221,'fr_FR','tags',NULL),(1311,221,'fr_FR','twDefaultText',NULL),(1312,221,'zh_CN','name',NULL),(1313,221,'zh_CN','tags',NULL),(1314,221,'zh_CN','twDefaultText',NULL),(1315,222,'fr_FR','name',NULL),(1316,222,'fr_FR','tags',NULL),(1317,222,'fr_FR','twDefaultText',NULL),(1318,222,'zh_CN','name',NULL),(1319,222,'zh_CN','tags',NULL),(1320,222,'zh_CN','twDefaultText',NULL),(1321,223,'fr_FR','name',NULL),(1322,223,'fr_FR','tags',NULL),(1323,223,'fr_FR','twDefaultText',NULL),(1324,223,'zh_CN','name',NULL),(1325,223,'zh_CN','tags',NULL),(1326,223,'zh_CN','twDefaultText',NULL),(1327,224,'fr_FR','name',NULL),(1328,224,'fr_FR','tags',NULL),(1329,224,'fr_FR','twDefaultText',NULL),(1330,224,'zh_CN','name',NULL),(1331,224,'zh_CN','tags',NULL),(1332,224,'zh_CN','twDefaultText',NULL),(1333,225,'fr_FR','name',NULL),(1334,225,'fr_FR','tags',NULL),(1335,225,'fr_FR','twDefaultText',NULL),(1336,225,'zh_CN','name',NULL),(1337,225,'zh_CN','tags',NULL),(1338,225,'zh_CN','twDefaultText',NULL),(1339,226,'fr_FR','name',NULL),(1340,226,'fr_FR','tags',NULL),(1341,226,'fr_FR','twDefaultText',NULL),(1342,226,'zh_CN','name',NULL),(1343,226,'zh_CN','tags',NULL),(1344,226,'zh_CN','twDefaultText',NULL),(1345,227,'fr_FR','name',NULL),(1346,227,'fr_FR','tags',NULL),(1347,227,'fr_FR','twDefaultText',NULL),(1348,227,'zh_CN','name',NULL),(1349,227,'zh_CN','tags',NULL),(1350,227,'zh_CN','twDefaultText',NULL),(1351,228,'fr_FR','name',NULL),(1352,228,'fr_FR','tags',NULL),(1353,228,'fr_FR','twDefaultText',NULL),(1354,228,'zh_CN','name',NULL),(1355,228,'zh_CN','tags',NULL),(1356,228,'zh_CN','twDefaultText',NULL),(1357,229,'fr_FR','name',NULL),(1358,229,'fr_FR','tags',NULL),(1359,229,'fr_FR','twDefaultText',NULL),(1360,229,'zh_CN','name',NULL),(1361,229,'zh_CN','tags',NULL),(1362,229,'zh_CN','twDefaultText',NULL),(1363,230,'fr_FR','name',NULL),(1364,230,'fr_FR','tags',NULL),(1365,230,'fr_FR','twDefaultText',NULL),(1366,230,'zh_CN','name',NULL),(1367,230,'zh_CN','tags',NULL),(1368,230,'zh_CN','twDefaultText',NULL),(1369,231,'fr_FR','name',NULL),(1370,231,'fr_FR','tags',NULL),(1371,231,'fr_FR','twDefaultText',NULL),(1372,231,'zh_CN','name',NULL),(1373,231,'zh_CN','tags',NULL),(1374,231,'zh_CN','twDefaultText',NULL),(1375,232,'fr_FR','name',NULL),(1376,232,'fr_FR','tags',NULL),(1377,232,'fr_FR','twDefaultText',NULL),(1378,232,'zh_CN','name',NULL),(1379,232,'zh_CN','tags',NULL),(1380,232,'zh_CN','twDefaultText',NULL),(1381,233,'fr_FR','name',NULL),(1382,233,'fr_FR','tags',NULL),(1383,233,'fr_FR','twDefaultText',NULL),(1384,233,'zh_CN','name',NULL),(1385,233,'zh_CN','tags',NULL),(1386,233,'zh_CN','twDefaultText',NULL),(1387,234,'fr_FR','name',NULL),(1388,234,'fr_FR','tags',NULL),(1389,234,'fr_FR','twDefaultText',NULL),(1390,234,'zh_CN','name',NULL),(1391,234,'zh_CN','tags',NULL),(1392,234,'zh_CN','twDefaultText',NULL),(1393,235,'fr_FR','name',NULL),(1394,235,'fr_FR','tags',NULL),(1395,235,'fr_FR','twDefaultText',NULL),(1396,235,'zh_CN','name',NULL),(1397,235,'zh_CN','tags',NULL),(1398,235,'zh_CN','twDefaultText',NULL),(1399,236,'fr_FR','name',NULL),(1400,236,'fr_FR','tags',NULL),(1401,236,'fr_FR','twDefaultText',NULL),(1402,236,'zh_CN','name',NULL),(1403,236,'zh_CN','tags',NULL),(1404,236,'zh_CN','twDefaultText',NULL),(1405,237,'fr_FR','name',NULL),(1406,237,'fr_FR','tags',NULL),(1407,237,'fr_FR','twDefaultText',NULL),(1408,237,'zh_CN','name',NULL),(1409,237,'zh_CN','tags',NULL),(1410,237,'zh_CN','twDefaultText',NULL),(1411,238,'fr_FR','name',NULL),(1412,238,'fr_FR','tags',NULL),(1413,238,'fr_FR','twDefaultText',NULL),(1414,238,'zh_CN','name',NULL),(1415,238,'zh_CN','tags',NULL),(1416,238,'zh_CN','twDefaultText',NULL),(1417,239,'fr_FR','name',NULL),(1418,239,'fr_FR','tags',NULL),(1419,239,'fr_FR','twDefaultText',NULL),(1420,239,'zh_CN','name',NULL),(1421,239,'zh_CN','tags',NULL),(1422,239,'zh_CN','twDefaultText',NULL),(1423,240,'fr_FR','name',NULL),(1424,240,'fr_FR','tags',NULL),(1425,240,'fr_FR','twDefaultText',NULL),(1426,240,'zh_CN','name',NULL),(1427,240,'zh_CN','tags',NULL),(1428,240,'zh_CN','twDefaultText',NULL),(1429,241,'fr_FR','name',NULL),(1430,241,'fr_FR','tags',NULL),(1431,241,'fr_FR','twDefaultText',NULL),(1432,241,'zh_CN','name',NULL),(1433,241,'zh_CN','tags',NULL),(1434,241,'zh_CN','twDefaultText',NULL),(1435,242,'fr_FR','name',NULL),(1436,242,'fr_FR','tags',NULL),(1437,242,'fr_FR','twDefaultText',NULL),(1438,242,'zh_CN','name',NULL),(1439,242,'zh_CN','tags',NULL),(1440,242,'zh_CN','twDefaultText',NULL),(1441,243,'fr_FR','name',NULL),(1442,243,'fr_FR','tags',NULL),(1443,243,'fr_FR','twDefaultText',NULL),(1444,243,'zh_CN','name',NULL),(1445,243,'zh_CN','tags',NULL),(1446,243,'zh_CN','twDefaultText',NULL),(1447,244,'fr_FR','name',NULL),(1448,244,'fr_FR','tags',NULL),(1449,244,'fr_FR','twDefaultText',NULL),(1450,244,'zh_CN','name',NULL),(1451,244,'zh_CN','tags',NULL),(1452,244,'zh_CN','twDefaultText',NULL),(1453,245,'fr_FR','name',NULL),(1454,245,'fr_FR','tags',NULL),(1455,245,'fr_FR','twDefaultText',NULL),(1456,245,'zh_CN','name',NULL),(1457,245,'zh_CN','tags',NULL),(1458,245,'zh_CN','twDefaultText',NULL),(1459,246,'fr_FR','name',NULL),(1460,246,'fr_FR','tags',NULL),(1461,246,'fr_FR','twDefaultText',NULL),(1462,246,'zh_CN','name',NULL),(1463,246,'zh_CN','tags',NULL),(1464,246,'zh_CN','twDefaultText',NULL);
/*!40000 ALTER TABLE `microaction_translation` ENABLE KEYS */;
UNLOCK TABLES;

--
-- Table structure for table `migration_versions`
--

DROP TABLE IF EXISTS `migration_versions`;
/*!40101 SET @saved_cs_client     = @@character_set_client */;
/*!40101 SET character_set_client = utf8 */;
CREATE TABLE `migration_versions` (
  `version` varchar(255) COLLATE utf8_unicode_ci NOT NULL,
  PRIMARY KEY (`version`)
) ENGINE=InnoDB DEFAULT CHARSET=utf8 COLLATE=utf8_unicode_ci;
/*!40101 SET character_set_client = @saved_cs_client */;

--
-- Dumping data for table `migration_versions`
--

LOCK TABLES `migration_versions` WRITE;
/*!40000 ALTER TABLE `migration_versions` DISABLE KEYS */;
INSERT INTO `migration_versions` VALUES ('20130912130859'),('20130912131201'),('20130913144620'),('20130918080622'),('20130919075918'),('20130919120906'),('20130923091550'),('20131002151602'),('20131003105513'),('20131008134603');
/*!40000 ALTER TABLE `migration_versions` ENABLE KEYS */;
UNLOCK TABLES;

--
-- Table structure for table `objective`
--

DROP TABLE IF EXISTS `objective`;
/*!40101 SET @saved_cs_client     = @@character_set_client */;
/*!40101 SET character_set_client = utf8 */;
CREATE TABLE `objective` (
  `id` int(11) NOT NULL AUTO_INCREMENT,
  `name` varchar(255) COLLATE utf8_unicode_ci NOT NULL,
  PRIMARY KEY (`id`)
) ENGINE=InnoDB AUTO_INCREMENT=9 DEFAULT CHARSET=utf8 COLLATE=utf8_unicode_ci;
/*!40101 SET character_set_client = @saved_cs_client */;

--
-- Dumping data for table `objective`
--

LOCK TABLES `objective` WRITE;
/*!40000 ALTER TABLE `objective` DISABLE KEYS */;
INSERT INTO `objective` VALUES (1,'Upload photo'),(2,'Share Geo-Location'),(5,'Visit URL'),(6,'Profile Image Upload'),(7,'Profile Edit Age'),(8,'Profile Geo Location Upload');
/*!40000 ALTER TABLE `objective` ENABLE KEYS */;
UNLOCK TABLES;

--
-- Table structure for table `quest`
--

DROP TABLE IF EXISTS `quest`;
/*!40101 SET @saved_cs_client     = @@character_set_client */;
/*!40101 SET character_set_client = utf8 */;
CREATE TABLE `quest` (
  `id` int(11) NOT NULL AUTO_INCREMENT,
  `user_id` int(11) DEFAULT NULL,
  `name` varchar(255) COLLATE utf8_unicode_ci NOT NULL,
  `tags` varchar(255) COLLATE utf8_unicode_ci DEFAULT NULL,
  `image` varchar(255) COLLATE utf8_unicode_ci DEFAULT NULL,
  `featured_image` varchar(255) COLLATE utf8_unicode_ci DEFAULT NULL,
  `featured` tinyint(1) NOT NULL,
  `drafted` enum('0','1') COLLATE utf8_unicode_ci NOT NULL COMMENT '(DC2Type:draft_enum)',
  `created_date` datetime NOT NULL,
  `launch_date` datetime NOT NULL,
  `motto` varchar(255) COLLATE utf8_unicode_ci DEFAULT NULL,
  `timezone` varchar(255) COLLATE utf8_unicode_ci DEFAULT NULL,
  `thumbnail_image` varchar(255) COLLATE utf8_unicode_ci DEFAULT NULL,
  PRIMARY KEY (`id`),
  KEY `IDX_4317F817A76ED395` (`user_id`),
  CONSTRAINT `FK_4317F817A76ED395` FOREIGN KEY (`user_id`) REFERENCES `user` (`id`)
) ENGINE=InnoDB AUTO_INCREMENT=33 DEFAULT CHARSET=utf8 COLLATE=utf8_unicode_ci;
/*!40101 SET character_set_client = @saved_cs_client */;

--
-- Dumping data for table `quest`
--

LOCK TABLES `quest` WRITE;
/*!40000 ALTER TABLE `quest` DISABLE KEYS */;
INSERT INTO `quest` VALUES (1,1,'Tutorial',NULL,NULL,NULL,1,'1','2013-10-24 13:25:31','2013-10-24 13:25:31',NULL,'UTC',NULL),(3,1,'Test Quest 1',NULL,'quest/43526a680a2a6787.89101591.jpg','quest/70526a680a9a2f69.15278458.jpg',0,'0','2013-10-25 07:36:21','2013-10-25 07:36:00','motto number 1.','America/Vancouver',NULL),(4,1,'Test Quest 2',NULL,'quest/56526a681ae50789.41959381.jpg','quest/34526a681b25f1a7.85935531.jpg',0,'0','2013-10-25 07:36:33','2013-10-25 07:36:00','motto number 2.','America/Vancouver',NULL),(5,1,'Test Quest 3',NULL,'quest/34526a68300e1971.90672304.jpg','quest/57526a68303ae979.00420941.jpg',0,'0','2013-10-25 07:36:45','2013-10-25 07:36:00','motto number 3.','America/Vancouver',NULL),(6,1,'Test Quest 4',NULL,'quest/91526a684547e748.11370311.jpg','quest/51526a68456d7213.24881884.jpg',0,'0','2013-10-25 07:42:08','2013-10-25 07:42:00','motto number 4.','America/Vancouver',NULL),(7,1,'Test Quest 5',NULL,'quest/31526a6854c380d1.45406293.jpg','quest/45526a6854e83b52.72734453.jpg',0,'1','2013-10-25 07:42:18','2013-10-25 09:19:00','motto number 5.','America/Vancouver',NULL),(8,1,'Test Quest 6',NULL,'quest/35526a68646f18b1.12853935.jpg','quest/32526a686490a518.49487575.jpg',0,'0','2013-10-25 07:42:31','2013-10-25 07:42:00','motto number 6.','America/Vancouver',NULL),(9,1,'Test Quest 7',NULL,'quest/68526a6872d24e21.67947867.jpg','quest/80526a6873188547.22956161.jpg',0,'0','2013-10-25 07:42:42','2013-10-25 07:42:00','motto number 7.','America/Vancouver',NULL),(10,1,'Test Quest 8',NULL,'quest/61526a68830b95e3.27080672.jpg','quest/32526a688330e682.09505222.jpg',0,'0','2013-10-25 07:42:54','2013-10-25 07:42:00','motto number 8.','America/Vancouver',NULL),(11,1,'Test Quest 9',NULL,'quest/37526a689911dee0.25468890.jpg','quest/49526a689940c613.74477050.jpg',0,'1','2013-10-25 07:43:06','2013-10-25 09:21:00','motto number 9.','America/Vancouver',NULL),(12,1,'Test Quest 10',NULL,'quest/91526a68b1ce1bd6.47464401.jpg','quest/88526a68b200e439.03901481.jpg',0,'1','2013-10-25 07:43:15','2013-10-25 09:21:00','motto number 10.','America/Vancouver',NULL),(13,1,'Test Quest 11',NULL,'quest/39526a68c5b43be6.86991823.jpg','quest/71526a68c5da93c7.01789985.jpg',0,'0','2013-10-25 07:43:25','2013-10-25 07:43:00','motto number 11.','America/Vancouver',NULL),(14,1,'Test Quest 12',NULL,'quest/79526a68d4d2fb66.47944326.jpg','quest/25526a68d4eec963.82911835.jpg',0,'0','2013-10-25 07:43:37','2013-10-25 07:43:00','motto number 12.','America/Vancouver',NULL),(15,1,'Test Quest 13',NULL,'quest/95526a68e4b0eaf9.80571894.jpg','quest/18526a68e4d3f404.45306362.jpg',0,'1','2013-10-25 07:43:47','2013-10-25 09:19:00','motto number 13.','America/Vancouver',NULL),(16,1,'Test Quest 14',NULL,'quest/51526a6909e46933.67774524.jpg','quest/89526a690a18fbb4.92004636.jpg',0,'0','2013-10-25 07:43:56','2013-10-25 07:43:00','motto number 14.','America/Vancouver',NULL),(17,1,'Test Quest 15',NULL,'quest/52526a691b24f6a8.01978045.jpg','quest/100526a691b42a083.36371235.jpg',0,'0','2013-10-25 07:44:06','2013-10-25 07:44:00','motto number 15.','America/Vancouver',NULL),(18,1,'Test Quest 16',NULL,'quest/35526a692a9978f1.89821533.jpg','quest/44526a692abe08d0.82966999.jpg',0,'0','2013-10-25 07:44:16','2013-10-25 07:44:00','motto number 16.','America/Vancouver',NULL),(19,1,'Test Quest 17',NULL,'quest/48526a693984d357.31639046.jpg','quest/56526a6939a723a7.06309240.jpg',0,'1','2013-10-25 07:44:27','2013-10-25 09:20:00','motto number 17.','America/Vancouver',NULL),(20,1,'Test Quest 18',NULL,'quest/26526a69492b6a03.38894917.jpg','quest/90526a69494d82a1.63500535.jpg',0,'0','2013-10-25 07:44:38','2013-10-25 07:44:00','motto number 18.','America/Vancouver',NULL),(21,1,'Test Quest 19',NULL,'quest/62526a695fd22155.79836289.jpg','quest/88526a69600032a4.45856502.jpg',0,'0','2013-10-25 07:44:47','2013-10-25 07:44:00','motto number 19.','America/Vancouver',NULL),(22,1,'Test Quest 20',NULL,'quest/24526a6972e0e1e1.93364856.jpg','quest/13526a69730a2394.28011317.jpg',0,'0','2013-10-25 07:44:56','2013-10-25 07:44:00','motto number 20.','America/Vancouver',NULL),(23,1,'Test Quest 21',NULL,'quest/66526a6988217060.50469159.jpg','quest/91526a698857e087.75222897.jpg',0,'0','2013-10-25 07:45:07','2013-10-25 07:45:00','motto number 21.','America/Vancouver',NULL),(24,1,'Test Quest 22',NULL,'quest/33526a69ab02d1d8.09080300.jpg','quest/69526a69ab221de8.01770746.jpg',0,'1','2013-10-25 07:45:19','2013-10-25 09:20:00','motto number 22.','America/Vancouver',NULL),(25,1,'Test Quest 23',NULL,'quest/74526a69beae2387.57855284.jpg','quest/99526a69bed87931.16557612.jpg',0,'0','2013-10-25 07:45:29','2013-10-25 07:45:00','motto number 23.','America/Vancouver',NULL),(26,1,'Test Quest 24',NULL,'quest/1526a69d0eda434.31589251.jpg','quest/50526a69d11b55c3.42161617.jpg',0,'0','2013-10-25 07:45:41','2013-10-25 07:45:00','motto number 24.','America/Vancouver',NULL),(27,1,'Test Quest 25',NULL,'quest/44526a69e2a2fdb7.73933729.jpg','quest/7526a69e2c358c9.87157588.jpg',0,'1','2013-10-25 07:45:53','2013-10-25 09:21:00','motto number 25.','America/Vancouver',NULL),(28,1,'Test Quest 26',NULL,'quest/37526a6a0573f472.51778561.jpg','quest/30526a6a058fb302.24045757.jpg',0,'0','2013-10-25 07:46:03','2013-10-25 07:45:00','motto number 26.','America/Vancouver',NULL),(29,1,'Test Quest 27',NULL,'quest/79526a6a176950c5.79989355.jpg','quest/2526a6a17810da5.11560501.jpg',0,'0','2013-10-25 07:46:13','2013-10-25 07:46:00','motto number 27.','America/Vancouver',NULL),(30,1,'Test Quest 28',NULL,'quest/33526a6a2eb61234.96471565.jpg','quest/70526a6a2ecf50f8.41360105.jpg',0,'1','2013-10-25 07:46:22','2013-10-25 09:19:00','motto number 28.','America/Vancouver',NULL),(31,1,'Test Quest 29',NULL,'quest/51526a6a41a33e33.31734858.jpg','quest/37526a6a41bcab68.41317426.jpg',0,'0','2013-10-25 07:46:35','2013-10-25 07:46:00','motto number 29.','America/Vancouver',NULL),(32,1,'Test Quest 30',NULL,'quest/64526a6a53a4b463.02715400.jpg','quest/1526a6a53c8cb14.34457459.jpg',0,'1','2013-10-25 07:46:44','2013-10-25 09:19:00','motto number 30.','America/Vancouver',NULL);
/*!40000 ALTER TABLE `quest` ENABLE KEYS */;
UNLOCK TABLES;

--
-- Table structure for table `quest_comment`
--

DROP TABLE IF EXISTS `quest_comment`;
/*!40101 SET @saved_cs_client     = @@character_set_client */;
/*!40101 SET character_set_client = utf8 */;
CREATE TABLE `quest_comment` (
  `id` int(11) NOT NULL AUTO_INCREMENT,
  `user_id` int(11) DEFAULT NULL,
  `quest_id` int(11) DEFAULT NULL,
  `text` varchar(255) COLLATE utf8_unicode_ci NOT NULL,
  `publish_date` datetime NOT NULL,
  PRIMARY KEY (`id`),
  KEY `IDX_C053EF27A76ED395` (`user_id`),
  KEY `IDX_C053EF27209E9EF4` (`quest_id`),
  CONSTRAINT `FK_C053EF27209E9EF4` FOREIGN KEY (`quest_id`) REFERENCES `quest` (`id`) ON DELETE CASCADE,
  CONSTRAINT `FK_C053EF27A76ED395` FOREIGN KEY (`user_id`) REFERENCES `user` (`id`)
) ENGINE=InnoDB AUTO_INCREMENT=116 DEFAULT CHARSET=utf8 COLLATE=utf8_unicode_ci;
/*!40101 SET character_set_client = @saved_cs_client */;

--
-- Dumping data for table `quest_comment`
--

LOCK TABLES `quest_comment` WRITE;
/*!40000 ALTER TABLE `quest_comment` DISABLE KEYS */;
INSERT INTO `quest_comment` VALUES (1,2,27,'gnkizisqndoqbvex','2013-10-25 09:25:30'),(2,4,32,'vfywvhqtjzzgykvc','2013-10-25 09:25:42'),(3,5,1,'ijsyjbizhxrrlvrp','2013-10-25 09:25:55'),(4,7,1,'jpeofdzaijzemwvb','2013-10-25 09:26:07'),(5,6,12,'tvliawyxmddyjcjo','2013-10-25 09:26:22'),(6,9,7,'eazefkiylxvqbpfx','2013-10-25 09:26:35'),(7,10,19,'drgvqcmdvrurymnf','2013-10-25 09:26:46'),(8,11,24,'flxwgljshatmuugu','2013-10-25 09:27:01'),(9,12,7,'agzthmphoxtocuhw','2013-10-25 09:27:16'),(10,14,1,'riuhoxyvhpdpiodx','2013-10-25 09:27:30'),(11,18,15,'oagbbmflddksdpfi','2013-10-25 09:30:26'),(12,20,19,'iuzxbhkxbxpypggi','2013-10-25 09:30:42'),(13,21,15,'nfxpcoczkadynncr','2013-10-25 09:30:56'),(14,22,7,'xnjqpudndcyuodhg','2013-10-25 09:31:07'),(15,25,12,'hnpyidqdakjwwhfd','2013-10-25 09:31:20'),(16,27,15,'wxggagvkfetztole','2013-10-25 09:33:19'),(17,29,19,'bazmzatzctqfcwsn','2013-10-25 09:33:33'),(18,30,30,'iidjckiaqznegilt','2013-10-25 09:33:47'),(19,31,32,'wcbozpotvrblipvs','2013-10-25 09:34:04'),(20,32,12,'ayycrtlefwqbbcym','2013-10-25 09:34:17'),(21,34,32,'bchbusxkineieknd','2013-10-25 09:34:29'),(22,35,19,'qlihuzdvvclrzcdq','2013-10-25 09:34:42'),(23,36,15,'jlakdxotpgltwmod','2013-10-25 09:34:54'),(24,38,12,'rdarqryiiutpixxh','2013-10-25 09:35:10'),(25,39,11,'jvddqaiywfwhzmhw','2013-10-25 09:35:25'),(26,43,27,'iwbxzjhoxdmpblqi','2013-10-25 09:38:19'),(27,44,27,'putcilodniftrksv','2013-10-25 09:38:35'),(28,47,24,'emwzcdksfwwgirvi','2013-10-25 09:38:51'),(29,46,15,'ucytshxeyvbteoap','2013-10-25 09:39:10'),(30,48,12,'tqrkpqjfydzcqlai','2013-10-25 09:39:25'),(31,51,7,'vfkcwtxxusbxttlg','2013-10-25 09:39:41'),(32,52,12,'tqgjlrgprpdvwlos','2013-10-25 09:39:54'),(33,54,27,'rxmlqhvbrrulsevw','2013-10-25 09:40:06'),(34,53,27,'yhmqylirodgcjipz','2013-10-25 09:40:19'),(35,55,11,'mathyqukgdtaahxf','2013-10-25 09:40:34'),(36,60,24,'rlqrwgsxzpzgyrra','2013-10-25 09:43:19'),(37,63,24,'wrrmmdplgnuvmqni','2013-10-25 09:43:33'),(38,65,32,'zlzcynxpfhpwxjhh','2013-10-25 09:43:48'),(39,67,24,'keterzopnnpkfhhf','2013-10-25 09:44:03'),(40,66,15,'ypxfosxcdyebuwpp','2013-10-25 09:44:19'),(41,69,1,'mbkuzepltgcghfpb','2013-10-25 09:44:34'),(42,71,1,'wcbwcyfuncfjbhww','2013-10-25 09:44:49'),(43,72,11,'qvszouifsvoxeitz','2013-10-25 09:45:04'),(44,73,15,'jejdtnpkkhdehihc','2013-10-25 09:45:20'),(45,74,12,'wdogppxptajtcaer','2013-10-25 09:45:34'),(46,80,11,'bxgmxnkubuczajig','2013-10-25 09:48:19'),(47,82,30,'kgqrrzgjctdjtsyl','2013-10-25 09:48:32'),(48,84,30,'pntllenvhgvbhnng','2013-10-25 09:48:46'),(49,85,1,'iyxdouqbftnrcjap','2013-10-25 09:48:59'),(50,86,19,'orevlalajdicntro','2013-10-25 09:49:13'),(51,87,1,'yujgubulkpcckqio','2013-10-25 09:49:27'),(52,90,15,'fbbkbnwzbkcmamzo','2013-10-25 09:49:40'),(53,92,32,'mrptpsryidwoukof','2013-10-25 09:49:54'),(54,93,1,'hulfsympvtvgpcyw','2013-10-25 09:50:09'),(55,94,7,'mpcclutgdtluzkmt','2013-10-25 09:50:26'),(56,100,15,'mwnrbtbayvlamkxe','2013-10-25 09:53:21'),(57,103,30,'usupnmbdvknepcjb','2013-10-25 09:53:34'),(58,104,15,'pfiymrioolemxsrd','2013-10-25 09:53:49'),(59,105,15,'dolhcsyqyhmqbovs','2013-10-25 09:54:03'),(60,106,27,'fofgkifevuzgzlam','2013-10-25 09:54:18'),(61,108,30,'ujfraupbnqtqlqru','2013-10-25 09:54:33'),(62,110,24,'skvpdtpjstxghnvz','2013-10-25 09:54:49'),(63,113,15,'dnrdfetszjwrlkbb','2013-10-25 09:55:03'),(64,112,27,'dqnwuezgecjypqwo','2013-10-25 09:55:18'),(65,114,1,'odenonplkawuobsa','2013-10-25 09:55:39'),(66,122,24,'bofgupybtyaxkscz','2013-10-25 09:58:22'),(67,123,15,'afuruenjwqhweoph','2013-10-25 09:58:35'),(68,124,32,'ledqjhsangupimiz','2013-10-25 09:58:53'),(69,125,32,'aynfthfmtqejvbfl','2013-10-25 09:59:15'),(70,127,24,'yuhyizsnhmvnzplk','2013-10-25 09:59:28'),(71,130,1,'kjnscuvhmlurblsi','2013-10-25 09:59:44'),(72,131,30,'exisldxfsbkixdon','2013-10-25 09:59:57'),(73,132,11,'omtazfljiihvczks','2013-10-25 10:00:14'),(74,133,24,'zurgfspjahemqdcc','2013-10-25 10:00:30'),(75,134,7,'bdafmntpddszwcgz','2013-10-25 10:00:46'),(76,140,15,'vfhwgdbtmxprcjsf','2013-10-25 10:03:19'),(77,141,15,'lvafmhlukjlizpva','2013-10-25 10:03:34'),(78,143,15,'qtibtwfcughdpkvr','2013-10-25 10:03:53'),(79,144,27,'tqnzuzjvntzfkasx','2013-10-25 10:04:07'),(80,147,11,'ckfzsgfsgaxiksjx','2013-10-25 10:04:25'),(81,148,30,'vuuyrtvewtddnike','2013-10-25 10:04:46'),(82,150,11,'csmifdthnvsnzirs','2013-10-25 10:05:02'),(83,151,11,'ixcztxvjzgrjxtbh','2013-10-25 10:05:16'),(84,153,11,'jlhwponkdvclmmlr','2013-10-25 10:05:32'),(85,154,30,'qyrxxkfpxayixxje','2013-10-25 10:05:46'),(86,159,1,'wrgaktmnuclmkmye','2013-10-25 10:08:17'),(87,162,27,'hmcqffqygyleonni','2013-10-25 10:08:30'),(88,164,11,'gmwmkovzczjjpffs','2013-10-25 10:08:47'),(89,163,30,'ckjaqnxsfceyauar','2013-10-25 10:09:02'),(90,166,27,'ilepwirrnlckkbbc','2013-10-25 10:09:17'),(91,167,30,'vkuaovycebttufat','2013-10-25 10:09:32'),(92,170,11,'ippgtavbnkvsnlpm','2013-10-25 10:09:46'),(93,172,32,'zuxzfiexwujcokmm','2013-10-25 10:10:03'),(94,171,7,'mxiishvfayojzqix','2013-10-25 10:10:15'),(95,173,11,'dehcorfrqpsaqvsw','2013-10-25 10:10:31'),(96,180,19,'wndoffbwprajdaio','2013-10-25 10:13:18'),(97,183,24,'qydlzlhqmgzqkeko','2013-10-25 10:13:36'),(98,182,27,'cutwixamepbuvqtn','2013-10-25 10:13:53'),(99,186,30,'mjjsinjnlulizxjx','2013-10-25 10:14:08'),(100,187,7,'ugeglimnyelaaemw','2013-10-25 10:14:23'),(101,189,7,'anjmxudrloqkuabg','2013-10-25 10:14:38'),(102,191,24,'ndeyvinydkgxkjdv','2013-10-25 10:14:52'),(103,192,1,'sxgjqervvhzacpdw','2013-10-25 10:15:08'),(104,193,27,'hjtqeuoxgsjqmwvs','2013-10-25 10:15:22'),(105,194,1,'nxqqwkoslpykicfa','2013-10-25 10:15:38'),(106,199,12,'otvdsplcauobqzsb','2013-10-25 10:18:18'),(107,201,32,'kkqsbyxtfycohfxg','2013-10-25 10:18:31'),(108,205,15,'vxmyupwnfqdjzrtw','2013-10-25 10:18:45'),(109,204,32,'etkpenjcbpukxasf','2013-10-25 10:19:02'),(110,206,11,'maanquzkrhgxcehv','2013-10-25 10:19:17'),(111,208,12,'wnozlakeneypuzpi','2013-10-25 10:19:30'),(112,209,12,'ohjvqictldjoidab','2013-10-25 10:19:45'),(113,212,11,'eygkqpkmqrqapebv','2013-10-25 10:19:57'),(114,213,30,'fjvuilarurzjbvgd','2013-10-25 10:20:11'),(115,214,27,'akkuxeejhacjfefm','2013-10-25 10:20:28');
/*!40000 ALTER TABLE `quest_comment` ENABLE KEYS */;
UNLOCK TABLES;

--
-- Table structure for table `quest_comment_flag`
--

DROP TABLE IF EXISTS `quest_comment_flag`;
/*!40101 SET @saved_cs_client     = @@character_set_client */;
/*!40101 SET character_set_client = utf8 */;
CREATE TABLE `quest_comment_flag` (
  `id` int(11) NOT NULL AUTO_INCREMENT,
  `user_id` int(11) DEFAULT NULL,
  `comment_id` int(11) DEFAULT NULL,
  `text` varchar(255) COLLATE utf8_unicode_ci DEFAULT NULL,
  `publish_date` datetime NOT NULL,
  `readstate` enum('0','1') COLLATE utf8_unicode_ci NOT NULL COMMENT '(DC2Type:flag_enum)',
  PRIMARY KEY (`id`),
  KEY `IDX_D42C7E5CA76ED395` (`user_id`),
  KEY `IDX_D42C7E5CF8697D13` (`comment_id`),
  CONSTRAINT `FK_D42C7E5CF8697D13` FOREIGN KEY (`comment_id`) REFERENCES `quest_comment` (`id`) ON DELETE CASCADE,
  CONSTRAINT `FK_D42C7E5CA76ED395` FOREIGN KEY (`user_id`) REFERENCES `user` (`id`)
) ENGINE=InnoDB AUTO_INCREMENT=116 DEFAULT CHARSET=utf8 COLLATE=utf8_unicode_ci;
/*!40101 SET character_set_client = @saved_cs_client */;

--
-- Dumping data for table `quest_comment_flag`
--

LOCK TABLES `quest_comment_flag` WRITE;
/*!40000 ALTER TABLE `quest_comment_flag` DISABLE KEYS */;
INSERT INTO `quest_comment_flag` VALUES (1,2,1,'ediggabj,','2013-10-25 09:25:33','0'),(2,4,2,'hzyixtxd,','2013-10-25 09:25:46','0'),(3,5,3,'hjiknuyw,','2013-10-25 09:25:59','0'),(4,7,4,'oyyqztfh,','2013-10-25 09:26:11','0'),(5,6,5,'jfisapfk,','2013-10-25 09:26:26','0'),(6,9,6,'djioqynd,','2013-10-25 09:26:38','0'),(7,10,7,'joqoyrul,','2013-10-25 09:26:51','0'),(8,11,8,'felvmtop,','2013-10-25 09:27:05','0'),(9,12,6,'ludgcduc,','2013-10-25 09:27:20','0'),(10,14,3,'xhdichfe,','2013-10-25 09:27:35','0'),(11,18,11,'wdtbamje,','2013-10-25 09:30:31','0'),(12,20,12,'crbwfuyt,','2013-10-25 09:30:46','0'),(13,21,13,'payqbrfi,','2013-10-25 09:30:59','0'),(14,22,6,'wlxbknkz,','2013-10-25 09:31:11','0'),(15,25,5,'vpcnzpwb,','2013-10-25 09:31:24','0'),(16,27,16,'skqfityq,','2013-10-25 09:33:23','0'),(17,29,17,'erdcjqwq,','2013-10-25 09:33:37','0'),(18,30,18,'aanrjtgl,','2013-10-25 09:33:51','0'),(19,31,19,'rldrysib,','2013-10-25 09:34:07','0'),(20,32,15,'frpxmdaj,','2013-10-25 09:34:21','0'),(21,34,19,'vhoircrr,','2013-10-25 09:34:33','0'),(22,35,12,'wtybmeae,','2013-10-25 09:34:45','0'),(23,36,23,'pianlmxg,','2013-10-25 09:34:59','0'),(24,38,15,'aenbkcna,','2013-10-25 09:35:14','0'),(25,39,25,'anemfgce,','2013-10-25 09:35:28','0'),(26,43,1,'zkfnnera,','2013-10-25 09:38:23','0'),(27,44,1,'txlpgpbx,','2013-10-25 09:38:39','0'),(28,47,8,'qvdkudkk,','2013-10-25 09:38:55','0'),(29,46,29,'zokyebmj,','2013-10-25 09:39:15','0'),(30,48,5,'swjutvhx,','2013-10-25 09:39:29','0'),(31,51,31,'ysthczyp,','2013-10-25 09:39:44','0'),(32,52,5,'zflyfggq,','2013-10-25 09:39:58','0'),(33,54,1,'amcnlvfa,','2013-10-25 09:40:09','0'),(34,53,26,'pqlwatjy,','2013-10-25 09:40:23','0'),(35,55,35,'njommhty,','2013-10-25 09:40:36','0'),(36,60,8,'vwcpkjpn,','2013-10-25 09:43:23','0'),(37,63,36,'xrxfomei,','2013-10-25 09:43:37','0'),(38,65,19,'yyzaroyn,','2013-10-25 09:43:52','0'),(39,67,39,'fgvlgomo,','2013-10-25 09:44:07','0'),(40,66,40,'smndjkjf,','2013-10-25 09:44:22','0'),(41,69,4,'itwvvtcj,','2013-10-25 09:44:39','0'),(42,71,42,'iiygtbeb,','2013-10-25 09:44:53','0'),(43,72,35,'uhpqsffm,','2013-10-25 09:45:08','0'),(44,73,13,'inofidhy,','2013-10-25 09:45:23','0'),(45,74,24,'lcdyxekt,','2013-10-25 09:45:37','0'),(46,80,35,'qmhfmsuh,','2013-10-25 09:48:23','0'),(47,82,47,'mnyisgyr,','2013-10-25 09:48:36','0'),(48,84,18,'dpqmpwaw,','2013-10-25 09:48:49','0'),(49,85,3,'hziupsse,','2013-10-25 09:49:04','0'),(50,86,17,'txndgvno,','2013-10-25 09:49:16','0'),(51,87,42,'fgfxwvwl,','2013-10-25 09:49:31','0'),(52,90,13,'jqxclbln,','2013-10-25 09:49:44','0'),(53,92,38,'phadubwh,','2013-10-25 09:49:57','0'),(54,93,4,'qhjnytax,','2013-10-25 09:50:13','0'),(55,94,9,'hdelrunf,','2013-10-25 09:50:30','0'),(56,100,29,'rrwawgvw,','2013-10-25 09:53:25','0'),(57,103,57,'qbqdbnqk,','2013-10-25 09:53:38','0'),(58,104,44,'hdwolcdk,','2013-10-25 09:53:53','0'),(59,105,52,'uzogvetj,','2013-10-25 09:54:07','0'),(60,106,26,'ajlqwxlq,','2013-10-25 09:54:22','0'),(61,108,61,'gjttbsal,','2013-10-25 09:54:37','0'),(62,110,36,'iqrxptrb,','2013-10-25 09:54:53','0'),(63,113,63,'ouejqvid,','2013-10-25 09:55:08','0'),(64,112,27,'lymyhkqv,','2013-10-25 09:55:22','0'),(65,114,49,'tckxtjvz,','2013-10-25 09:55:43','0'),(66,122,36,'vvvhseou,','2013-10-25 09:58:25','0'),(67,123,56,'metywdxu,','2013-10-25 09:58:39','0'),(68,124,21,'dqyhlrpj,','2013-10-25 09:58:57','0'),(69,125,2,'qvctukdg,','2013-10-25 09:59:18','0'),(70,127,28,'qdjjxwcc,','2013-10-25 09:59:32','0'),(71,130,54,'xdgreose,','2013-10-25 09:59:48','0'),(72,131,18,'pfppgisb,','2013-10-25 10:00:01','0'),(73,132,35,'nflsxoqj,','2013-10-25 10:00:18','0'),(74,133,8,'ltsauzis,','2013-10-25 10:00:34','0'),(75,134,75,'eydvwaxq,','2013-10-25 10:00:50','0'),(76,140,58,'vmkkqblz,','2013-10-25 10:03:22','0'),(77,141,76,'ygqgitgm,','2013-10-25 10:03:38','0'),(78,143,44,'zetlovfl,','2013-10-25 10:03:58','0'),(79,144,64,'zaymrazb,','2013-10-25 10:04:11','0'),(80,147,46,'dkelcyfc,','2013-10-25 10:04:31','0'),(81,148,57,'yhycbpgg,','2013-10-25 10:04:50','0'),(82,150,73,'aorjdipu,','2013-10-25 10:05:05','0'),(83,151,73,'jkdvgwgi,','2013-10-25 10:05:20','0'),(84,153,46,'wqivnkym,','2013-10-25 10:05:35','0'),(85,154,48,'nyskccpi,','2013-10-25 10:05:49','0'),(86,159,4,'uykbwlgg,','2013-10-25 10:08:21','0'),(87,162,79,'tygnaeis,','2013-10-25 10:08:33','0'),(88,164,88,'sgcmbema,','2013-10-25 10:08:53','0'),(89,163,18,'zphnihmw,','2013-10-25 10:09:06','0'),(90,166,60,'nphqvevh,','2013-10-25 10:09:21','0'),(91,167,47,'yqstkrex,','2013-10-25 10:09:35','0'),(92,170,92,'rhmxuvsp,','2013-10-25 10:09:50','0'),(93,172,93,'fklnwlef,','2013-10-25 10:10:05','0'),(94,171,6,'ykzrbgdx,','2013-10-25 10:10:20','0'),(95,173,88,'ngqidwcx,','2013-10-25 10:10:35','0'),(96,180,7,'lfsbgrph,','2013-10-25 10:13:22','0'),(97,183,74,'tfqcfiit,','2013-10-25 10:13:40','0'),(98,182,90,'soxilrkl,','2013-10-25 10:13:56','0'),(99,186,61,'uflfipvi,','2013-10-25 10:14:12','0'),(100,187,75,'jkqkytrz,','2013-10-25 10:14:26','0'),(101,189,101,'mokrjaiu,','2013-10-25 10:14:41','0'),(102,191,62,'uvbxgvqn,','2013-10-25 10:14:56','0'),(103,192,41,'kbpfxzls,','2013-10-25 10:15:13','0'),(104,193,98,'yvowiuvq,','2013-10-25 10:15:26','0'),(105,194,41,'jluqonxo,','2013-10-25 10:15:41','0'),(106,199,24,'gcgljqvo,','2013-10-25 10:18:22','0'),(107,201,2,'onnafzzs,','2013-10-25 10:18:34','0'),(108,205,76,'kfihxjzo,','2013-10-25 10:18:50','0'),(109,204,69,'nakpllsp,','2013-10-25 10:19:05','0'),(110,206,84,'pxsbekmd,','2013-10-25 10:19:20','0'),(111,208,5,'lradzbee,','2013-10-25 10:19:34','0'),(112,209,20,'lbpnswvb,','2013-10-25 10:19:48','0'),(113,212,84,'ekaftmti,','2013-10-25 10:20:01','0'),(114,213,85,'dqfxnpcw,','2013-10-25 10:20:16','0'),(115,214,87,'wvlnggdz,','2013-10-25 10:20:32','0');
/*!40000 ALTER TABLE `quest_comment_flag` ENABLE KEYS */;
UNLOCK TABLES;

--
-- Table structure for table `quest_comment_love`
--

DROP TABLE IF EXISTS `quest_comment_love`;
/*!40101 SET @saved_cs_client     = @@character_set_client */;
/*!40101 SET character_set_client = utf8 */;
CREATE TABLE `quest_comment_love` (
  `id` int(11) NOT NULL AUTO_INCREMENT,
  `user_id` int(11) DEFAULT NULL,
  `quest_comment_id` int(11) NOT NULL,
  `date` datetime NOT NULL,
  PRIMARY KEY (`id`),
  UNIQUE KEY `Q_C_USER` (`user_id`,`quest_comment_id`),
  KEY `IDX_525AC5DBA76ED395` (`user_id`),
  KEY `IDX_525AC5DB70C77AF8` (`quest_comment_id`),
  CONSTRAINT `FK_525AC5DB70C77AF8` FOREIGN KEY (`quest_comment_id`) REFERENCES `quest_comment` (`id`) ON DELETE CASCADE,
  CONSTRAINT `FK_525AC5DBA76ED395` FOREIGN KEY (`user_id`) REFERENCES `user` (`id`)
) ENGINE=InnoDB AUTO_INCREMENT=116 DEFAULT CHARSET=utf8 COLLATE=utf8_unicode_ci;
/*!40101 SET character_set_client = @saved_cs_client */;

--
-- Dumping data for table `quest_comment_love`
--

LOCK TABLES `quest_comment_love` WRITE;
/*!40000 ALTER TABLE `quest_comment_love` DISABLE KEYS */;
INSERT INTO `quest_comment_love` VALUES (1,2,1,'2013-10-25 09:25:32'),(2,4,2,'2013-10-25 09:25:44'),(3,5,3,'2013-10-25 09:25:58'),(4,7,4,'2013-10-25 09:26:09'),(5,6,5,'2013-10-25 09:26:25'),(6,9,6,'2013-10-25 09:26:37'),(7,10,7,'2013-10-25 09:26:49'),(8,11,8,'2013-10-25 09:27:04'),(9,12,6,'2013-10-25 09:27:19'),(10,14,3,'2013-10-25 09:27:33'),(11,18,11,'2013-10-25 09:30:30'),(12,20,12,'2013-10-25 09:30:44'),(13,21,13,'2013-10-25 09:30:58'),(14,22,6,'2013-10-25 09:31:09'),(15,25,5,'2013-10-25 09:31:22'),(16,27,16,'2013-10-25 09:33:22'),(17,29,17,'2013-10-25 09:33:36'),(18,30,18,'2013-10-25 09:33:49'),(19,31,19,'2013-10-25 09:34:06'),(20,32,15,'2013-10-25 09:34:19'),(21,34,19,'2013-10-25 09:34:32'),(22,35,12,'2013-10-25 09:34:44'),(23,36,23,'2013-10-25 09:34:57'),(24,38,15,'2013-10-25 09:35:13'),(25,39,25,'2013-10-25 09:35:27'),(26,43,1,'2013-10-25 09:38:21'),(27,44,1,'2013-10-25 09:38:38'),(28,47,8,'2013-10-25 09:38:54'),(29,46,29,'2013-10-25 09:39:14'),(30,48,5,'2013-10-25 09:39:27'),(31,51,31,'2013-10-25 09:39:43'),(32,52,5,'2013-10-25 09:39:56'),(33,54,1,'2013-10-25 09:40:08'),(34,53,26,'2013-10-25 09:40:22'),(35,55,35,'2013-10-25 09:40:36'),(36,60,8,'2013-10-25 09:43:21'),(37,63,36,'2013-10-25 09:43:36'),(38,65,19,'2013-10-25 09:43:50'),(39,67,39,'2013-10-25 09:44:06'),(40,66,40,'2013-10-25 09:44:21'),(41,69,4,'2013-10-25 09:44:38'),(42,71,42,'2013-10-25 09:44:52'),(43,72,35,'2013-10-25 09:45:06'),(44,73,13,'2013-10-25 09:45:22'),(45,74,24,'2013-10-25 09:45:36'),(46,80,35,'2013-10-25 09:48:21'),(47,82,47,'2013-10-25 09:48:35'),(48,84,18,'2013-10-25 09:48:49'),(49,85,3,'2013-10-25 09:49:03'),(50,86,17,'2013-10-25 09:49:15'),(51,87,42,'2013-10-25 09:49:29'),(52,90,13,'2013-10-25 09:49:42'),(53,92,38,'2013-10-25 09:49:56'),(54,93,4,'2013-10-25 09:50:12'),(55,94,9,'2013-10-25 09:50:29'),(56,100,29,'2013-10-25 09:53:23'),(57,103,57,'2013-10-25 09:53:37'),(58,104,44,'2013-10-25 09:53:52'),(59,105,52,'2013-10-25 09:54:05'),(60,106,26,'2013-10-25 09:54:21'),(61,108,61,'2013-10-25 09:54:36'),(62,110,36,'2013-10-25 09:54:52'),(63,113,63,'2013-10-25 09:55:06'),(64,112,27,'2013-10-25 09:55:21'),(65,114,49,'2013-10-25 09:55:42'),(66,122,36,'2013-10-25 09:58:24'),(67,123,56,'2013-10-25 09:58:37'),(68,124,21,'2013-10-25 09:58:56'),(69,125,2,'2013-10-25 09:59:16'),(70,127,28,'2013-10-25 09:59:31'),(71,130,54,'2013-10-25 09:59:46'),(72,131,18,'2013-10-25 10:00:00'),(73,132,35,'2013-10-25 10:00:17'),(74,133,8,'2013-10-25 10:00:33'),(75,134,75,'2013-10-25 10:00:49'),(76,140,58,'2013-10-25 10:03:21'),(77,141,76,'2013-10-25 10:03:37'),(78,143,44,'2013-10-25 10:03:56'),(79,144,64,'2013-10-25 10:04:10'),(80,147,46,'2013-10-25 10:04:29'),(81,148,57,'2013-10-25 10:04:49'),(82,150,73,'2013-10-25 10:05:04'),(83,151,73,'2013-10-25 10:05:18'),(84,153,46,'2013-10-25 10:05:34'),(85,154,48,'2013-10-25 10:05:48'),(86,159,4,'2013-10-25 10:08:19'),(87,162,79,'2013-10-25 10:08:32'),(88,164,88,'2013-10-25 10:08:51'),(89,163,18,'2013-10-25 10:09:05'),(90,166,60,'2013-10-25 10:09:20'),(91,167,47,'2013-10-25 10:09:34'),(92,170,92,'2013-10-25 10:09:49'),(93,172,93,'2013-10-25 10:10:04'),(94,171,6,'2013-10-25 10:10:18'),(95,173,88,'2013-10-25 10:10:34'),(96,180,7,'2013-10-25 10:13:21'),(97,183,74,'2013-10-25 10:13:39'),(98,182,90,'2013-10-25 10:13:55'),(99,186,61,'2013-10-25 10:14:11'),(100,187,75,'2013-10-25 10:14:26'),(101,189,101,'2013-10-25 10:14:40'),(102,191,62,'2013-10-25 10:14:55'),(103,192,41,'2013-10-25 10:15:11'),(104,193,98,'2013-10-25 10:15:25'),(105,194,41,'2013-10-25 10:15:40'),(106,199,24,'2013-10-25 10:18:21'),(107,201,2,'2013-10-25 10:18:33'),(108,205,76,'2013-10-25 10:18:48'),(109,204,69,'2013-10-25 10:19:04'),(110,206,84,'2013-10-25 10:19:19'),(111,208,5,'2013-10-25 10:19:32'),(112,209,20,'2013-10-25 10:19:46'),(113,212,84,'2013-10-25 10:20:00'),(114,213,85,'2013-10-25 10:20:15'),(115,214,87,'2013-10-25 10:20:31');
/*!40000 ALTER TABLE `quest_comment_love` ENABLE KEYS */;
UNLOCK TABLES;

--
-- Table structure for table `quest_love`
--

DROP TABLE IF EXISTS `quest_love`;
/*!40101 SET @saved_cs_client     = @@character_set_client */;
/*!40101 SET character_set_client = utf8 */;
CREATE TABLE `quest_love` (
  `id` int(11) NOT NULL AUTO_INCREMENT,
  `user_id` int(11) DEFAULT NULL,
  `quest_id` int(11) DEFAULT NULL,
  `date` datetime NOT NULL,
  PRIMARY KEY (`id`),
  UNIQUE KEY `QUEST_USER` (`user_id`,`quest_id`),
  KEY `IDX_5988FCEFA76ED395` (`user_id`),
  KEY `IDX_5988FCEF209E9EF4` (`quest_id`),
  CONSTRAINT `FK_5988FCEF209E9EF4` FOREIGN KEY (`quest_id`) REFERENCES `quest` (`id`) ON DELETE CASCADE,
  CONSTRAINT `FK_5988FCEFA76ED395` FOREIGN KEY (`user_id`) REFERENCES `user` (`id`)
) ENGINE=InnoDB AUTO_INCREMENT=116 DEFAULT CHARSET=utf8 COLLATE=utf8_unicode_ci;
/*!40101 SET character_set_client = @saved_cs_client */;

--
-- Dumping data for table `quest_love`
--

LOCK TABLES `quest_love` WRITE;
/*!40000 ALTER TABLE `quest_love` DISABLE KEYS */;
INSERT INTO `quest_love` VALUES (1,2,27,'2013-10-25 09:25:28'),(2,4,32,'2013-10-25 09:25:41'),(3,5,1,'2013-10-25 09:25:54'),(4,7,1,'2013-10-25 09:26:06'),(5,6,12,'2013-10-25 09:26:21'),(6,9,7,'2013-10-25 09:26:34'),(7,10,19,'2013-10-25 09:26:45'),(8,11,24,'2013-10-25 09:27:00'),(9,12,7,'2013-10-25 09:27:15'),(10,14,1,'2013-10-25 09:27:29'),(11,18,15,'2013-10-25 09:30:26'),(12,20,19,'2013-10-25 09:30:40'),(13,21,15,'2013-10-25 09:30:54'),(14,22,7,'2013-10-25 09:31:06'),(15,25,12,'2013-10-25 09:31:18'),(16,27,15,'2013-10-25 09:33:18'),(17,29,19,'2013-10-25 09:33:32'),(18,30,30,'2013-10-25 09:33:46'),(19,31,32,'2013-10-25 09:34:02'),(20,32,12,'2013-10-25 09:34:15'),(21,34,32,'2013-10-25 09:34:28'),(22,35,19,'2013-10-25 09:34:41'),(23,36,15,'2013-10-25 09:34:54'),(24,38,12,'2013-10-25 09:35:09'),(25,39,11,'2013-10-25 09:35:23'),(26,43,27,'2013-10-25 09:38:18'),(27,44,27,'2013-10-25 09:38:34'),(28,47,24,'2013-10-25 09:38:50'),(29,46,15,'2013-10-25 09:39:09'),(30,48,12,'2013-10-25 09:39:24'),(31,51,7,'2013-10-25 09:39:39'),(32,52,12,'2013-10-25 09:39:53'),(33,54,27,'2013-10-25 09:40:05'),(34,53,27,'2013-10-25 09:40:18'),(35,55,11,'2013-10-25 09:40:32'),(36,60,24,'2013-10-25 09:43:17'),(37,63,24,'2013-10-25 09:43:32'),(38,65,32,'2013-10-25 09:43:46'),(39,67,24,'2013-10-25 09:44:02'),(40,66,15,'2013-10-25 09:44:18'),(41,69,1,'2013-10-25 09:44:33'),(42,71,1,'2013-10-25 09:44:47'),(43,72,11,'2013-10-25 09:45:03'),(44,73,15,'2013-10-25 09:45:19'),(45,74,12,'2013-10-25 09:45:33'),(46,80,11,'2013-10-25 09:48:18'),(47,82,30,'2013-10-25 09:48:32'),(48,84,30,'2013-10-25 09:48:46'),(49,85,1,'2013-10-25 09:48:58'),(50,86,19,'2013-10-25 09:49:12'),(51,87,1,'2013-10-25 09:49:25'),(52,90,15,'2013-10-25 09:49:39'),(53,92,32,'2013-10-25 09:49:53'),(54,93,1,'2013-10-25 09:50:08'),(55,94,7,'2013-10-25 09:50:24'),(56,100,15,'2013-10-25 09:53:20'),(57,103,30,'2013-10-25 09:53:33'),(58,104,15,'2013-10-25 09:53:48'),(59,105,15,'2013-10-25 09:54:02'),(60,106,27,'2013-10-25 09:54:17'),(61,108,30,'2013-10-25 09:54:32'),(62,110,24,'2013-10-25 09:54:48'),(63,113,15,'2013-10-25 09:55:02'),(64,112,27,'2013-10-25 09:55:17'),(65,114,1,'2013-10-25 09:55:38'),(66,122,24,'2013-10-25 09:58:20'),(67,123,15,'2013-10-25 09:58:33'),(68,124,32,'2013-10-25 09:58:53'),(69,125,32,'2013-10-25 09:59:13'),(70,127,24,'2013-10-25 09:59:27'),(71,130,1,'2013-10-25 09:59:43'),(72,131,30,'2013-10-25 09:59:56'),(73,132,11,'2013-10-25 10:00:13'),(74,133,24,'2013-10-25 10:00:28'),(75,134,7,'2013-10-25 10:00:45'),(76,140,15,'2013-10-25 10:03:18'),(77,141,15,'2013-10-25 10:03:33'),(78,143,15,'2013-10-25 10:03:52'),(79,144,27,'2013-10-25 10:04:06'),(80,147,11,'2013-10-25 10:04:24'),(81,148,30,'2013-10-25 10:04:44'),(82,150,11,'2013-10-25 10:05:00'),(83,151,11,'2013-10-25 10:05:14'),(84,153,11,'2013-10-25 10:05:30'),(85,154,30,'2013-10-25 10:05:45'),(86,159,1,'2013-10-25 10:08:16'),(87,162,27,'2013-10-25 10:08:29'),(88,164,11,'2013-10-25 10:08:45'),(89,163,30,'2013-10-25 10:09:00'),(90,166,27,'2013-10-25 10:09:16'),(91,167,30,'2013-10-25 10:09:31'),(92,170,11,'2013-10-25 10:09:45'),(93,172,32,'2013-10-25 10:10:02'),(94,171,7,'2013-10-25 10:10:14'),(95,173,11,'2013-10-25 10:10:30'),(96,180,19,'2013-10-25 10:13:17'),(97,183,24,'2013-10-25 10:13:34'),(98,182,27,'2013-10-25 10:13:52'),(99,186,30,'2013-10-25 10:14:07'),(100,187,7,'2013-10-25 10:14:21'),(101,189,7,'2013-10-25 10:14:36'),(102,191,24,'2013-10-25 10:14:51'),(103,192,1,'2013-10-25 10:15:07'),(104,193,27,'2013-10-25 10:15:21'),(105,194,1,'2013-10-25 10:15:37'),(106,199,12,'2013-10-25 10:18:17'),(107,201,32,'2013-10-25 10:18:30'),(108,205,15,'2013-10-25 10:18:44'),(109,204,32,'2013-10-25 10:19:00'),(110,206,11,'2013-10-25 10:19:15'),(111,208,12,'2013-10-25 10:19:29'),(112,209,12,'2013-10-25 10:19:43'),(113,212,11,'2013-10-25 10:19:56'),(114,213,30,'2013-10-25 10:20:10'),(115,214,27,'2013-10-25 10:20:27');
/*!40000 ALTER TABLE `quest_love` ENABLE KEYS */;
UNLOCK TABLES;

--
-- Table structure for table `quest_translation`
--

DROP TABLE IF EXISTS `quest_translation`;
/*!40101 SET @saved_cs_client     = @@character_set_client */;
/*!40101 SET character_set_client = utf8 */;
CREATE TABLE `quest_translation` (
  `id` int(11) NOT NULL AUTO_INCREMENT,
  `quest_id` int(11) DEFAULT NULL,
  `locale` varchar(8) COLLATE utf8_unicode_ci NOT NULL,
  `field` varchar(32) COLLATE utf8_unicode_ci NOT NULL,
  `content` longtext COLLATE utf8_unicode_ci,
  PRIMARY KEY (`id`),
  UNIQUE KEY `unique_quest_translation_idx` (`locale`,`quest_id`,`field`),
  KEY `IDX_8339D098209E9EF4` (`quest_id`),
  CONSTRAINT `FK_8339D098209E9EF4` FOREIGN KEY (`quest_id`) REFERENCES `quest` (`id`) ON DELETE CASCADE
) ENGINE=InnoDB AUTO_INCREMENT=190 DEFAULT CHARSET=utf8 COLLATE=utf8_unicode_ci;
/*!40101 SET character_set_client = @saved_cs_client */;

--
-- Dumping data for table `quest_translation`
--

LOCK TABLES `quest_translation` WRITE;
/*!40000 ALTER TABLE `quest_translation` DISABLE KEYS */;
INSERT INTO `quest_translation` VALUES (1,1,'en_EN','name','Tutorial'),(2,1,'fr_FR','name','Tutoriel'),(3,1,'zh_CN','name','教程'),(10,3,'fr_FR','name',NULL),(11,3,'fr_FR','tags',NULL),(12,3,'fr_FR','motto',NULL),(13,3,'zh_CN','name',NULL),(14,3,'zh_CN','tags',NULL),(15,3,'zh_CN','motto',NULL),(16,4,'fr_FR','name',NULL),(17,4,'fr_FR','tags',NULL),(18,4,'fr_FR','motto',NULL),(19,4,'zh_CN','name',NULL),(20,4,'zh_CN','tags',NULL),(21,4,'zh_CN','motto',NULL),(22,5,'fr_FR','name',NULL),(23,5,'fr_FR','tags',NULL),(24,5,'fr_FR','motto',NULL),(25,5,'zh_CN','name',NULL),(26,5,'zh_CN','tags',NULL),(27,5,'zh_CN','motto',NULL),(28,6,'fr_FR','name',NULL),(29,6,'fr_FR','tags',NULL),(30,6,'fr_FR','motto',NULL),(31,6,'zh_CN','name',NULL),(32,6,'zh_CN','tags',NULL),(33,6,'zh_CN','motto',NULL),(34,7,'fr_FR','name',NULL),(35,7,'fr_FR','tags',NULL),(36,7,'fr_FR','motto',NULL),(37,7,'zh_CN','name',NULL),(38,7,'zh_CN','tags',NULL),(39,7,'zh_CN','motto',NULL),(40,8,'fr_FR','name',NULL),(41,8,'fr_FR','tags',NULL),(42,8,'fr_FR','motto',NULL),(43,8,'zh_CN','name',NULL),(44,8,'zh_CN','tags',NULL),(45,8,'zh_CN','motto',NULL),(46,9,'fr_FR','name',NULL),(47,9,'fr_FR','tags',NULL),(48,9,'fr_FR','motto',NULL),(49,9,'zh_CN','name',NULL),(50,9,'zh_CN','tags',NULL),(51,9,'zh_CN','motto',NULL),(52,10,'fr_FR','name',NULL),(53,10,'fr_FR','tags',NULL),(54,10,'fr_FR','motto',NULL),(55,10,'zh_CN','name',NULL),(56,10,'zh_CN','tags',NULL),(57,10,'zh_CN','motto',NULL),(58,11,'fr_FR','name',NULL),(59,11,'fr_FR','tags',NULL),(60,11,'fr_FR','motto',NULL),(61,11,'zh_CN','name',NULL),(62,11,'zh_CN','tags',NULL),(63,11,'zh_CN','motto',NULL),(64,12,'fr_FR','name',NULL),(65,12,'fr_FR','tags',NULL),(66,12,'fr_FR','motto',NULL),(67,12,'zh_CN','name',NULL),(68,12,'zh_CN','tags',NULL),(69,12,'zh_CN','motto',NULL),(70,13,'fr_FR','name',NULL),(71,13,'fr_FR','tags',NULL),(72,13,'fr_FR','motto',NULL),(73,13,'zh_CN','name',NULL),(74,13,'zh_CN','tags',NULL),(75,13,'zh_CN','motto',NULL),(76,14,'fr_FR','name',NULL),(77,14,'fr_FR','tags',NULL),(78,14,'fr_FR','motto',NULL),(79,14,'zh_CN','name',NULL),(80,14,'zh_CN','tags',NULL),(81,14,'zh_CN','motto',NULL),(82,15,'fr_FR','name',NULL),(83,15,'fr_FR','tags',NULL),(84,15,'fr_FR','motto',NULL),(85,15,'zh_CN','name',NULL),(86,15,'zh_CN','tags',NULL),(87,15,'zh_CN','motto',NULL),(88,16,'fr_FR','name',NULL),(89,16,'fr_FR','tags',NULL),(90,16,'fr_FR','motto',NULL),(91,16,'zh_CN','name',NULL),(92,16,'zh_CN','tags',NULL),(93,16,'zh_CN','motto',NULL),(94,17,'fr_FR','name',NULL),(95,17,'fr_FR','tags',NULL),(96,17,'fr_FR','motto',NULL),(97,17,'zh_CN','name',NULL),(98,17,'zh_CN','tags',NULL),(99,17,'zh_CN','motto',NULL),(100,18,'fr_FR','name',NULL),(101,18,'fr_FR','tags',NULL),(102,18,'fr_FR','motto',NULL),(103,18,'zh_CN','name',NULL),(104,18,'zh_CN','tags',NULL),(105,18,'zh_CN','motto',NULL),(106,19,'fr_FR','name',NULL),(107,19,'fr_FR','tags',NULL),(108,19,'fr_FR','motto',NULL),(109,19,'zh_CN','name',NULL),(110,19,'zh_CN','tags',NULL),(111,19,'zh_CN','motto',NULL),(112,20,'fr_FR','name',NULL),(113,20,'fr_FR','tags',NULL),(114,20,'fr_FR','motto',NULL),(115,20,'zh_CN','name',NULL),(116,20,'zh_CN','tags',NULL),(117,20,'zh_CN','motto',NULL),(118,21,'fr_FR','name',NULL),(119,21,'fr_FR','tags',NULL),(120,21,'fr_FR','motto',NULL),(121,21,'zh_CN','name',NULL),(122,21,'zh_CN','tags',NULL),(123,21,'zh_CN','motto',NULL),(124,22,'fr_FR','name',NULL),(125,22,'fr_FR','tags',NULL),(126,22,'fr_FR','motto',NULL),(127,22,'zh_CN','name',NULL),(128,22,'zh_CN','tags',NULL),(129,22,'zh_CN','motto',NULL),(130,23,'fr_FR','name',NULL),(131,23,'fr_FR','tags',NULL),(132,23,'fr_FR','motto',NULL),(133,23,'zh_CN','name',NULL),(134,23,'zh_CN','tags',NULL),(135,23,'zh_CN','motto',NULL),(136,24,'fr_FR','name',NULL),(137,24,'fr_FR','tags',NULL),(138,24,'fr_FR','motto',NULL),(139,24,'zh_CN','name',NULL),(140,24,'zh_CN','tags',NULL),(141,24,'zh_CN','motto',NULL),(142,25,'fr_FR','name',NULL),(143,25,'fr_FR','tags',NULL),(144,25,'fr_FR','motto',NULL),(145,25,'zh_CN','name',NULL),(146,25,'zh_CN','tags',NULL),(147,25,'zh_CN','motto',NULL),(148,26,'fr_FR','name',NULL),(149,26,'fr_FR','tags',NULL),(150,26,'fr_FR','motto',NULL),(151,26,'zh_CN','name',NULL),(152,26,'zh_CN','tags',NULL),(153,26,'zh_CN','motto',NULL),(154,27,'fr_FR','name',NULL),(155,27,'fr_FR','tags',NULL),(156,27,'fr_FR','motto',NULL),(157,27,'zh_CN','name',NULL),(158,27,'zh_CN','tags',NULL),(159,27,'zh_CN','motto',NULL),(160,28,'fr_FR','name',NULL),(161,28,'fr_FR','tags',NULL),(162,28,'fr_FR','motto',NULL),(163,28,'zh_CN','name',NULL),(164,28,'zh_CN','tags',NULL),(165,28,'zh_CN','motto',NULL),(166,29,'fr_FR','name',NULL),(167,29,'fr_FR','tags',NULL),(168,29,'fr_FR','motto',NULL),(169,29,'zh_CN','name',NULL),(170,29,'zh_CN','tags',NULL),(171,29,'zh_CN','motto',NULL),(172,30,'fr_FR','name',NULL),(173,30,'fr_FR','tags',NULL),(174,30,'fr_FR','motto',NULL),(175,30,'zh_CN','name',NULL),(176,30,'zh_CN','tags',NULL),(177,30,'zh_CN','motto',NULL),(178,31,'fr_FR','name',NULL),(179,31,'fr_FR','tags',NULL),(180,31,'fr_FR','motto',NULL),(181,31,'zh_CN','name',NULL),(182,31,'zh_CN','tags',NULL),(183,31,'zh_CN','motto',NULL),(184,32,'fr_FR','name',NULL),(185,32,'fr_FR','tags',NULL),(186,32,'fr_FR','motto',NULL),(187,32,'zh_CN','name',NULL),(188,32,'zh_CN','tags',NULL),(189,32,'zh_CN','motto',NULL);
/*!40000 ALTER TABLE `quest_translation` ENABLE KEYS */;
UNLOCK TABLES;

--
-- Table structure for table `roles`
--

DROP TABLE IF EXISTS `roles`;
/*!40101 SET @saved_cs_client     = @@character_set_client */;
/*!40101 SET character_set_client = utf8 */;
CREATE TABLE `roles` (
  `id` int(11) NOT NULL AUTO_INCREMENT,
  `name` varchar(30) COLLATE utf8_unicode_ci NOT NULL,
  `role` varchar(20) COLLATE utf8_unicode_ci NOT NULL,
  PRIMARY KEY (`id`),
  UNIQUE KEY `UNIQ_B63E2EC757698A6A` (`role`)
) ENGINE=InnoDB AUTO_INCREMENT=4 DEFAULT CHARSET=utf8 COLLATE=utf8_unicode_ci;
/*!40101 SET character_set_client = @saved_cs_client */;

--
-- Dumping data for table `roles`
--

LOCK TABLES `roles` WRITE;
/*!40000 ALTER TABLE `roles` DISABLE KEYS */;
INSERT INTO `roles` VALUES (1,'superadmin','ROLE_SUPER_ADMIN'),(2,'admin','ROLE_ADMIN'),(3,'user','ROLE_USER');
/*!40000 ALTER TABLE `roles` ENABLE KEYS */;
UNLOCK TABLES;

--
-- Table structure for table `session`
--

DROP TABLE IF EXISTS `session`;
/*!40101 SET @saved_cs_client     = @@character_set_client */;
/*!40101 SET character_set_client = utf8 */;
CREATE TABLE `session` (
  `session_id` varchar(255) COLLATE utf8_unicode_ci NOT NULL,
  `session_value` longtext COLLATE utf8_unicode_ci NOT NULL,
  `session_time` int(11) NOT NULL,
  PRIMARY KEY (`session_id`)
) ENGINE=InnoDB DEFAULT CHARSET=utf8 COLLATE=utf8_unicode_ci;
/*!40101 SET character_set_client = @saved_cs_client */;

--
-- Dumping data for table `session`
--

LOCK TABLES `session` WRITE;
/*!40000 ALTER TABLE `session` DISABLE KEYS */;
INSERT INTO `session` VALUES ('222023ea80ph91t112mohl0a26','X3NmMl9hdHRyaWJ1dGVzfGE6MTp7czo3OiJfbG9jYWxlIjtzOjU6ImVuX0VOIjt9X3NmMl9mbGFzaGVzfGE6MDp7fV9zZjJfbWV0YXxhOjM6e3M6MToidSI7aToxMzgyNjk2MTEyO3M6MToiYyI7aToxMzgyNjk1MzkzO3M6MToibCI7czoxOiIwIjt9',1382696112),('7kgumoj8obh1lrd4p32sjs6jm6','X3NmMl9hdHRyaWJ1dGVzfGE6MTp7czo3OiJfbG9jYWxlIjtzOjU6ImVuX0VOIjt9X3NmMl9mbGFzaGVzfGE6MDp7fV9zZjJfbWV0YXxhOjM6e3M6MToidSI7aToxMzgyNjk1ODM3O3M6MToiYyI7aToxMzgyNjk1NjkxO3M6MToibCI7czoxOiIwIjt9',1382695837),('9r5ck6645edchsp6k0l2pggtt7','X3NmMl9hdHRyaWJ1dGVzfGE6MTp7czo3OiJfbG9jYWxlIjtzOjU6ImVuX0VOIjt9X3NmMl9mbGFzaGVzfGE6MDp7fV9zZjJfbWV0YXxhOjM6e3M6MToidSI7aToxMzgyNjk1MjM5O3M6MToiYyI7aToxMzgyNjk0NDkyO3M6MToibCI7czoxOiIwIjt9',1382695239),('9ra4i6j7sp7jj8ip057o7dpso0','X3NmMl9hdHRyaWJ1dGVzfGE6MTp7czo3OiJfbG9jYWxlIjtzOjU6ImVuX0VOIjt9X3NmMl9mbGFzaGVzfGE6MDp7fV9zZjJfbWV0YXxhOjM6e3M6MToidSI7aToxMzgyNjk2NDM1O3M6MToiYyI7aToxMzgyNjk2MjkyO3M6MToibCI7czoxOiIwIjt9',1382696435),('bjkng4k05n1eta442f1gsig8l6','X3NmMl9hdHRyaWJ1dGVzfGE6MTp7czo3OiJfbG9jYWxlIjtzOjU6ImVuX0VOIjt9X3NmMl9mbGFzaGVzfGE6MDp7fV9zZjJfbWV0YXxhOjM6e3M6MToidSI7aToxMzgyNjk0OTY3O3M6MToiYyI7aToxMzgyNjk0MTk1O3M6MToibCI7czoxOiIwIjt9',1382694967),('dc0ps11nl18ukps16ogjsfs8l1','X3NmMl9hdHRyaWJ1dGVzfGE6Mjp7czozNDoiX3NlY3VyaXR5LnNlY3VyZWRfYXJlYS50YXJnZXRfcGF0aCI7czo2OToiaHR0cDovL21jMi1zdGFnaW5nLTE3ODY1NzE1MjYudXMtd2VzdC0xLmVsYi5hbWF6b25hd3MuY29tL3F1ZXN0cy9saXN0IjtzOjIyOiJfc2VjdXJpdHlfc2VjdXJlZF9hcmVhIjtzOjc0ODoiQzo3NDoiU3ltZm9ueVxDb21wb25lbnRcU2VjdXJpdHlcQ29yZVxBdXRoZW50aWNhdGlvblxUb2tlblxVc2VybmFtZVBhc3N3b3JkVG9rZW4iOjY2MDp7YTozOntpOjA7TjtpOjE7czoxMjoic2VjdXJlZF9hcmVhIjtpOjI7czo2MTE6ImE6NDp7aTowO0M6MjY6Ik1DMlxVc2VyQnVuZGxlXEVudGl0eVxVc2VyIjoxNDp7YToxOntpOjA7aToxO319aToxO2I6MTtpOjI7YToxOntpOjA7TzoyNjoiTUMyXFVzZXJCdW5kbGVcRW50aXR5XFJvbGUiOjQ6e3M6MzA6IgBNQzJcVXNlckJ1bmRsZVxFbnRpdHlcUm9sZQBpZCI7aToxO3M6MzI6IgBNQzJcVXNlckJ1bmRsZVxFbnRpdHlcUm9sZQBuYW1lIjtzOjEwOiJzdXBlcmFkbWluIjtzOjMyOiIATUMyXFVzZXJCdW5kbGVcRW50aXR5XFJvbGUAcm9sZSI7czoxNjoiUk9MRV9TVVBFUl9BRE1JTiI7czozMzoiAE1DMlxVc2VyQnVuZGxlXEVudGl0eVxSb2xlAHVzZXJzIjtPOjMzOiJEb2N0cmluZVxPUk1cUGVyc2lzdGVudENvbGxlY3Rpb24iOjI6e3M6Mzk6IgBEb2N0cmluZVxPUk1cUGVyc2lzdGVudENvbGxlY3Rpb24AY29sbCI7Tzo0MzoiRG9jdHJpbmVcQ29tbW9uXENvbGxlY3Rpb25zXEFycmF5Q29sbGVjdGlvbiI6MTp7czo1NDoiAERvY3RyaW5lXENvbW1vblxDb2xsZWN0aW9uc1xBcnJheUNvbGxlY3Rpb24AX2VsZW1lbnRzIjthOjA6e319czo0NjoiAERvY3RyaW5lXE9STVxQZXJzaXN0ZW50Q29sbGVjdGlvbgBpbml0aWFsaXplZCI7YjowO319fWk6MzthOjA6e319Ijt9fSI7fV9zZjJfZmxhc2hlc3xhOjA6e31fc2YyX21ldGF8YTozOntzOjE6InUiO2k6MTM4MjcwNDg3NjtzOjE6ImMiO2k6MTM4MjcwMzMyMztzOjE6ImwiO3M6MToiMCI7fQ==',1382704876),('dtpfpttuvg5433r4geflhgiig5','X3NmMl9hdHRyaWJ1dGVzfGE6MTp7czozNDoiX3NlY3VyaXR5LnNlY3VyZWRfYXJlYS50YXJnZXRfcGF0aCI7czoyMToiaHR0cDovL2lwLTEwLTAtMjItMTIvIjt9X3NmMl9mbGFzaGVzfGE6MDp7fV9zZjJfbWV0YXxhOjM6e3M6MToidSI7aToxMzgyNjk1MjA2O3M6MToiYyI7aToxMzgyNjk1MjA2O3M6MToibCI7czoxOiIwIjt9',1382695206),('g8jvdd5rn6jkah33hckdc9kfl6','X3NmMl9hdHRyaWJ1dGVzfGE6MTp7czo3OiJfbG9jYWxlIjtzOjU6ImVuX0VOIjt9X3NmMl9mbGFzaGVzfGE6MDp7fV9zZjJfbWV0YXxhOjM6e3M6MToidSI7aToxMzgyNjk3MDY1O3M6MToiYyI7aToxMzgyNjk2Mjk0O3M6MToibCI7czoxOiIwIjt9',1382697065),('h0nta9f6sdd583gkutoovmsse7','X3NmMl9hdHRyaWJ1dGVzfGE6MTp7czo3OiJfbG9jYWxlIjtzOjU6ImVuX0VOIjt9X3NmMl9mbGFzaGVzfGE6MDp7fV9zZjJfbWV0YXxhOjM6e3M6MToidSI7aToxMzgyNjk2NDI4O3M6MToiYyI7aToxMzgyNjk1Njk1O3M6MToibCI7czoxOiIwIjt9',1382696428),('p27qit23krpd458bbds3e7b1j6','X3NmMl9hdHRyaWJ1dGVzfGE6MTp7czo3OiJfbG9jYWxlIjtzOjU6ImVuX0VOIjt9X3NmMl9mbGFzaGVzfGE6MDp7fV9zZjJfbWV0YXxhOjM6e3M6MToidSI7aToxMzgyNjk1NTUxO3M6MToiYyI7aToxMzgyNjk1MzkyO3M6MToibCI7czoxOiIwIjt9',1382695551),('pfm14fjfmv2qpmtnr54k49p7r7','X3NmMl9hdHRyaWJ1dGVzfGE6MTp7czo3OiJfbG9jYWxlIjtzOjU6ImVuX0VOIjt9X3NmMl9mbGFzaGVzfGE6MDp7fV9zZjJfbWV0YXxhOjM6e3M6MToidSI7aToxMzgyNjk1OTAwO3M6MToiYyI7aToxMzgyNjk1MDk2O3M6MToibCI7czoxOiIwIjt9',1382695900),('q850qmnvc0mhi6mh699c9bj4m3','X3NmMl9hdHRyaWJ1dGVzfGE6MTp7czo3OiJfbG9jYWxlIjtzOjU6ImVuX0VOIjt9X3NmMl9mbGFzaGVzfGE6MDp7fV9zZjJfbWV0YXxhOjM6e3M6MToidSI7aToxMzgyNjk2NzU3O3M6MToiYyI7aToxMzgyNjk1OTkzO3M6MToibCI7czoxOiIwIjt9',1382696757),('socmht7l0dcplqnp8uvf6tprs3','X3NmMl9hdHRyaWJ1dGVzfGE6Mjp7czozNDoiX3NlY3VyaXR5LnNlY3VyZWRfYXJlYS50YXJnZXRfcGF0aCI7czo1ODoiaHR0cDovL21jMi1zdGFnaW5nLTE3ODY1NzE1MjYudXMtd2VzdC0xLmVsYi5hbWF6b25hd3MuY29tLyI7czoyMjoiX3NlY3VyaXR5X3NlY3VyZWRfYXJlYSI7czo3NDg6IkM6NzQ6IlN5bWZvbnlcQ29tcG9uZW50XFNlY3VyaXR5XENvcmVcQXV0aGVudGljYXRpb25cVG9rZW5cVXNlcm5hbWVQYXNzd29yZFRva2VuIjo2NjA6e2E6Mzp7aTowO047aToxO3M6MTI6InNlY3VyZWRfYXJlYSI7aToyO3M6NjExOiJhOjQ6e2k6MDtDOjI2OiJNQzJcVXNlckJ1bmRsZVxFbnRpdHlcVXNlciI6MTQ6e2E6MTp7aTowO2k6MTt9fWk6MTtiOjE7aToyO2E6MTp7aTowO086MjY6Ik1DMlxVc2VyQnVuZGxlXEVudGl0eVxSb2xlIjo0OntzOjMwOiIATUMyXFVzZXJCdW5kbGVcRW50aXR5XFJvbGUAaWQiO2k6MTtzOjMyOiIATUMyXFVzZXJCdW5kbGVcRW50aXR5XFJvbGUAbmFtZSI7czoxMDoic3VwZXJhZG1pbiI7czozMjoiAE1DMlxVc2VyQnVuZGxlXEVudGl0eVxSb2xlAHJvbGUiO3M6MTY6IlJPTEVfU1VQRVJfQURNSU4iO3M6MzM6IgBNQzJcVXNlckJ1bmRsZVxFbnRpdHlcUm9sZQB1c2VycyI7TzozMzoiRG9jdHJpbmVcT1JNXFBlcnNpc3RlbnRDb2xsZWN0aW9uIjoyOntzOjM5OiIARG9jdHJpbmVcT1JNXFBlcnNpc3RlbnRDb2xsZWN0aW9uAGNvbGwiO086NDM6IkRvY3RyaW5lXENvbW1vblxDb2xsZWN0aW9uc1xBcnJheUNvbGxlY3Rpb24iOjE6e3M6NTQ6IgBEb2N0cmluZVxDb21tb25cQ29sbGVjdGlvbnNcQXJyYXlDb2xsZWN0aW9uAF9lbGVtZW50cyI7YTowOnt9fXM6NDY6IgBEb2N0cmluZVxPUk1cUGVyc2lzdGVudENvbGxlY3Rpb24AaW5pdGlhbGl6ZWQiO2I6MDt9fX1pOjM7YTowOnt9fSI7fX0iO31fc2YyX2ZsYXNoZXN8YTowOnt9X3NmMl9tZXRhfGE6Mzp7czoxOiJ1IjtpOjEzODI3MDQ1Njg7czoxOiJjIjtpOjEzODI3MDQ1Mjc7czoxOiJsIjtzOjE6IjAiO30=',1382704569),('svadsm25g2bj9nggmc9pthuh25','X3NmMl9hdHRyaWJ1dGVzfGE6MTp7czo3OiJfbG9jYWxlIjtzOjU6ImVuX0VOIjt9X3NmMl9mbGFzaGVzfGE6MDp7fV9zZjJfbWV0YXxhOjM6e3M6MToidSI7aToxMzgyNjk1MjUyO3M6MToiYyI7aToxMzgyNjk1MDkxO3M6MToibCI7czoxOiIwIjt9',1382695252),('t3unjan7alg2dd6ug0f4ak0dc5','X3NmMl9hdHRyaWJ1dGVzfGE6MTp7czo3OiJfbG9jYWxlIjtzOjU6ImVuX0VOIjt9X3NmMl9mbGFzaGVzfGE6MDp7fV9zZjJfbWV0YXxhOjM6e3M6MToidSI7aToxMzgyNjk1NTg0O3M6MToiYyI7aToxMzgyNjk0Nzk0O3M6MToibCI7czoxOiIwIjt9',1382695584),('tkoaod9aciccjc20t80vfhhdu3','X3NmMl9hdHRyaWJ1dGVzfGE6Mjp7czozNDoiX3NlY3VyaXR5LnNlY3VyZWRfYXJlYS50YXJnZXRfcGF0aCI7czo1ODoiaHR0cDovL21jMi1zdGFnaW5nLTE3ODY1NzE1MjYudXMtd2VzdC0xLmVsYi5hbWF6b25hd3MuY29tLyI7czoyMjoiX3NlY3VyaXR5X3NlY3VyZWRfYXJlYSI7czo3NDg6IkM6NzQ6IlN5bWZvbnlcQ29tcG9uZW50XFNlY3VyaXR5XENvcmVcQXV0aGVudGljYXRpb25cVG9rZW5cVXNlcm5hbWVQYXNzd29yZFRva2VuIjo2NjA6e2E6Mzp7aTowO047aToxO3M6MTI6InNlY3VyZWRfYXJlYSI7aToyO3M6NjExOiJhOjQ6e2k6MDtDOjI2OiJNQzJcVXNlckJ1bmRsZVxFbnRpdHlcVXNlciI6MTQ6e2E6MTp7aTowO2k6MTt9fWk6MTtiOjE7aToyO2E6MTp7aTowO086MjY6Ik1DMlxVc2VyQnVuZGxlXEVudGl0eVxSb2xlIjo0OntzOjMwOiIATUMyXFVzZXJCdW5kbGVcRW50aXR5XFJvbGUAaWQiO2k6MTtzOjMyOiIATUMyXFVzZXJCdW5kbGVcRW50aXR5XFJvbGUAbmFtZSI7czoxMDoic3VwZXJhZG1pbiI7czozMjoiAE1DMlxVc2VyQnVuZGxlXEVudGl0eVxSb2xlAHJvbGUiO3M6MTY6IlJPTEVfU1VQRVJfQURNSU4iO3M6MzM6IgBNQzJcVXNlckJ1bmRsZVxFbnRpdHlcUm9sZQB1c2VycyI7TzozMzoiRG9jdHJpbmVcT1JNXFBlcnNpc3RlbnRDb2xsZWN0aW9uIjoyOntzOjM5OiIARG9jdHJpbmVcT1JNXFBlcnNpc3RlbnRDb2xsZWN0aW9uAGNvbGwiO086NDM6IkRvY3RyaW5lXENvbW1vblxDb2xsZWN0aW9uc1xBcnJheUNvbGxlY3Rpb24iOjE6e3M6NTQ6IgBEb2N0cmluZVxDb21tb25cQ29sbGVjdGlvbnNcQXJyYXlDb2xsZWN0aW9uAF9lbGVtZW50cyI7YTowOnt9fXM6NDY6IgBEb2N0cmluZVxPUk1cUGVyc2lzdGVudENvbGxlY3Rpb24AaW5pdGlhbGl6ZWQiO2I6MDt9fX1pOjM7YTowOnt9fSI7fX0iO31fc2YyX2ZsYXNoZXN8YTowOnt9X3NmMl9tZXRhfGE6Mzp7czoxOiJ1IjtpOjEzODI3MDYwNDc7czoxOiJjIjtpOjEzODI3MDQ3NTg7czoxOiJsIjtzOjE6IjAiO30=',1382706047),('urs83720il6dv44d4ftlfkvd27','X3NmMl9hdHRyaWJ1dGVzfGE6MTp7czo3OiJfbG9jYWxlIjtzOjU6ImVuX0VOIjt9X3NmMl9mbGFzaGVzfGE6MDp7fV9zZjJfbWV0YXxhOjM6e3M6MToidSI7aToxMzgyNjk2MTQzO3M6MToiYyI7aToxMzgyNjk1OTkyO3M6MToibCI7czoxOiIwIjt9',1382696143);
/*!40000 ALTER TABLE `session` ENABLE KEYS */;
UNLOCK TABLES;

--
-- Table structure for table `stage`
--

DROP TABLE IF EXISTS `stage`;
/*!40101 SET @saved_cs_client     = @@character_set_client */;
/*!40101 SET character_set_client = utf8 */;
CREATE TABLE `stage` (
  `id` int(11) NOT NULL AUTO_INCREMENT,
  `quest_id` int(11) DEFAULT NULL,
  `nr` int(11) NOT NULL,
  `minActions` int(11) NOT NULL,
  PRIMARY KEY (`id`),
  KEY `IDX_C27C9369209E9EF4` (`quest_id`),
  CONSTRAINT `FK_C27C9369209E9EF4` FOREIGN KEY (`quest_id`) REFERENCES `quest` (`id`) ON DELETE CASCADE
) ENGINE=InnoDB AUTO_INCREMENT=33 DEFAULT CHARSET=utf8 COLLATE=utf8_unicode_ci;
/*!40101 SET character_set_client = @saved_cs_client */;

--
-- Dumping data for table `stage`
--

LOCK TABLES `stage` WRITE;
/*!40000 ALTER TABLE `stage` DISABLE KEYS */;
INSERT INTO `stage` VALUES (1,1,1,3),(3,3,1,1),(4,4,1,1),(5,5,1,1),(6,6,1,1),(7,7,1,1),(8,8,1,1),(9,9,1,1),(10,10,1,1),(11,11,1,1),(12,12,1,1),(13,13,1,1),(14,14,1,1),(15,15,1,1),(16,16,1,1),(17,17,1,1),(18,18,1,1),(19,19,1,1),(20,20,1,1),(21,21,1,1),(22,22,1,1),(23,23,1,1),(24,24,1,1),(25,25,1,1),(26,26,1,1),(27,27,1,1),(28,28,1,1),(29,29,1,1),(30,30,1,1),(31,31,1,1),(32,32,1,1);
/*!40000 ALTER TABLE `stage` ENABLE KEYS */;
UNLOCK TABLES;

--
-- Table structure for table `user`
--

DROP TABLE IF EXISTS `user`;
/*!40101 SET @saved_cs_client     = @@character_set_client */;
/*!40101 SET character_set_client = utf8 */;
CREATE TABLE `user` (
  `id` int(11) NOT NULL AUTO_INCREMENT,
  `email` varchar(100) COLLATE utf8_unicode_ci NOT NULL,
  `password` varchar(40) COLLATE utf8_unicode_ci NOT NULL,
  `salt` varchar(32) COLLATE utf8_unicode_ci NOT NULL,
  `valid_token` varchar(15) COLLATE utf8_unicode_ci NOT NULL,
  `photo` varchar(100) COLLATE utf8_unicode_ci NOT NULL,
  `age` int(11) DEFAULT NULL,
  `location` varchar(100) COLLATE utf8_unicode_ci NOT NULL,
  `is_active` tinyint(1) NOT NULL,
  `firstname` varchar(255) COLLATE utf8_unicode_ci NOT NULL,
  `lastname` varchar(255) COLLATE utf8_unicode_ci NOT NULL,
  `money_points` int(11) NOT NULL,
  `glory_points` int(11) NOT NULL,
  `love_points` int(11) NOT NULL,
  `level` int(11) NOT NULL,
  `ban` tinyint(1) NOT NULL,
  `created` datetime DEFAULT NULL,
  `last_login` datetime DEFAULT NULL,
  `last_ip` varchar(100) COLLATE utf8_unicode_ci NOT NULL,
  `locale` varchar(10) COLLATE utf8_unicode_ci NOT NULL,
  PRIMARY KEY (`id`),
  UNIQUE KEY `UNIQ_8D93D649E7927C74` (`email`)
) ENGINE=InnoDB AUTO_INCREMENT=1002 DEFAULT CHARSET=utf8 COLLATE=utf8_unicode_ci;
/*!40101 SET character_set_client = @saved_cs_client */;

--
-- Dumping data for table `user`
--

LOCK TABLES `user` WRITE;
/*!40000 ALTER TABLE `user` DISABLE KEYS */;
INSERT INTO `user` VALUES (1,'admin@admin.com','5f7ca0351971b3406cc98d1e031b8ebe4e3eff9a','3f8a3f2782164c5027b429c2716a081b','','',0,'Earth',1,'MC2','Administrator',0,0,0,1,0,'2013-10-24 13:25:30','2013-10-25 12:39:26','81.196.41.118','en_EN'),(2,'mc2test1000@mc2test.com','574aa4139d1da8a77fe7102c384b78f86e714124','e36be0dd02acede035065e9954bbd523','','',0,'Earth',1,'Regina','Khan',0,0,4,1,0,'2013-10-25 06:19:43','2013-10-25 09:25:20','81.196.41.118','en_EN'),(3,'mc2test1001@mc2test.com','c8d2de1ed33cab3e1e9bf5785165ae16b1fe53ba','1998d2c9ce3c113206b5436a2050316d','','',0,'Earth',1,'Billy','Tucker',0,0,3,1,0,'2013-10-25 06:19:44','2013-10-25 09:25:23','81.196.41.118','en_EN'),(4,'mc2test1002@mc2test.com','957f37dc503fbfd65665dd69eb01b94b08fc33b2','36d0d2cf7e0079f5902a5af121822705','','',0,'Earth',1,'Faith','Wong',0,0,3,1,0,'2013-10-25 06:19:45','2013-10-25 09:25:37','81.196.41.118','en_EN'),(5,'mc2test1003@mc2test.com','d9ef9978af6019966a9ba26856285c7669f986fb','1e1fd4b01c89853cba48303283519a59','','',0,'Earth',1,'Ethel','Newman',0,0,3,1,0,'2013-10-25 06:19:46','2013-10-25 09:25:50','81.196.41.118','en_EN'),(6,'mc2test1005@mc2test.com','350f9654b0c0f2c389e917c3cc9e4e29b9a128e9','e31f75ec84fcee3aefa8be067f307808','','',0,'Earth',1,'Rachel','Grant',0,0,5,1,0,'2013-10-25 06:19:47','2013-10-25 09:26:14','81.196.41.118','en_EN'),(7,'mc2test1004@mc2test.com','e1c844c6f0692d6f5e8a96d3cc560b3039515dc0','e71f204bd8f380ee70be0ee3d3a11be0','','',0,'Earth',1,'Frank','Kirk',0,0,4,1,0,'2013-10-25 06:19:47','2013-10-25 09:26:02','81.196.41.118','en_EN'),(8,'mc2test1006@mc2test.com','94f0a73178de56e12aa40f55273936f4d104c166','3800c6057c71fe8f7890ecac91c30ecc','','',0,'Earth',1,'Bruce','Beard',0,0,4,1,0,'2013-10-25 06:19:48','2013-10-25 09:26:22','81.196.41.118','en_EN'),(9,'mc2test1007@mc2test.com','170c05fa2a1f86fdb5e23c35434acced773a0957','95a333d8aa4358e11c3a771252b1f087','','',0,'Earth',1,'Robert','Snow',0,0,4,1,0,'2013-10-25 06:19:48','2013-10-25 09:26:29','81.196.41.118','en_EN'),(10,'mc2test1008@mc2test.com','79c95705e33d88ecc6363c3e63355c2a9ea010d5','82b363e1888ee63a34d973b7224697af','','',0,'Earth',1,'Herbert','Lynch',0,0,2,1,0,'2013-10-25 06:19:48','2013-10-25 09:26:41','81.196.41.118','en_EN'),(11,'mc2test1009@mc2test.com','4b333124566733dcfe2850b5e7b7849740748af8','f5df5eafc9c599c787cbbd2fe8ce8f74','','',0,'Earth',1,'Herman','Rich',0,0,4,1,0,'2013-10-25 06:19:49','2013-10-25 09:26:55','81.196.41.118','en_EN'),(12,'mc2test1010@mc2test.com','d8b633e3aedf91b55110e4c8e9ab25016b38ae5b','82a7fc2e449038cacb453a567852e890','','',0,'Earth',1,'Dale','Wallace',0,0,1,1,0,'2013-10-25 06:19:49','2013-10-25 09:27:09','81.196.41.118','en_EN'),(13,'mc2test1011@mc2test.com','6ee900651b1fc3c33780155d87f0252cc8c70ec9','71833997e6e377a5d9c8091fa34550fe','','',0,'Earth',1,'Velma','Dawson',0,0,2,1,0,'2013-10-25 06:19:50','2013-10-25 09:27:10','81.196.41.118','en_EN'),(14,'mc2test1012@mc2test.com','43b1c3b1f97edcfead8217036181f78b450e8f83','1c0e6214ee83d5cf13203ccd0220ea5e','','',0,'Earth',1,'Louise','Richardson',0,0,0,1,0,'2013-10-25 06:19:50','2013-10-25 09:27:24','81.196.41.118','en_EN'),(15,'mc2test1013@mc2test.com','05478733b0b72614d011102eaa5ce842d258fd53','1fbda3d0c82ce91ee569c024993c6737','','',0,'Earth',1,'Cristina','Davies',0,0,0,1,0,'2013-10-25 06:19:51','2013-10-25 09:28:04','81.196.41.118','en_EN'),(16,'mc2test1014@mc2test.com','d13f73b06e1ada372f19245202783685b15410f4','09b813dacb9b59e65c66adc61b51404a','','',0,'Earth',1,'Dale','Hoffman',0,0,5,1,0,'2013-10-25 06:19:51','2013-10-25 09:28:58','81.196.41.118','en_EN'),(17,'mc2test1015@mc2test.com','39adf9005326ec85aa8eb5e564b2e0ce9503a6c6','0f63a897c9720ffe49992779b57af72f','','',0,'Earth',1,'Christian','Parker',0,0,1,1,0,'2013-10-25 06:19:51','2013-10-25 09:29:50','81.196.41.118','en_EN'),(18,'mc2test1016@mc2test.com','b9327ef014ffcebcc236d720a0a191d1c8759b8f','7e76c31d280041b652dc261058688752','','',0,'Earth',1,'Peter','Williamson',0,0,1,1,0,'2013-10-25 06:19:51','2013-10-25 09:30:19','81.196.41.118','en_EN'),(19,'mc2test1017@mc2test.com','4c460a2f203f88b9fe495debb74291ac6f370407','d56abba4fd25e0def5f8f41543af9c8c','','',0,'Earth',1,'Jack','Nash',0,0,4,1,0,'2013-10-25 06:19:52','2013-10-25 09:30:24','81.196.41.118','en_EN'),(20,'mc2test1018@mc2test.com','56d4da7b21bebfa33bc725374f705e73eeabea85','9358b19c7bd3a8f70a8b8bff39f23684','','',0,'Earth',1,'Jason','Rhodes',0,0,2,1,0,'2013-10-25 06:19:52','2013-10-25 09:30:35','81.196.41.118','en_EN'),(21,'mc2test1019@mc2test.com','aafefd15625447cf90a4e72a739fac405b7de6cc','8ed6837c8f3f7c16abd01e174bd6a817','','',0,'Earth',1,'Willie','Mooney',0,0,3,1,0,'2013-10-25 06:19:53','2013-10-25 09:30:50','81.196.41.118','en_EN'),(22,'mc2test1021@mc2test.com','2b243e1d655910ab20dcfc45bed857d7d7c875fd','3e1b859dd38d937ae34b433a4cd6e1fe','','',0,'Earth',1,'Jose','Pennington',0,0,0,1,0,'2013-10-25 06:19:53','2013-10-25 09:31:02','81.196.41.118','en_EN'),(23,'mc2test1020@mc2test.com','9d9e4f8396654960d080f69f37a7b3c755eeb871','8b3605b426348b14a8c18dbc1522f851','','',0,'Earth',1,'Douglas','Shah',0,0,3,1,0,'2013-10-25 06:19:53','2013-10-25 09:30:54','81.196.41.118','en_EN'),(24,'mc2test1022@mc2test.com','ec3bf9c1b3d9b803b14f78b927fcbf568d03f51a','6f63d0629eae554049e7d5b4e87811f5','','',0,'Earth',1,'Walter','Griffin',0,0,1,1,0,'2013-10-25 06:19:54','2013-10-25 09:31:10','81.196.41.118','en_EN'),(25,'mc2test1023@mc2test.com','838ad98966779957e054fb5e42ed2ead039eb914','e1cc11017778e5d1ff153deb63eff64f','','',0,'Earth',1,'Christine','Farrell',0,0,2,1,0,'2013-10-25 06:19:54','2013-10-25 09:31:14','81.196.41.118','en_EN'),(26,'mc2test1024@mc2test.com','83f350b67a3af6895a4fdd950027122d98fa9917','230c0fc8cde90143e8f9f0b77f027304','','',0,'Earth',1,'Willie','York',0,0,0,1,0,'2013-10-25 06:19:54','2013-10-25 09:31:28','81.196.41.118','en_EN'),(27,'mc2test1025@mc2test.com','0d99427bc9c653a6add18ef81ad7cacfce4c8494','4b1e4219b55bc1c17371a6d9b65ae7bd','','',0,'Earth',1,'Charlene','Heath',0,0,1,1,0,'2013-10-25 06:19:54','2013-10-25 09:33:12','81.196.41.118','en_EN'),(28,'mc2test1026@mc2test.com','02248f560472a1815a1e4ed80a7ed9768f013560','dcdb2fd9df4f994a8c5c817851b09cad','','',0,'Earth',1,'John','Branch',0,0,1,1,0,'2013-10-25 06:19:55','2013-10-25 09:33:14','81.196.41.118','en_EN'),(29,'mc2test1027@mc2test.com','30a9cf6937cfd18738200f1b75e2e1fccc52c3fc','57ff77ee926b2f7547f0c20719d5b72b','','',0,'Earth',1,'Victor','Wall',0,0,2,1,0,'2013-10-25 06:19:55','2013-10-25 09:33:28','81.196.41.118','en_EN'),(30,'mc2test1028@mc2test.com','a5e8a7faee7b8889f86cd4c14f53519e356a41bd','8e5980d4fc660727e8e558432de294dd','','',0,'Earth',1,'Nettie','Pugh',0,0,4,1,0,'2013-10-25 06:19:55','2013-10-25 09:33:41','81.196.41.118','en_EN'),(31,'mc2test1029@mc2test.com','6bc878337da19ab7ea3669d3258c8144a692de91','ba02685e9a950c0826a45d36b5b8e710','','',0,'Earth',1,'Eduardo','Carey',0,0,3,1,0,'2013-10-25 06:19:56','2013-10-25 09:33:54','81.196.41.118','en_EN'),(32,'mc2test1031@mc2test.com','334f2ae6f487676cd80bc4b64b79c9afa5314f5d','324909f6e97c7d95015fb840d4baad08','','',0,'Earth',1,'Harold','Beard',0,0,1,1,0,'2013-10-25 06:19:56','2013-10-25 09:34:10','81.196.41.118','en_EN'),(33,'mc2test1030@mc2test.com','cec019a55f7c9a80e4e9f18e0feec556f086eab0','37c5696e87b1df2227b7e919d34ba0f8','','',0,'Earth',1,'Shari','Colon',50,100,18,2,0,'2013-10-25 06:19:56','2013-10-25 09:34:05','81.196.41.118','en_EN'),(34,'mc2test1032@mc2test.com','82c56f30970dbd48a1b87ba2238fe8c73cf23507','217dda5d57fc98009c8bc38d92904ebe','','',0,'Earth',1,'Alfred','Bradley',0,0,1,1,0,'2013-10-25 06:19:57','2013-10-25 09:34:24','81.196.41.118','en_EN'),(35,'mc2test1033@mc2test.com','8c555a8be9ffb064e080b4d400a0aaf707b41e5d','5318fe249e2b43381750055a4c15daf9','','',0,'Earth',1,'Frank','Castro',0,0,0,1,0,'2013-10-25 06:19:57','2013-10-25 09:34:36','81.196.41.118','en_EN'),(36,'mc2test1034@mc2test.com','81674b87a5bc0a308b1273cfaff03a6e953bed59','84ce09d6dda73e1eedc82d56ec51b7ac','','',0,'Earth',1,'Courtney','Ballard',0,0,1,1,0,'2013-10-25 06:19:57','2013-10-25 09:34:49','81.196.41.118','en_EN'),(37,'mc2test1036@mc2test.com','6074475df22987939ce0445bda5d9822684ec5e9','35fa3e305e55f256a0d01e9ca6b4bd75','','',0,'Earth',1,'Glen','Fuller',50,100,3,2,0,'2013-10-25 06:19:58','2013-10-25 09:35:07','81.196.41.118','en_EN'),(38,'mc2test1035@mc2test.com','9b37e949366f52cb755f6d8cf55b11e29aa55d4a','77d46b06e0f2b0975ddab27fcb168aa5','','',0,'Earth',1,'Kathleen','Blackwell',0,0,2,1,0,'2013-10-25 06:19:58','2013-10-25 09:35:03','81.196.41.118','en_EN'),(39,'mc2test1037@mc2test.com','b7e3d9791f139bd6335804c712068387c1cd7fd1','6bdcb895647c1294343dfad86552740b','','',0,'Earth',1,'Felix','Carney',0,0,1,1,0,'2013-10-25 06:19:58','2013-10-25 09:35:19','81.196.41.118','en_EN'),(40,'mc2test1038@mc2test.com','b1faadbcc6f36da4d8e97f52f4c4d007895eb578','18a2319966b6b2dc86f09b266aa40d89','','',0,'Earth',1,'Clifton','Fletcher',50,100,8,2,0,'2013-10-25 06:19:58','2013-10-25 09:36:20','81.196.41.118','en_EN'),(41,'mc2test1039@mc2test.com','9f34b69cd3e6057543a00b455f06673fa408d7e4','a209297a623c29bf95f9785c4d9f8e6a','','',0,'Earth',1,'Lucy','Franklin',50,100,1,2,0,'2013-10-25 06:19:59','2013-10-25 09:37:26','81.196.41.118','en_EN'),(42,'mc2test1041@mc2test.com','25971f558f98d066a82b7fbd74b3137d6368a06c','d6caa0f22f2f0b963eb07c23a267fcb6','','',0,'Earth',1,'Julian','Powers',50,100,1,2,0,'2013-10-25 06:19:59','2013-10-25 09:38:16','81.196.41.118','en_EN'),(43,'mc2test1040@mc2test.com','c96b76825df6bc0a87680bc3b7743f4e82cca4f5','01a5fa45edc076e1adda4f9a8c0804de','','',0,'Earth',1,'Dennis','Stuart',0,0,2,1,0,'2013-10-25 06:19:59','2013-10-25 09:38:12','81.196.41.118','en_EN'),(44,'mc2test1042@mc2test.com','ffbfdf8cc0b823493dce35c01c954eb1c503db98','fdc047d0092c7a48bf1a8d674199c1a6','','',0,'Earth',1,'Lonnie','Mendez',0,0,1,1,0,'2013-10-25 06:19:59','2013-10-25 09:38:26','81.196.41.118','en_EN'),(45,'mc2test1043@mc2test.com','8c9ad556b15ed5971f67f0f10a5c03fad892f225','fbdacb677915a685aaa05c35388b2b9b','','',0,'Earth',1,'Kyle','Murray',50,100,4,2,0,'2013-10-25 06:20:00','2013-10-25 09:38:37','81.196.41.118','en_EN'),(46,'mc2test1045@mc2test.com','39cfabcc7b14270ca3f7d6239719161d17dbf1a7','9f689c95f64633bced1f004999cbc666','','',0,'Earth',1,'Crystal','Juarez',0,0,2,1,0,'2013-10-25 06:20:00','2013-10-25 09:38:59','81.196.41.118','en_EN'),(47,'mc2test1044@mc2test.com','c83a223a91e692811f06b9fa908845a30f97d546','59aae6b1724491b1fe991ca35e7e12b9','','',0,'Earth',1,'Connie','Harding',0,0,1,1,0,'2013-10-25 06:20:00','2013-10-25 09:38:42','81.196.41.118','en_EN'),(48,'mc2test1046@mc2test.com','70a6d3c2f67bdb93ff26260f1eaabc15cef06fa4','1df63fcf5caead1cda634b71e455cb77','','',0,'Earth',1,'Thelma','Hansen',0,0,0,1,0,'2013-10-25 06:20:01','2013-10-25 09:39:18','81.196.41.118','en_EN'),(49,'mc2test1047@mc2test.com','91e6ef0a1fe7d62f3a41d59a72b0ce3433a2b173','5148f23653ceab3aabd17e06ef0fc056','','',0,'Earth',1,'Jorge','Hobbs',50,100,44,2,0,'2013-10-25 06:20:01','2013-10-25 09:39:33','81.196.41.118','en_EN'),(50,'mc2test1049@mc2test.com','edbfbe2bbb7babf80668f83fd56641685decde8b','6cb3f998ca391cc8ffc689e9d9598062','','',0,'Earth',1,'Darla','Aguirre',50,100,26,2,0,'2013-10-25 06:20:02','2013-10-25 09:39:40','81.196.41.118','en_EN'),(51,'mc2test1048@mc2test.com','c9a88d0d5910bd9132374fe3060637d8154816ba','1271cb9d425175b4a8e6b208ce8fdaf4','','',0,'Earth',1,'Douglas','Barnett',0,0,1,1,0,'2013-10-25 06:20:02','2013-10-25 09:39:33','81.196.41.118','en_EN'),(52,'mc2test1050@mc2test.com','7790efd87248951dc00bf69cf4ec8735f96afd21','86129d1473a71ba9797217187ce0c1ab','','',0,'Earth',1,'Gina','Pearson',0,0,0,1,0,'2013-10-25 06:20:02','2013-10-25 09:39:48','81.196.41.118','en_EN'),(53,'mc2test1052@mc2test.com','57a23a60e7e086b3071f42d82cf5a1e50838fad4','6a7ad14b89d14f4da81abffcd07feaba','','',0,'Earth',1,'Andrew','Graham',0,0,0,1,0,'2013-10-25 06:20:02','2013-10-25 09:40:13','81.196.41.118','en_EN'),(54,'mc2test1051@mc2test.com','eab08d84645b5dcb07f073f6dbaaf28f54a39cf3','751a7900f52c02c2a07b3536dc815053','','',0,'Earth',1,'Thomas','Zavala',0,0,0,1,0,'2013-10-25 06:20:03','2013-10-25 09:40:00','81.196.41.118','en_EN'),(55,'mc2test1053@mc2test.com','6f2839b37bb4a02c8a616b49da7f31a7281dbfb3','db1f6f11577f3d625a321bc2786d3205','','',0,'Earth',1,'Tara','Cochran',0,0,4,1,0,'2013-10-25 06:20:03','2013-10-25 09:40:27','81.196.41.118','en_EN'),(56,'mc2test1054@mc2test.com','4574de6cdf5a15649a4571391872e0d248776314','f11f974143ffb4eef266bb724039bfd4','','',0,'Earth',1,'Leticia','Chung',50,100,0,2,0,'2013-10-25 06:20:03','2013-10-25 09:40:39','81.196.41.118','en_EN'),(57,'mc2test1056@mc2test.com','a452f38225f7fc8dd034ba7f230cce34c8fda49f','e342500c3a16adf9baada997f4816961','','',0,'Earth',1,'Lawrence','Hudson',50,100,3,2,0,'2013-10-25 06:20:04','2013-10-25 09:42:01','81.196.41.118','en_EN'),(58,'mc2test1055@mc2test.com','3a47359f8ff4ceb0befb2a916a76c17b09b4a311','cd8f3dab239b1d305f679a55cd08e802','','',0,'Earth',1,'Heather','Norman',50,100,2,2,0,'2013-10-25 06:20:04','2013-10-25 09:40:52','81.196.41.118','en_EN'),(59,'mc2test1057@mc2test.com','707985384cbf12382a6cff1e243991efa316be52','6c96ea311180433a28bb3e659e6f6dbf','','',0,'Earth',1,'Shari','Randall',50,100,3,2,0,'2013-10-25 06:20:04','2013-10-25 09:42:04','81.196.41.118','en_EN'),(60,'mc2test1058@mc2test.com','9d123068d5296b8351c3e4cc066bfb070b9ee846','b33b65710b85500067c012c89de5a0cf','','',0,'Earth',1,'Jaime','Horton',0,0,3,1,0,'2013-10-25 06:20:05','2013-10-25 09:43:12','81.196.41.118','en_EN'),(61,'mc2test1059@mc2test.com','ec878941f68efddd999afb7352438786ec90171a','5ae729de61b5b9bd15e00581be77ff1d','','',0,'Earth',1,'Eloise','Mckenzie',50,100,1,2,0,'2013-10-25 06:20:05','2013-10-25 09:43:15','81.196.41.118','en_EN'),(62,'mc2test1060@mc2test.com','f5749fa3e5e9f2ea6dc5123d5882c75edc8027a6','f67e233fc10a524802d729ea246f70e1','','',0,'Earth',1,'Gloria','Petty',50,100,1,2,0,'2013-10-25 06:20:05','2013-10-25 09:43:22','81.196.41.118','en_EN'),(63,'mc2test1062@mc2test.com','bbf758c2f27cc4436a9608f447413a1c2d2d3051','739924396db28ae9fe69ae7ec6052b24','','',0,'Earth',1,'Carol','Henson',0,0,0,1,0,'2013-10-25 06:20:05','2013-10-25 09:43:27','81.196.41.118','en_EN'),(64,'mc2test1061@mc2test.com','f4cca2b4e23b3ccb7f0b42a0c1611eef7ee2d889','5e3c2713c71a257b08f7689dc13c1c3c','','',0,'Earth',1,'Steve','Benitez',50,100,2,2,0,'2013-10-25 06:20:05','2013-10-25 09:43:25','81.196.41.118','en_EN'),(65,'mc2test1063@mc2test.com','08b95c12a41d6fa40506fccd34e3b6d1d4913093','ded169dacb91b82e418e8f1af58db371','','',0,'Earth',1,'Marcus','Berger',0,0,1,1,0,'2013-10-25 06:20:06','2013-10-25 09:43:41','81.196.41.118','en_EN'),(66,'mc2test1065@mc2test.com','fc675a023e6dd17314346afdee42ce6f46758e1b','738c44c9f82ffd9541a489472d24f043','','',0,'Earth',1,'Shawna','Harper',0,0,1,1,0,'2013-10-25 06:20:06','2013-10-25 09:44:11','81.196.41.118','en_EN'),(67,'mc2test1064@mc2test.com','a36d094235c0d6a39a496a1c0921771734fc8b1b','8c3a745e4cee417d70c89ae836a68ede','','',0,'Earth',1,'Pat','Tran',0,0,1,1,0,'2013-10-25 06:20:06','2013-10-25 09:43:56','81.196.41.118','en_EN'),(68,'mc2test1066@mc2test.com','4d87c59036bdb199ae262af324fece7ae1158b60','775986edf08562cb4e46f4f5d8661b10','','',0,'Earth',1,'Sheryl','Rivera',50,100,3,2,0,'2013-10-25 06:20:07','2013-10-25 09:44:27','81.196.41.118','en_EN'),(69,'mc2test1067@mc2test.com','aef2f9d6e019d223e2e2265d9a44c151fd185af3','123b4d329da09682a7234df0bb6a7117','','',0,'Earth',1,'Marsha','Ray',0,0,2,1,0,'2013-10-25 06:20:07','2013-10-25 09:44:26','81.196.41.118','en_EN'),(70,'mc2test1068@mc2test.com','fecebc558330ff8a6a31d9af0c3ec0ae0c97908d','874cd2c0e0d8219ef24ec368a00d0055','','',0,'Earth',1,'John','Humphrey',50,100,11,2,0,'2013-10-25 06:20:07','2013-10-25 09:44:41','81.196.41.118','en_EN'),(71,'mc2test1069@mc2test.com','0813f365927950727e753ce51a0592f309422596','7db9fe43f887b5f9ee5ad0eb71ebfe19','','',0,'Earth',1,'Margarita','Harrison',0,0,2,1,0,'2013-10-25 06:20:08','2013-10-25 09:44:43','81.196.41.118','en_EN'),(72,'mc2test1070@mc2test.com','6c3000ffafe78358e1fd63d8f38a0daca69b1113','4f5cd952850631de7301117d51d836c9','','',0,'Earth',1,'Heidi','Arroyo',0,0,0,1,0,'2013-10-25 06:20:08','2013-10-25 09:44:58','81.196.41.118','en_EN'),(73,'mc2test1071@mc2test.com','c7452e3e283adb7dd6e158cccfcacd404fca32cb','2fb8829dc39016e7da07e389d50830f2','','',0,'Earth',1,'Katie','Carpenter',0,0,2,1,0,'2013-10-25 06:20:08','2013-10-25 09:45:13','81.196.41.118','en_EN'),(74,'mc2test1072@mc2test.com','08424dd51694d201c9fa6762c8c2993fd64b2df1','005429f38e015db4bada3cae14e8fa22','','',0,'Earth',1,'Bethany','Caldwell',0,0,0,1,0,'2013-10-25 06:20:08','2013-10-25 09:45:27','81.196.41.118','en_EN'),(75,'mc2test1073@mc2test.com','b44a2a4424f2902f6b1791f72dbfdc0e2fc1fcd2','26b2d6741d4c52d6b04e8e0342cc2da9','','',0,'Earth',1,'Minnie','Huynh',50,100,3,2,0,'2013-10-25 06:20:09','2013-10-25 09:45:41','81.196.41.118','en_EN'),(76,'mc2test1074@mc2test.com','90232415266f7445c390e23bc2db5582d2f41843','e1d3be3d508e942f29ccbd13ad0a4541','','',0,'Earth',1,'Leo','Byrd',50,100,1,2,0,'2013-10-25 06:20:09','2013-10-25 09:46:01','81.196.41.118','en_EN'),(77,'mc2test1075@mc2test.com','336c2eb736463b1a7b1396c4ea79884c9590d7f9','74cff96987f52dcda105def02c1d8b8c','','',0,'Earth',1,'Jimmy','Sharp',50,100,1,2,0,'2013-10-25 06:20:09','2013-10-25 09:46:58','81.196.41.118','en_EN'),(78,'mc2test1076@mc2test.com','50de5f08ae87f847cb4e557fbaeb2307ceb95867','d7cca16f7068a343bbe4ff429059cc90','','',0,'Earth',1,'Eric','Crosby',50,100,4,2,0,'2013-10-25 06:20:10','2013-10-25 09:47:07','81.196.41.118','en_EN'),(79,'mc2test1077@mc2test.com','1fd048c374c5c7130eea5f0e0693b01f134b9fb3','d41b38599baa3819be3719824e3ef59c','','',0,'Earth',1,'Lloyd','Mcdowell',50,100,1,2,0,'2013-10-25 06:20:10','2013-10-25 09:48:08','81.196.41.118','en_EN'),(80,'mc2test1078@mc2test.com','468f26bbda25fe138cdec8548ee6d338f685ee3b','04801473f4354a4db5fd264aad8488ac','','',0,'Earth',1,'Ella','May',0,0,2,1,0,'2013-10-25 06:20:10','2013-10-25 09:48:11','81.196.41.118','en_EN'),(81,'mc2test1079@mc2test.com','d58645d55362b8c0a0042da5d9a4df6a728f7fea','5d0dfd8432e5282e7562d998ea2664a8','','',0,'Earth',1,'Lucy','West',50,100,2,2,0,'2013-10-25 06:20:11','2013-10-25 09:48:12','81.196.41.118','en_EN'),(82,'mc2test1081@mc2test.com','b75bfbbbea2b8ccddcd69dd89b78cfa1c959863f','694e06c6f3b880638de69a304b33f975','','',0,'Earth',1,'Kirk','Kennedy',0,0,2,1,0,'2013-10-25 06:20:11','2013-10-25 09:48:26','81.196.41.118','en_EN'),(83,'mc2test1080@mc2test.com','62fb48f88988260973c2510736692b231753299c','6efc48259735a71e702ea8aa232302af','','',0,'Earth',1,'Laverne','Garcia',50,100,0,2,0,'2013-10-25 06:20:11','2013-10-25 09:48:17','81.196.41.118','en_EN'),(84,'mc2test1082@mc2test.com','3e4901176239504ea55dc72e89c0e1af4db4a665','4d0a45bc3466831191300cd751ad148b','','',0,'Earth',1,'Marshall','Cunningham',0,0,1,1,0,'2013-10-25 06:20:12','2013-10-25 09:48:39','81.196.41.118','en_EN'),(85,'mc2test1083@mc2test.com','7e07c58d16010a165696344831d099c5fdfa5629','1b98ca1291646ea6d17bd2de8bb90d12','','',0,'Earth',1,'Crystal','Ho',0,0,1,1,0,'2013-10-25 06:20:12','2013-10-25 09:48:53','81.196.41.118','en_EN'),(86,'mc2test1084@mc2test.com','b95353c769d34afc17391101afbf4a279c2db2f0','8338bf78c70868a52d80cd5f55bfc002','','',0,'Earth',1,'Thomas','Bennett',0,0,0,1,0,'2013-10-25 06:20:12','2013-10-25 09:49:07','81.196.41.118','en_EN'),(87,'mc2test1085@mc2test.com','a984a6f4d5afe087fa68d9770bfff9e4d246c248','4741d506e603d13bbef5238da2d51ad1','','',0,'Earth',1,'Jennie','Lam',0,0,0,1,0,'2013-10-25 06:20:12','2013-10-25 09:49:19','81.196.41.118','en_EN'),(88,'mc2test1087@mc2test.com','02a1ebac28b01aade2440cb89f20b6d41c63e81b','f66960e5ca82e536b4ebb40a567c558f','','',0,'Earth',1,'Marta','Powell',50,100,3,2,0,'2013-10-25 06:20:13','2013-10-25 09:49:35','81.196.41.118','en_EN'),(89,'mc2test1086@mc2test.com','8a6152434c56613b607736480ba49de69b135869','bace4798bb16bb223469dea374f4844c','','',0,'Earth',1,'Tracy','Acosta',50,100,1,2,0,'2013-10-25 06:20:13','2013-10-25 09:49:27','81.196.41.118','en_EN'),(90,'mc2test1089@mc2test.com','9d91baa2bf8a3d0808cfca0deb38f0937d13fd70','ebbbc9c47212b82d41931730c07c41c2','','',0,'Earth',1,'Suzanne','Pena',0,0,1,1,0,'2013-10-25 06:20:14','2013-10-25 09:49:34','81.196.41.118','en_EN'),(91,'mc2test1088@mc2test.com','a2d9c79e3f95f6b65c8ce5114a66bdcc314332fa','4c2cfce39cb6b561a3aefd4cd29843e2','','',0,'Earth',1,'Lillie','Flores',50,100,1,2,0,'2013-10-25 06:20:14','2013-10-25 09:49:32','81.196.41.118','en_EN'),(92,'mc2test1090@mc2test.com','a972ce4370714a3500961972735ab1cf0c8dadee','4ea6cac88cde29c139955255aea41785','','',0,'Earth',1,'Claudia','Boyer',0,0,0,1,0,'2013-10-25 06:20:14','2013-10-25 09:49:48','81.196.41.118','en_EN'),(93,'mc2test1091@mc2test.com','37083d189aa957a837cec7817ac4ff01b3aa4f53','a40a53d4871f2bf4d73885e8fb173a1a','','',0,'Earth',1,'Kristin','Foley',0,0,1,1,0,'2013-10-25 06:20:15','2013-10-25 09:50:01','81.196.41.118','en_EN'),(94,'mc2test1092@mc2test.com','ea7743db9d2f51f56a3cb327959f7ac913fc4667','70fee163752ebcdb648c2d4b48d30500','','',0,'Earth',1,'Maureen','Evans',0,0,0,1,0,'2013-10-25 06:20:15','2013-10-25 09:50:17','81.196.41.118','en_EN'),(95,'mc2test1094@mc2test.com','b29514cd720944acc31e71d6c5cbf82e7b615bf7','69e46ecb11260b3b42100b9b29fa788d','','',0,'Earth',1,'Bertha','Houston',50,100,2,2,0,'2013-10-25 06:20:15','2013-10-25 09:50:56','81.196.41.118','en_EN'),(96,'mc2test1093@mc2test.com','34eced5d9305ff02834b209be2499be85509472a','7e6d2c64e7ded69390ebf3037c6d536a','','',0,'Earth',1,'Philip','Kaiser',50,100,1,2,0,'2013-10-25 06:20:15','2013-10-25 09:50:46','81.196.41.118','en_EN'),(97,'mc2test1095@mc2test.com','5b03e69a3fda0c8b969be125ea965a22fd4ae1a8','9bb7955013e16e8195bce5898ce1fa86','','',0,'Earth',1,'Sidney','Cordova',50,100,1,2,0,'2013-10-25 06:20:16','2013-10-25 09:51:54','81.196.41.118','en_EN'),(98,'mc2test1096@mc2test.com','6320f8e986e9aa9cd29154be736ac829d45882cb','8110afa36e38c23619488d4eb4140ae7','','',0,'Earth',1,'Lena','Russell',50,100,0,2,0,'2013-10-25 06:20:16','2013-10-25 09:52:12','81.196.41.118','en_EN'),(99,'mc2test1097@mc2test.com','634b1799437fa42588f7cbd9234070977886b21d','e515bc6ed05b8b8e517ad1a3c2a0b2c9','','',0,'Earth',1,'Jackie','Osborne',50,100,0,2,0,'2013-10-25 06:20:17','2013-10-25 09:52:58','81.196.41.118','en_EN'),(100,'mc2test1098@mc2test.com','ae14119e4722e7f6912ea26e35a7c1730a2252f7','195f4494da71cb00ec457b692f59bccc','','',0,'Earth',1,'Natalie','Stone',0,0,1,1,0,'2013-10-25 06:20:17','2013-10-25 09:53:12','81.196.41.118','en_EN'),(101,'mc2test1100@mc2test.com','5c05a006a00e56fa5d7883032667e170e3703533','517e7c474fa669d3a6cafdd1de0708d1','','',0,'Earth',1,'Linda','Allison',50,100,1,2,0,'2013-10-25 06:20:17','2013-10-25 09:53:29','81.196.41.118','en_EN'),(102,'mc2test1099@mc2test.com','94aad3e85cfc0ab84ceffb4d5cbbac8c93d7b208','75ce967bca2723d495d20688e03d79ea','','',0,'Earth',1,'Meredith','Roman',50,100,1,2,0,'2013-10-25 06:20:17','2013-10-25 09:53:14','81.196.41.118','en_EN'),(103,'mc2test1101@mc2test.com','21a1047cb246eb9739044958e524f33fd61857a3','996e7fec7329ac0521b722658edb8126','','',0,'Earth',1,'Ramon','Wyatt',0,0,2,1,0,'2013-10-25 06:20:17','2013-10-25 09:53:29','81.196.41.118','en_EN'),(104,'mc2test1102@mc2test.com','06eee214cb41e6879b26685c662ba4ce0ff59eaa','92c18b2fefb07d7614b993a638082967','','',0,'Earth',1,'Brandi','Herman',0,0,1,1,0,'2013-10-25 06:20:18','2013-10-25 09:53:41','81.196.41.118','en_EN'),(105,'mc2test1103@mc2test.com','9e519604464a2ae412be58d77c543a0d59c7ea30','0c24d34b2c8400f3fd6882a5c3156cb3','','',0,'Earth',1,'Jordan','Fuentes',0,0,0,1,0,'2013-10-25 06:20:18','2013-10-25 09:53:57','81.196.41.118','en_EN'),(106,'mc2test1104@mc2test.com','bf93b4f471e0180817baf65d14993c15bc2d8c70','751cd2c28bafab492967c4f153774e7d','','',0,'Earth',1,'Shelley','Andrade',0,0,1,1,0,'2013-10-25 06:20:18','2013-10-25 09:54:10','81.196.41.118','en_EN'),(107,'mc2test1105@mc2test.com','ccbc0877259c82d54d7044c86a5b7f0f47d424ae','72590b443445e6d41274ac9662896bcd','','',0,'Earth',1,'Joe','Pham',50,100,0,2,0,'2013-10-25 06:20:19','2013-10-25 09:54:13','81.196.41.118','en_EN'),(108,'mc2test1106@mc2test.com','0fecc5f3ef78abd81ee9e3254daf856a7f29a9d8','b71e3c7eaf97ab8b8aa7fa7b8c6cd164','','',0,'Earth',1,'Jaime','Jensen',0,0,2,1,0,'2013-10-25 06:20:19','2013-10-25 09:54:26','81.196.41.118','en_EN'),(109,'mc2test1107@mc2test.com','1b705e9fad53a78187e884a3a4c29d3d56fdcfab','74968a52c06071343add764a20916b90','','',0,'Earth',1,'Kristie','Phelps',50,100,0,2,0,'2013-10-25 06:20:19','2013-10-25 09:54:30','81.196.41.118','en_EN'),(110,'mc2test1108@mc2test.com','a6346f0db38323f01155cc6ceb4f676a03c8a354','75914061ed79eab2b1b55434f7778733','','',0,'Earth',1,'Lula','Villanueva',0,0,1,1,0,'2013-10-25 06:20:19','2013-10-25 09:54:41','81.196.41.118','en_EN'),(111,'mc2test1109@mc2test.com','29c261b2f5513bbde7ab583e3537af8dd1eab889','1a57dfcefa46354665744d993387d777','','',0,'Earth',1,'Arlene','Green',50,100,1,2,0,'2013-10-25 06:20:20','2013-10-25 09:54:52','81.196.41.118','en_EN'),(112,'mc2test1111@mc2test.com','5908f2f0b28d1ab56497f19b567d1d453dfa8ee0','87ea6b39ba2f36a114e70e16fd26cbc8','','',0,'Earth',1,'Marion','King',0,0,1,1,0,'2013-10-25 06:20:20','2013-10-25 09:55:11','81.196.41.118','en_EN'),(113,'mc2test1110@mc2test.com','078361f5a9fa5c37451b3332b494dcccd8d9ad39','a8880be5d68e8987f294ae3ed954c81a','','',0,'Earth',1,'Shane','Allen',0,0,1,1,0,'2013-10-25 06:20:20','2013-10-25 09:54:56','81.196.41.118','en_EN'),(114,'mc2test1112@mc2test.com','33075bf4110bcd7a7a7b65438527adb75922c300','ae6ddf44c653231f8d233fd7effdb7ac','','',0,'Earth',1,'Misty','Marsh',0,0,0,1,0,'2013-10-25 06:20:21','2013-10-25 09:55:26','81.196.41.118','en_EN'),(115,'mc2test1113@mc2test.com','faafe77d0e09e58e7a9554f305a71e2e49bccb01','2a6e6711ebead6fc83c89e82bc42cfb7','','',0,'Earth',1,'Juan','Owen',50,100,0,2,0,'2013-10-25 06:20:21','2013-10-25 09:55:32','81.196.41.118','en_EN'),(116,'mc2test1114@mc2test.com','cb8ba0cabefa0907a74e671f26b4c7ede883d172','76762ef56a01bd6f49a6784121d7e8e2','','',0,'Earth',1,'Jodi','Wang',50,100,1,2,0,'2013-10-25 06:20:21','2013-10-25 09:55:30','81.196.41.118','en_EN'),(117,'mc2test1115@mc2test.com','3b3d69076afa2508c8d52faff5059ddb96fa6737','67daf28ff6445ac05eec958417f3ab99','','',0,'Earth',1,'Ross','Webster',50,100,0,2,0,'2013-10-25 06:20:22','2013-10-25 09:56:33','81.196.41.118','en_EN'),(118,'mc2test1116@mc2test.com','ad3af95dfe53c0cb3fcb61c36d2a8a0383d3624a','a2082f8ce413fc8090de7fbc9a539328','','',0,'Earth',1,'Eric','Wiley',50,100,0,2,0,'2013-10-25 06:20:22','2013-10-25 09:56:52','81.196.41.118','en_EN'),(119,'mc2test1117@mc2test.com','dc884fce196318dee21cac656b93fe76c0be580f','976cdcc300deedf4471b4ee4dd43189c','','',0,'Earth',1,'Erika','Lloyd',50,100,2,2,0,'2013-10-25 06:20:22','2013-10-25 09:57:45','81.196.41.118','en_EN'),(120,'mc2test1118@mc2test.com','78c3e7d0bb57c5d01f81eda8117b28e8ce0c6ad1','5910dd506dbfa8e4a16998fbbdd9fd75','','',0,'Earth',1,'Margaret','Barrett',50,100,2,2,0,'2013-10-25 06:20:22','2013-10-25 09:58:05','81.196.41.118','en_EN'),(121,'mc2test1120@mc2test.com','2dcbf0c09576e7a979ad159074fcdf80f7be2f08','5221189ccf2c321366a1711a9ddab7bd','','',0,'Earth',1,'Luis','Mays',50,100,1,2,0,'2013-10-25 06:20:23','2013-10-25 09:58:16','81.196.41.118','en_EN'),(122,'mc2test1119@mc2test.com','415bc1070249a83ca718033528ddf8c2f7dcc522','2c302cb7af77087e8d037686cf4fcbec','','',0,'Earth',1,'Geneva','Daugherty',0,0,0,1,0,'2013-10-25 06:20:23','2013-10-25 09:58:11','81.196.41.118','en_EN'),(123,'mc2test1121@mc2test.com','c44e3a7c329fc631dd03fa1e185e4453ac62d74e','4e7a7766ee3e5470e0e36ccd6fe5bd97','','',0,'Earth',1,'Colleen','Hubbard',0,0,0,1,0,'2013-10-25 06:20:23','2013-10-25 09:58:28','81.196.41.118','en_EN'),(124,'mc2test1122@mc2test.com','e27b2dd23478ea06e953e7a6ad3bdd53233fcf97','ac636858ab3a6935f8c598b7a5bc5f24','','',0,'Earth',1,'Dorothy','Cox',0,0,0,1,0,'2013-10-25 06:20:24','2013-10-25 09:58:43','81.196.41.118','en_EN'),(125,'mc2test1123@mc2test.com','372a6a815528af34e9a4c98c08f526f3a68bffb8','14490fba63a5b37e6f7d29803bedd4c4','','',0,'Earth',1,'Marie','Singh',0,0,1,1,0,'2013-10-25 06:20:24','2013-10-25 09:59:03','81.196.41.118','en_EN'),(126,'mc2test1124@mc2test.com','491938d2c645bfba67bc0dab41490f52d2c2c1f8','20108039abf85797a2c8210014b6804f','','',0,'Earth',1,'Bobby','Patton',50,100,1,2,0,'2013-10-25 06:20:24','2013-10-25 09:59:15','81.196.41.118','en_EN'),(127,'mc2test1125@mc2test.com','745e3ed886ab21f21ab7f21d44fa88e37f435ea2','76b211ce13a670452d8483309a4d129b','','',0,'Earth',1,'Adam','Lara',0,0,0,1,0,'2013-10-25 06:20:24','2013-10-25 09:59:22','81.196.41.118','en_EN'),(128,'mc2test1126@mc2test.com','170be95f503571ae681a66677a9da162ac1a64e1','2e93609b3503ca4a6921f083cffce2b3','','',0,'Earth',1,'Michael','Figueroa',50,100,1,2,0,'2013-10-25 06:20:25','2013-10-25 09:59:26','81.196.41.118','en_EN'),(129,'mc2test1127@mc2test.com','784dfc78338981dcfc4578632fefb0470da67f90','97eced2bd3e94104063ddee492ee7c4b','','',0,'Earth',1,'Kristy','Cantrell',50,100,0,2,0,'2013-10-25 06:20:25','2013-10-25 09:59:36','81.196.41.118','en_EN'),(130,'mc2test1128@mc2test.com','84a2a5db02979587bd20592dd9256e5c619a97de','5fa68ad49771f58482b02a45f1502a32','','',0,'Earth',1,'Russell','Bowen',0,0,0,1,0,'2013-10-25 06:20:25','2013-10-25 09:59:36','81.196.41.118','en_EN'),(131,'mc2test1129@mc2test.com','ddcb8879c5162001a5feb2dee2aff400f7ad20c7','85307067379ade29ee4f0ab0b7d5882d','','',0,'Earth',1,'Monica','Drake',0,0,0,1,0,'2013-10-25 06:20:26','2013-10-25 09:59:51','81.196.41.118','en_EN'),(132,'mc2test1130@mc2test.com','06c388b3da0c9aac15acac7325dfea1f8148d7ca','f1695b800c300025c5ac9cee08265bf0','','',0,'Earth',1,'Leon','Jenkins',0,0,2,1,0,'2013-10-25 06:20:26','2013-10-25 10:00:06','81.196.41.118','en_EN'),(133,'mc2test1131@mc2test.com','96740560eb43d5c7eb8a8a3c160c51fdc6cd80a2','fdc10d819935642cf63766349d9d0ba7','','',0,'Earth',1,'Carl','Hatfield',0,0,1,1,0,'2013-10-25 06:20:26','2013-10-25 10:00:22','81.196.41.118','en_EN'),(134,'mc2test1132@mc2test.com','25a065f04aa4cf319b50d247e5f0c6077f61af22','74d29e31a22bf55740f45618b7104b0c','','',0,'Earth',1,'Constance','Hodges',0,0,2,1,0,'2013-10-25 06:20:27','2013-10-25 10:00:37','81.196.41.118','en_EN'),(135,'mc2test1133@mc2test.com','896c4a256ab588d52f2bbb2f9a244a2a55c26a88','39360c1dce8cd59372be318532d8b83b','','',0,'Earth',1,'Hugh','Myers',50,100,0,2,0,'2013-10-25 06:20:27','2013-10-25 10:01:02','81.196.41.118','en_EN'),(136,'mc2test1134@mc2test.com','a58426eb40e3d865a718cd201b2cebd6010a5a8f','c62f20b2b85620bb3d985a7147556bda','','',0,'Earth',1,'Julian','Rojas',50,100,1,2,0,'2013-10-25 06:20:27','2013-10-25 10:01:06','81.196.41.118','en_EN'),(137,'mc2test1136@mc2test.com','15c5e688b5549af7fcb30612e50ec76c3110b962','522e3a00108fba9ce88420d6b11e39db','','',0,'Earth',1,'Lucia','Mcdonald',50,100,1,2,0,'2013-10-25 06:20:27','2013-10-25 10:02:40','81.196.41.118','en_EN'),(138,'mc2test1135@mc2test.com','ad2d8b6f01c5fa0e4d1c62ce4cebed5f73cc887b','bf4afc786f22c1091f8510581945f9f2','','',0,'Earth',1,'Jenny','Page',50,100,2,2,0,'2013-10-25 06:20:28','2013-10-25 10:02:11','81.196.41.118','en_EN'),(139,'mc2test1137@mc2test.com','bba5804f39429605e372b8f742559bfe96504862','71ca690e970dd93a6f7f0def3f0b61a5','','',0,'Earth',1,'Isaac','Ochoa',50,100,0,2,0,'2013-10-25 06:20:28','2013-10-25 10:03:13','81.196.41.118','en_EN'),(140,'mc2test1138@mc2test.com','5226d0df26309c2c86913a4a68bebe45eab0e75d','94952f0e4587a7b0ab877e063656a4ce','','',0,'Earth',1,'Delia','Schroeder',0,0,2,1,0,'2013-10-25 06:20:28','2013-10-25 10:03:12','81.196.41.118','en_EN'),(141,'mc2test1139@mc2test.com','28e7970894dac3c14c740385d8494469b00f1e30','cb49a8c437fb1920fa455c187bc2eefc','','',0,'Earth',1,'Kate','Cannon',0,0,0,1,0,'2013-10-25 06:20:29','2013-10-25 10:03:26','81.196.41.118','en_EN'),(142,'mc2test1140@mc2test.com','ef33413c54084bcd275e68f4b5a8194a461f8cd3','d5d42047e201971193cc957f037090d7','','',0,'Earth',1,'Marvin','Wu',50,100,3,2,0,'2013-10-25 06:20:29','2013-10-25 10:03:36','81.196.41.118','en_EN'),(143,'mc2test1141@mc2test.com','7d2167c8f1a0529a0c088dfb696dc3fa8e0434f7','853982a05373786a41a97593e9724fcb','','',0,'Earth',1,'Kari','Bradley',0,0,0,1,0,'2013-10-25 06:20:29','2013-10-25 10:03:41','81.196.41.118','en_EN'),(144,'mc2test1143@mc2test.com','d8126ca02ac8d0289095752aa40193b437d50076','a9fb9dabc1a72a36acc474ef8b641f92','','',0,'Earth',1,'Joel','Knapp',0,0,1,1,0,'2013-10-25 06:20:29','2013-10-25 10:04:01','81.196.41.118','en_EN'),(145,'mc2test1142@mc2test.com','114b4b26344a63259c7cf9d119c5c787307017f0','386de28526c0f156c7b1f10470bf187a','','',0,'Earth',1,'Lucia','Donovan',50,100,1,2,0,'2013-10-25 06:20:29','2013-10-25 10:03:56','81.196.41.118','en_EN'),(146,'mc2test1145@mc2test.com','351f2173a0c70866d130373c1505a38b41c20194','2faa1c0419a90810ebb6bbfad6ac087d','','',0,'Earth',1,'Carole','Peck',50,100,0,2,0,'2013-10-25 06:20:30','2013-10-25 10:04:27','81.196.41.118','en_EN'),(147,'mc2test1144@mc2test.com','c67cbbdd89289b113f8e32177bbccd2272840ffe','dc9113c3b56a700257b150f0205f67c7','','',0,'Earth',1,'Matthew','Wright',0,0,0,1,0,'2013-10-25 06:20:30','2013-10-25 10:04:16','81.196.41.118','en_EN'),(148,'mc2test1146@mc2test.com','0fbcbc3a95989ab67616b5c9731d41cabbe68fa7','3f4ccfd1e0553e82c3be08013ae10021','','',0,'Earth',1,'Max','Cisneros',0,0,0,1,0,'2013-10-25 06:20:30','2013-10-25 10:04:34','81.196.41.118','en_EN'),(149,'mc2test1147@mc2test.com','1b6906db70b6fed81eb86baaff63d8d125ec7002','aa7f5a72a5f8763ffea4eac1b582c918','','',0,'Earth',1,'Jim','Lopez',50,100,2,2,0,'2013-10-25 06:20:31','2013-10-25 10:04:49','81.196.41.118','en_EN'),(150,'mc2test1148@mc2test.com','a983fb39dcd80bf6bb79d5624c8e864dc74b96e6','73aa0936f572815cf4358b226121a7ab','','',0,'Earth',1,'Jennie','Parrish',0,0,0,1,0,'2013-10-25 06:20:31','2013-10-25 10:04:54','81.196.41.118','en_EN'),(151,'mc2test1149@mc2test.com','69a4c8d75fab187c1eb327389c3c801d91048a78','138aecbc7475f94013efead303d5bdbc','','',0,'Earth',1,'Gordon','Hardin',0,0,0,1,0,'2013-10-25 06:20:31','2013-10-25 10:05:09','81.196.41.118','en_EN'),(152,'mc2test1150@mc2test.com','ecd49645788bac94ff0ea7ea42e3f2f0d553878b','1581a34769c25dff7f4332486c040b51','','',0,'Earth',1,'Wesley','Beasley',50,100,0,2,0,'2013-10-25 06:20:31','2013-10-25 10:05:20','81.196.41.118','en_EN'),(153,'mc2test1151@mc2test.com','c44280c616f3c69057281171626cbcb27dfbff87','84406bc0790c36f5fa014e22ab9df581','','',0,'Earth',1,'Kristie','Rogers',0,0,2,1,0,'2013-10-25 06:20:32','2013-10-25 10:05:23','81.196.41.118','en_EN'),(154,'mc2test1152@mc2test.com','ccca1c363fd1889834c89a8c2265ef651fdfacb9','790bd3d7b35f08dfe66848151e6d92fd','','',0,'Earth',1,'Hazel','Yang',0,0,1,1,0,'2013-10-25 06:20:32','2013-10-25 10:05:37','81.196.41.118','en_EN'),(155,'mc2test1153@mc2test.com','87c98ca6e14b777d5a8aa596e07e858c34d776e8','214bfb5ace4f026c5c87587f3e32fef1','','',0,'Earth',1,'Pam','Kramer',50,100,0,2,0,'2013-10-25 06:20:32','2013-10-25 10:05:39','81.196.41.118','en_EN'),(156,'mc2test1154@mc2test.com','160a5cbcd4ddafbbfdd535ff75547096ed81f1e5','dc4a6443893418d692e6d405d38cc0bf','','',0,'Earth',1,'Carl','Rose',50,100,0,2,0,'2013-10-25 06:20:33','2013-10-25 10:06:02','81.196.41.118','en_EN'),(157,'mc2test1155@mc2test.com','4b8212744e5d31bf34f44469d509410908e01ed0','7e27a78fb7e17873d5fbdf6f883c5b5f','','',0,'Earth',1,'Geraldine','Romero',50,100,1,2,0,'2013-10-25 06:20:33','2013-10-25 10:07:02','81.196.41.118','en_EN'),(158,'mc2test1156@mc2test.com','28359b3a9186df28f2134fc9683a27c3c880b349','09e96d03601b5d613503f8a5711e8a52','','',0,'Earth',1,'Sabrina','Rice',50,100,0,2,0,'2013-10-25 06:20:33','2013-10-25 10:07:35','81.196.41.118','en_EN'),(159,'mc2test1157@mc2test.com','edb80da609a744ea8e6d633bf6435986685dd868','11124560face9ae9b9ebe40291d4b75a','','',0,'Earth',1,'Madeline','Conley',0,0,0,1,0,'2013-10-25 06:20:34','2013-10-25 10:08:11','81.196.41.118','en_EN'),(160,'mc2test1158@mc2test.com','bcb6146a1800fc4ee66e06b56c9a29ea9f9f4cc6','06937cefa153031623bdc0027c8f8004','','',0,'Earth',1,'Ada','Morales',50,100,0,2,0,'2013-10-25 06:20:34','2013-10-25 10:08:15','81.196.41.118','en_EN'),(161,'mc2test1159@mc2test.com','8cb5ca93b22abb7f634c94b8987083f118400a0a','b8bcf86184b5f369d0a34035bd77f47b','','',0,'Earth',1,'Melba','Garner',50,100,2,2,0,'2013-10-25 06:20:34','2013-10-25 10:08:14','81.196.41.118','en_EN'),(162,'mc2test1160@mc2test.com','39651e09a12df7fd97761aec076febed86f803c8','e8c6c2dc151525bafb5069729518af84','','',0,'Earth',1,'Marianne','Malone',0,0,1,1,0,'2013-10-25 06:20:35','2013-10-25 10:08:23','81.196.41.118','en_EN'),(163,'mc2test1162@mc2test.com','493e9322991ee50bf5eeb4d392e1b7e4331caa33','66619cbe3f2390f5972f351c4d39fab4','','',0,'Earth',1,'Alyssa','Greer',0,0,0,1,0,'2013-10-25 06:20:35','2013-10-25 10:08:55','81.196.41.118','en_EN'),(164,'mc2test1161@mc2test.com','49325a9f706bee14ba1124d2594fe88d28ce7b9e','b6c5963e070a0623204e2ee53b775bf6','','',0,'Earth',1,'Juana','Mckee',0,0,2,1,0,'2013-10-25 06:20:35','2013-10-25 10:08:38','81.196.41.118','en_EN'),(165,'mc2test1163@mc2test.com','7a779228f7a3f4d435dad2b9f59224b504878b3e','abd88134868ab838176f3fa02b08ab62','','',0,'Earth',1,'Lorene','Chambers',50,100,0,2,0,'2013-10-25 06:20:36','2013-10-25 10:08:59','81.196.41.118','en_EN'),(166,'mc2test1164@mc2test.com','a554619a0c57c4ab426c7f802d807e3c816022cb','4b7ebe4778b8c37c8434f47f14c75ec6','','',0,'Earth',1,'Casey','Jacobs',0,0,1,1,0,'2013-10-25 06:20:36','2013-10-25 10:09:09','81.196.41.118','en_EN'),(167,'mc2test1165@mc2test.com','c0a4d1e13e1220d06b8fa338f3c1f2a0c50f8da1','605a704adfeec7e2639e47152b3735d3','','',0,'Earth',1,'Kate','Hines',0,0,0,1,0,'2013-10-25 06:20:36','2013-10-25 10:09:24','81.196.41.118','en_EN'),(168,'mc2test1166@mc2test.com','6aa703d82bc0b1e26f724c677107d08125b855db','60c30d145c8a080600ea9f722babdd30','','',0,'Earth',1,'Nadine','Pruitt',50,100,1,2,0,'2013-10-25 06:20:36','2013-10-25 10:09:34','81.196.41.118','en_EN'),(169,'mc2test1167@mc2test.com','599f5f5306c60de0ab6704d37e41fb6642d92b91','fef11ba8adb241bd71cb91d97f9e43c4','','',0,'Earth',1,'Vivian','Porter',50,100,0,2,0,'2013-10-25 06:20:37','2013-10-25 10:09:33','81.196.41.118','en_EN'),(170,'mc2test1168@mc2test.com','abb18b4bee1bb0650827aefcfb5e372d336f2345','da5c88cd8689bef8bfc79913cd1e411b','','',0,'Earth',1,'Penny','Riley',0,0,1,1,0,'2013-10-25 06:20:37','2013-10-25 10:09:38','81.196.41.118','en_EN'),(171,'mc2test1170@mc2test.com','23565591358f322d34c71aa986fc794b9128953f','710c469a6fb621cd6c7653f4386404e8','','',0,'Earth',1,'Ivan','Brown',0,0,0,1,0,'2013-10-25 06:20:37','2013-10-25 10:10:08','81.196.41.118','en_EN'),(172,'mc2test1169@mc2test.com','f904a8c336fe7846890ed74e5ed57f70e7066d7e','5e872ceae14320f1aba228703b2bbfe9','','',0,'Earth',1,'Jerry','Medina',0,0,1,1,0,'2013-10-25 06:20:38','2013-10-25 10:09:54','81.196.41.118','en_EN'),(173,'mc2test1172@mc2test.com','c27147c710271ebdcfbbd30f4dba598b436e0215','e0cb9eabf743b022f71a3a92c33b7a57','','',0,'Earth',1,'Michael','Graves',0,0,0,1,0,'2013-10-25 06:20:38','2013-10-25 10:10:23','81.196.41.118','en_EN'),(174,'mc2test1171@mc2test.com','19a0f85c07623fc917e397e1415103ebde840305','89caa681e4a3df25a9479f2752ce2e34','','',0,'Earth',1,'Stacey','Moss',50,100,0,2,0,'2013-10-25 06:20:38','2013-10-25 10:10:24','81.196.41.118','en_EN'),(175,'mc2test1173@mc2test.com','886ffd8f3bb195082c00adbea607d94227305303','5f7258cd3700fa220509f724c3ab7b9f','','',0,'Earth',1,'Angie','Ross',50,100,0,2,0,'2013-10-25 06:20:39','2013-10-25 10:10:43','81.196.41.118','en_EN'),(176,'mc2test1174@mc2test.com','953726a749720c331802f303d8fc11bb5f009321','007a277e49e3d6dad944b3232871db92','','',0,'Earth',1,'Elena','Sanders',50,100,0,2,0,'2013-10-25 06:20:39','2013-10-25 10:10:45','81.196.41.118','en_EN'),(177,'mc2test1175@mc2test.com','fbbd9a5fc4f612eb2de582430a44d30a5b0c2830','7f26cd16cc6bf54b88c748bc90463f6f','','',0,'Earth',1,'Jane','Bartlett',50,100,3,2,0,'2013-10-25 06:20:39','2013-10-25 10:12:05','81.196.41.118','en_EN'),(178,'mc2test1177@mc2test.com','28aa4e3dafc5e7406e7e1b843b7cef5118a99b97','bf9975b0a58ade4e7ea4257cec8e26d6','','',0,'Earth',1,'Laurie','Hughes',50,100,0,2,0,'2013-10-25 06:20:40','2013-10-25 10:12:59','81.196.41.118','en_EN'),(179,'mc2test1176@mc2test.com','616d50f92a1148a5baec9788f63b7c30c492b074','23e35a89fa11b7e6deb25aed85ddc19a','','',0,'Earth',1,'Emma','Bautista',50,100,0,2,0,'2013-10-25 06:20:40','2013-10-25 10:12:04','81.196.41.118','en_EN'),(180,'mc2test1178@mc2test.com','2cdd7c25631f6dbc6a147d209728a201c956c0b6','55dcfa888e0da91e5c646979ef6556ee','','',0,'Earth',1,'Hope','Woodward',0,0,0,1,0,'2013-10-25 06:20:40','2013-10-25 10:13:12','81.196.41.118','en_EN'),(181,'mc2test1179@mc2test.com','32f0847008ec0bbc449bc2a3ce66009744cc8752','60dc88d69a5fb38f50ce4df80c936df1','','',0,'Earth',1,'Edward','Cochran',50,100,0,2,0,'2013-10-25 06:20:40','2013-10-25 10:13:13','81.196.41.118','en_EN'),(182,'mc2test1182@mc2test.com','8c5dd0293516b14d4e9f846a4a7c9f55b484c1ee','aaec5529c198a6b841b69eb64fb9aa6d','','',0,'Earth',1,'Jonathan','Macdonald',0,0,1,1,0,'2013-10-25 06:20:41','2013-10-25 10:13:42','81.196.41.118','en_EN'),(183,'mc2test1181@mc2test.com','e9d48bc14ee5c376f88b48716768666e4ac85783','77cdf0b73ec9ff78a59fbd49dccaa829','','',0,'Earth',1,'Henrietta','Combs',0,0,0,1,0,'2013-10-25 06:20:41','2013-10-25 10:13:26','81.196.41.118','en_EN'),(184,'mc2test1180@mc2test.com','e7c6e4e45b902e6c8f05c4b7559adc011058e853','41f54d411c4da72a23ee58d5430f13c4','','',0,'Earth',1,'Essie','Contreras',50,100,1,2,0,'2013-10-25 06:20:41','2013-10-25 10:13:22','81.196.41.118','en_EN'),(185,'mc2test1183@mc2test.com','361472f7766cdb20021c217e73fd2cef3b09f1db','0215a0857e3f0ba6b65f761351853f4c','','',0,'Earth',1,'Jasmine','Hughes',50,100,0,2,0,'2013-10-25 06:20:41','2013-10-25 10:14:04','81.196.41.118','en_EN'),(186,'mc2test1184@mc2test.com','c6f76023e2f0cee51ef10cd173e791b30a9d5d81','5736e13bc119c58475a6955dbca4e56c','','',0,'Earth',1,'Rosemarie','Mccarthy',0,0,0,1,0,'2013-10-25 06:20:42','2013-10-25 10:14:01','81.196.41.118','en_EN'),(187,'mc2test1185@mc2test.com','d76457c5aa6ff441e8f30f1524ccda1dd448bf06','e6aa16f1ab8c8d2276abb81973a6ba99','','',0,'Earth',1,'Alma','Andersen',0,0,0,1,0,'2013-10-25 06:20:42','2013-10-25 10:14:16','81.196.41.118','en_EN'),(188,'mc2test1186@mc2test.com','c75db40eadf78035e9c874a4633ba674f4be1e11','cf9b86879d4dc485fbc6c7cd05919e68','','',0,'Earth',1,'Ernestine','Ray',50,100,0,2,0,'2013-10-25 06:20:43','2013-10-25 10:14:27','81.196.41.118','en_EN'),(189,'mc2test1187@mc2test.com','9595e8acb2dafc9380ab403d1ad6625d941f8d32','343257306ec7e6ff9c0a04e50321ed13','','',0,'Earth',1,'Jessie','Freeman',0,0,1,1,0,'2013-10-25 06:20:43','2013-10-25 10:14:31','81.196.41.118','en_EN'),(190,'mc2test1188@mc2test.com','3584b47e1ac8793ef9ac18fcf58e6c41024d9288','dbd668263255ab77caacde4694b3492b','','',0,'Earth',1,'Georgia','Duffy',50,100,0,2,0,'2013-10-25 06:20:43','2013-10-25 10:14:36','81.196.41.118','en_EN'),(191,'mc2test1189@mc2test.com','4151e0e19103e2b8f380e0edfbe9b62182048707','afcdbe33c62db7d25c430033a0904dbc','','',0,'Earth',1,'Arnold','Lutz',0,0,0,1,0,'2013-10-25 06:20:43','2013-10-25 10:14:46','81.196.41.118','en_EN'),(192,'mc2test1190@mc2test.com','9c722f78b121d40a976d430b9afd57a59d0a1b95','edf1fe42d3d470ee4a6350732929d8aa','','',0,'Earth',1,'Mary','Mccann',0,0,0,1,0,'2013-10-25 06:20:44','2013-10-25 10:15:00','81.196.41.118','en_EN'),(193,'mc2test1191@mc2test.com','6b512d74cd83df62a2d8e14b21d6464eb0ff29a2','09dd2228b918ebff4b9f7c76b7f1de1d','','',0,'Earth',1,'Rosemary','Hodge',0,0,0,1,0,'2013-10-25 06:20:44','2013-10-25 10:15:16','81.196.41.118','en_EN'),(194,'mc2test1192@mc2test.com','606777d474bf07a12b8b0d8c1bbbd6cac108f68a','624377046ddfe59baf1449c21e3cdb37','','',0,'Earth',1,'Dana','Cooley',0,0,0,1,0,'2013-10-25 06:20:45','2013-10-25 10:15:30','81.196.41.118','en_EN'),(195,'mc2test1193@mc2test.com','be9e9d16c641d01ebc52b23f8989bab70f445a9e','8487914c3f2faa76f0e7ab12a0012efd','','',0,'Earth',1,'Monica','Summers',50,100,0,2,0,'2013-10-25 06:20:45','2013-10-25 10:15:45','81.196.41.118','en_EN'),(196,'mc2test1194@mc2test.com','449ed36beab937e292dd5e369cd1aef0a596ca02','cd1dc5a63800ed125c84e717890a6223','','',0,'Earth',1,'Mable','Lane',50,100,0,2,0,'2013-10-25 06:20:45','2013-10-25 10:15:48','81.196.41.118','en_EN'),(197,'mc2test1195@mc2test.com','dad6a91507dbfd23c20288d6b17c8e660f435b57','ea13470ece34ee4fb29fe724f7c738eb','','',0,'Earth',1,'Darryl','Bruce',50,100,1,2,0,'2013-10-25 06:20:46','2013-10-25 10:17:03','81.196.41.118','en_EN'),(198,'mc2test1196@mc2test.com','c5cd2cb499e3655d898a0dde56a0d16894f8a30d','9ad73412522e23e01bef7b942a011a1a','','',0,'Earth',1,'Christina','Fitzgerald',50,100,0,2,0,'2013-10-25 06:20:46','2013-10-25 10:17:10','81.196.41.118','en_EN'),(199,'mc2test1197@mc2test.com','87fb64289360258f508cef284f5c11769ca88361','83bc444e4b4f4728fa8b1c1da006af4e','','',0,'Earth',1,'Terry','Hurst',0,0,0,1,0,'2013-10-25 06:20:46','2013-10-25 10:18:12','81.196.41.118','en_EN'),(200,'mc2test1198@mc2test.com','1aa2a955d23bc06b105804374a9335277978ef8f','6a5a9bfebd86d59eccf30e4c52b962e4','','',0,'Earth',1,'Sidney','Vance',50,100,0,2,0,'2013-10-25 06:20:47','2013-10-25 10:18:14','81.196.41.118','en_EN'),(201,'mc2test1200@mc2test.com','161995f4d75211395daa7300b25327b67c606e0b','3baed5081d46788e98122b425782d18b','','',0,'Earth',1,'Jacquelyn','Melendez',0,0,0,1,0,'2013-10-25 06:20:47','2013-10-25 10:18:26','81.196.41.118','en_EN'),(202,'mc2test1199@mc2test.com','8978d81f34fddbab54c050fdd6a50cd259f74385','eae6d5acc3042b7fc23bbc2de40ef636','','',0,'Earth',1,'Chester','Glover',50,100,0,2,0,'2013-10-25 06:20:47','2013-10-25 10:18:20','81.196.41.118','en_EN'),(203,'mc2test1201@mc2test.com','06449684dd5de6b546a3a54799297742228ec30f','32f52acb4f10bc3559e6a3110e558b6a','','',0,'Earth',1,'Charles','Gentry',50,100,0,2,0,'2013-10-25 06:20:47','2013-10-25 10:18:26','81.196.41.118','en_EN'),(204,'mc2test1203@mc2test.com','e4a90bb594a860efcce6d703d71b903a566c3118','bd87891c67235de53ac314a123dcf2ae','','',0,'Earth',1,'Nelson','Lawson',0,0,0,1,0,'2013-10-25 06:20:48','2013-10-25 10:18:54','81.196.41.118','en_EN'),(205,'mc2test1202@mc2test.com','1f9dd3a15ea597002c1ff434356be310c1a81b5a','d424e8c530254a2224037c7b7f317948','','',0,'Earth',1,'Gretchen','Alexander',0,0,0,1,0,'2013-10-25 06:20:48','2013-10-25 10:18:38','81.196.41.118','en_EN'),(206,'mc2test1204@mc2test.com','6f99a0ce04ddf8d1404df7028d0cbd5e7d229188','7af8283ebf884b73f75bd44a5292c534','','',0,'Earth',1,'Eleanor','Hayes',0,0,0,1,0,'2013-10-25 06:20:48','2013-10-25 10:19:09','81.196.41.118','en_EN'),(207,'mc2test1205@mc2test.com','ebbc6e16fffe2abfdc0bb356f1c41dc681be708d','217a19d18b9ccdece8e4a5c4b83b6969','','',0,'Earth',1,'Jessica','Burch',50,100,0,2,0,'2013-10-25 06:20:48','2013-10-25 10:19:18','81.196.41.118','en_EN'),(208,'mc2test1206@mc2test.com','49a4f923659d04accf542b06deab4fab5314db8a','4bec09f35059ab4559c7789b4ba45f6e','','',0,'Earth',1,'Dustin','Avery',0,0,0,1,0,'2013-10-25 06:20:49','2013-10-25 10:19:23','81.196.41.118','en_EN'),(209,'mc2test1207@mc2test.com','0f805dfea9d9cd27e62789a98fbc9cfe6c8b739c','e44f19e1d80250cea657bc604ee4a871','','',0,'Earth',1,'Jenna','Escobar',0,0,0,1,0,'2013-10-25 06:20:49','2013-10-25 10:19:37','81.196.41.118','en_EN'),(210,'mc2test1208@mc2test.com','c8fc7c00dfe88de7189f8d1f884604484ea94529','6b069fe6a61dad4c590d6c06bb2ebaea','','',0,'Earth',1,'Roberto','Holland',50,100,0,2,0,'2013-10-25 06:20:49','2013-10-25 10:19:42','81.196.41.118','en_EN'),(211,'mc2test1209@mc2test.com','c02aeb8091e5dc3e2a625a519de58dd0c6570993','06e9203910b1678265fd858d09fde95c','','',0,'Earth',1,'April','Harrison',50,100,0,2,0,'2013-10-25 06:20:50','2013-10-25 10:19:40','81.196.41.118','en_EN'),(212,'mc2test1210@mc2test.com','6311eab42f4986c28e3b8f930f0df8cb604b7fe5','5a74b29a9989d29340e133b3acb43992','','',0,'Earth',1,'Chris','Hopkins',0,0,0,1,0,'2013-10-25 06:20:50','2013-10-25 10:19:52','81.196.41.118','en_EN'),(213,'mc2test1211@mc2test.com','074d8b48fd220f050a9bbf6bba4ef37db31dc08b','a62ea5bc37d956f9a8b234e6ecbc2e85','','',0,'Earth',1,'Kenneth','Burgess',0,0,0,1,0,'2013-10-25 06:20:50','2013-10-25 10:20:03','81.196.41.118','en_EN'),(214,'mc2test1212@mc2test.com','3332e0e6e4baac0ce7b7b73ac618824581f4dccd','3740ab7aa2312ee5b06810d6d61e843b','','',0,'Earth',1,'Debra','Mccullough',0,0,0,1,0,'2013-10-25 06:20:50','2013-10-25 10:20:20','81.196.41.118','en_EN'),(215,'mc2test1213@mc2test.com','d9d091ee4cc7f1ea6d01f62d702dd4ba07baee3a','3040d7fb6d6b96021e8a4b6e64703fbe','','',0,'Earth',1,'Verna','Ayers',50,100,0,2,0,'2013-10-25 06:20:51','2013-10-25 10:20:57','81.196.41.118','en_EN'),(216,'mc2test1214@mc2test.com','73c8951839ea76fc23b0dc0a2b12a122d82d26f5','f2234aedfc9fe64bd1e5dbf943046c63','','',0,'Earth',1,'Harry','Carter',50,100,0,2,0,'2013-10-25 06:20:51','2013-10-25 10:21:02','81.196.41.118','en_EN'),(217,'mc2test1215@mc2test.com','68ac4580047da9169f399ab98b1e2c6689a5a5b9','03c0a0a4170c6d035685b6b417da6de1','','',0,'Earth',1,'Allen','Bowers',50,100,0,2,0,'2013-10-25 06:20:51','2013-10-25 10:22:21','81.196.41.118','en_EN'),(218,'mc2test1216@mc2test.com','afd1df5ee251069b49352992449a8fc9926141d1','5fbc02b19924278e5d93a26543069ca5','','',0,'Earth',1,'Doreen','Thomas',50,100,0,2,0,'2013-10-25 06:20:52','2013-10-25 10:22:19','81.196.41.118','en_EN'),(219,'mc2test1217@mc2test.com','b705339041a414b60bd7d5da4bcb4340c773e846','a716ce831c918f8fea0405aa89e5c999','','',0,'Earth',1,'Paula','Patel',50,100,0,2,0,'2013-10-25 06:20:52','2013-10-25 10:23:31','81.196.41.118','en_EN'),(220,'mc2test1218@mc2test.com','d1dc08696094d42fdc17728693dc81f621384c61','ade694f17da477d0e43d1f22008ab595','','',0,'Earth',1,'Evelyn','Serrano',50,100,0,2,0,'2013-10-25 06:20:52','2013-10-25 10:23:36','81.196.41.118','en_EN'),(221,'mc2test1219@mc2test.com','c983272435846d106b785665758db19f930d0374','8918bd1d1fc342a8502101485d1e9efe','','',0,'Earth',1,'Emily','Kirby',50,100,0,2,0,'2013-10-25 06:20:52','2013-10-25 10:24:46','81.196.41.118','en_EN'),(222,'mc2test1221@mc2test.com','92c69651750272ac3695798927efcf9fe2b24c74','a5c9edf9884b4ad83537de41a05cbf9a','','',0,'Earth',1,'Marcella','Dennis',50,100,0,2,0,'2013-10-25 06:20:53','2013-10-25 10:26:02','81.196.41.118','en_EN'),(223,'mc2test1222@mc2test.com','bb8a66df934640c7222668df8b0d6d7f223a20b6','0ac624d03d31a3081ea4b8c3a561cac6','','',0,'Earth',1,'Nina','Barr',50,100,0,2,0,'2013-10-25 06:20:53','2013-10-25 10:27:08','81.196.41.118','en_EN'),(224,'mc2test1220@mc2test.com','54d711d452b064f1ab350b14e77086ce186e7669','8ab29e246628663cfb5c2942aa0cffeb','','',0,'Earth',1,'James','Harper',50,100,0,2,0,'2013-10-25 06:20:53','2013-10-25 10:24:58','81.196.41.118','en_EN'),(225,'mc2test1223@mc2test.com','77a985718da77c95a2caa0edbe9f075e12ff48c5','47391d4366e3d2cad30672807cc434ae','','',0,'Earth',1,'George','Hartman',50,100,0,2,0,'2013-10-25 06:20:54','2013-10-25 10:28:36','81.196.41.118','en_EN'),(226,'mc2test1224@mc2test.com','36d98d542c22d33633ce3ce21f42eadaf1a8f900','752ad16d50af0c856fd1a318487ac975','','',0,'Earth',1,'Cathy','Lindsey',50,100,0,2,0,'2013-10-25 06:20:54','2013-10-25 10:29:54','81.196.41.118','en_EN'),(227,'mc2test1225@mc2test.com','736f300e956f68b219c6fb41f3b3505f7fd8e107','61eb727384e7b39489d962baf1e7c379','','',0,'Earth',1,'Ken','Mcclain',0,0,0,1,0,'2013-10-25 06:20:54',NULL,'81.196.41.118','en_EN'),(228,'mc2test1226@mc2test.com','593c2da3915663b4d31a30d3d18f557d8ae9547a','bc22ea5e81a868e958fd7c85ec08f8d6','','',0,'Earth',1,'Karl','Wong',0,0,0,1,0,'2013-10-25 06:20:54',NULL,'81.196.41.118','en_EN'),(229,'mc2test1227@mc2test.com','146906d158c8a4b68da6b503f0f590cbbcf0ab80','1b100776d7d2fff104ee707c95521fd5','','',0,'Earth',1,'Peggy','Patton',0,0,0,1,0,'2013-10-25 06:20:55',NULL,'81.196.41.118','en_EN'),(230,'mc2test1228@mc2test.com','e1a07b1f57cfb95bc09785501e8749b294aa9261','26480074c3788435384c8e12f129daad','','',0,'Earth',1,'Franklin','Mason',0,0,0,1,0,'2013-10-25 06:20:55',NULL,'81.196.41.118','en_EN'),(231,'mc2test1229@mc2test.com','a5d72e2cad4aa365b4320ed735dee94bc8652d47','83bcbd3dcaa8dcabcbbcfca949e1df16','','',0,'Earth',1,'Francis','Burke',0,0,0,1,0,'2013-10-25 06:20:55',NULL,'81.196.41.118','en_EN'),(232,'mc2test1230@mc2test.com','1ae121bed9ae47bc4565ca3d04a2231ed2ed0359','bde485d0a26ca7b94d2493f4a92450fd','','',0,'Earth',1,'Elisa','Strickland',0,0,0,1,0,'2013-10-25 06:20:56',NULL,'81.196.41.118','en_EN'),(233,'mc2test1231@mc2test.com','b893462e7c5eb1f0a747bc2060fe6ec8cb405e95','18d81a80d4c38a52e695c2e167e0cccf','','',0,'Earth',1,'Jerome','Waters',0,0,0,1,0,'2013-10-25 06:20:56',NULL,'81.196.41.118','en_EN'),(234,'mc2test1232@mc2test.com','73ddc5a0749035a9dedd050264da5437a07c8ce1','068146233c579c4815c0366af0e12bd9','','',0,'Earth',1,'Wesley','Vang',0,0,0,1,0,'2013-10-25 06:20:56',NULL,'81.196.41.118','en_EN'),(235,'mc2test1233@mc2test.com','2ce330ca79dafadc578524d8218f7be625cb5b44','6b5b00a9ec34da49aac9793a9d05b88f','','',0,'Earth',1,'Kevin','Stokes',0,0,0,1,0,'2013-10-25 06:20:57',NULL,'81.196.41.118','en_EN'),(236,'mc2test1234@mc2test.com','abc5b511862ae4ab8165417999b4d23734dc0604','255249b3ca922d45fc9914971a882d68','','',0,'Earth',1,'Nancy','Oliver',0,0,0,1,0,'2013-10-25 06:20:57',NULL,'81.196.41.118','en_EN'),(237,'mc2test1235@mc2test.com','e5f8991f130e2db5b53546bac7ac23ba2640c09e','9d6e9afd8fc0d6294cd29278fc32977f','','',0,'Earth',1,'Randall','Vega',0,0,0,1,0,'2013-10-25 06:20:57',NULL,'81.196.41.118','en_EN'),(238,'mc2test1236@mc2test.com','5f13ac19a5a8ae0f6873e4cddf404d68666eb87d','ab4620e571f62bde8b118c41dc432887','','',0,'Earth',1,'Kristina','Paul',0,0,0,1,0,'2013-10-25 06:20:57',NULL,'81.196.41.118','en_EN'),(239,'mc2test1237@mc2test.com','51ea6f2535fc4c9b4c507e1c7d9825e42e36d9ce','db09b679200ab21d03b593d10d782805','','',0,'Earth',1,'Krista','Vasquez',0,0,0,1,0,'2013-10-25 06:20:58',NULL,'81.196.41.118','en_EN'),(240,'mc2test1238@mc2test.com','9e130762f16135a60ac84a036a89242cdfaa0878','8206f627e692dd7691ede8098d91fbe2','','',0,'Earth',1,'Alexis','Chen',0,0,0,1,0,'2013-10-25 06:20:58',NULL,'81.196.41.118','en_EN'),(241,'mc2test1239@mc2test.com','816278dfbc9bfc99d98908d12715dacf31805f27','0a67737bf7157bce004d1fe8835265f4','','',0,'Earth',1,'Lindsey','Navarro',0,0,0,1,0,'2013-10-25 06:20:58',NULL,'81.196.41.118','en_EN'),(242,'mc2test1240@mc2test.com','7e9b351f1c3c618de8edd0b880b1c0f20ff66126','272f74ccc8e99322117ba1f5e57be345','','',0,'Earth',1,'Harry','Shepherd',0,0,0,1,0,'2013-10-25 06:20:59',NULL,'81.196.41.118','en_EN'),(243,'mc2test1241@mc2test.com','3c4e11794f788a465a3f1255d2864e9e3a90b01d','753bcdfb4e26eb6e80cc0dbfdf961719','','',0,'Earth',1,'Danny','Wang',0,0,0,1,0,'2013-10-25 06:20:59',NULL,'81.196.41.118','en_EN'),(244,'mc2test1242@mc2test.com','dcf5fde91cdad01f70909b523626f6417203e566','7c6aef581bbd305d232f7b117366defc','','',0,'Earth',1,'Krystal','Shah',0,0,0,1,0,'2013-10-25 06:20:59',NULL,'81.196.41.118','en_EN'),(245,'mc2test1243@mc2test.com','8b688ac5780a223ccfcf6afa208f4697bf9f2a71','36309f4d93966767531a0820ceaa3f2e','','',0,'Earth',1,'Marion','Barr',0,0,0,1,0,'2013-10-25 06:20:59',NULL,'81.196.41.118','en_EN'),(246,'mc2test1244@mc2test.com','b710ba60f0b6affd70e0e3e75eca04875c1b71ad','2286fc3eef03dd3f098f76bf9fe4f949','','',0,'Earth',1,'Lula','Fritz',0,0,0,1,0,'2013-10-25 06:21:00',NULL,'81.196.41.118','en_EN'),(247,'mc2test1245@mc2test.com','e08729874b27fd4ecda0ec23901c5fbb8a0b510f','5ebef815546d9e169577a57f02c8ed96','','',0,'Earth',1,'Tricia','Bates',0,0,0,1,0,'2013-10-25 06:21:00',NULL,'81.196.41.118','en_EN'),(248,'mc2test1246@mc2test.com','2ef8a9d36ca69e47df6db7b054b7d7d4d1f22932','bdf5ccad67530a9d056f08e55218a6dd','','',0,'Earth',1,'Stephen','Kennedy',0,0,0,1,0,'2013-10-25 06:21:00',NULL,'81.196.41.118','en_EN'),(249,'mc2test1247@mc2test.com','571864a6e7f443693ba9763330e019db2ee58d36','43e60952b9e2bf3d125a461fa0ea3252','','',0,'Earth',1,'Dennis','Ruiz',0,0,0,1,0,'2013-10-25 06:21:01',NULL,'81.196.41.118','en_EN'),(250,'mc2test1248@mc2test.com','e82368e4416a253575a377065ef40f65f518ff9c','2f3593cd4013b3b623e2777400eaf894','','',0,'Earth',1,'Lela','Blackwell',0,0,0,1,0,'2013-10-25 06:21:01',NULL,'81.196.41.118','en_EN'),(251,'mc2test1249@mc2test.com','1c46bd0ad69606375c2db41455e042cfaf7d3494','cd2b739cc0808ad06cd660578d0ffae5','','',0,'Earth',1,'George','Gould',0,0,0,1,0,'2013-10-25 06:21:01',NULL,'81.196.41.118','en_EN'),(252,'mc2test1250@mc2test.com','bcc5935d76c25d0133ac152dd16b95644d5b4c9f','7b392b9956ec5b125f6c6131429ce20d','','',0,'Earth',1,'Dan','Morton',0,0,0,1,0,'2013-10-25 06:21:01',NULL,'81.196.41.118','en_EN'),(253,'mc2test1251@mc2test.com','c0f5ad231c97cc3e1d5352ec501642feae31d836','4c17ed6bb332ca89157c99214f3b67a5','','',0,'Earth',1,'Kendra','Santos',0,0,0,1,0,'2013-10-25 06:21:02',NULL,'81.196.41.118','en_EN'),(254,'mc2test1252@mc2test.com','75fa1bb70fd830ac7e776799fbb3e77b7ba72e23','1997669f5d18112b5d427476fe21b6e3','','',0,'Earth',1,'Ricardo','Michael',0,0,0,1,0,'2013-10-25 06:21:02',NULL,'81.196.41.118','en_EN'),(255,'mc2test1253@mc2test.com','5e9678c7fb46613e2bbda7217d687dd2ddf234d2','4af1143741edbdcadb29c46a56cca5cf','','',0,'Earth',1,'Alberta','Harrington',0,0,0,1,0,'2013-10-25 06:21:02',NULL,'81.196.41.118','en_EN'),(256,'mc2test1254@mc2test.com','9d7e35cedbab9989c21542a5b74fb0b38cf2ff49','a39461211ac5bb3a65f1b827579de1c5','','',0,'Earth',1,'Jeannie','Holden',0,0,0,1,0,'2013-10-25 06:21:03',NULL,'81.196.41.118','en_EN'),(257,'mc2test1255@mc2test.com','91ec8951473a53ab0e622c8c63dc8cf514705299','46840c8838c11dd3c3e22d3cd091e304','','',0,'Earth',1,'Alan','Ferrell',0,0,0,1,0,'2013-10-25 06:21:03',NULL,'81.196.41.118','en_EN'),(258,'mc2test1256@mc2test.com','d93ca5dc46213fb00b00cbb0c843a30df1f6b17f','4c9496f3e264d08bc7c1bf8a61420b90','','',0,'Earth',1,'Danielle','Flowers',0,0,0,1,0,'2013-10-25 06:21:03',NULL,'81.196.41.118','en_EN'),(259,'mc2test1257@mc2test.com','d917c5ce871b0cc5924cc7d27d11b1b6a957cdda','62acbc2fd4840f5ebfbd8249693ec868','','',0,'Earth',1,'Maggie','Bishop',0,0,0,1,0,'2013-10-25 06:21:03',NULL,'81.196.41.118','en_EN'),(260,'mc2test1258@mc2test.com','3cadf78c59a6ae65addb84277953f2b2fff4c0de','c0febe9d1928fc69b4b175dd59bfafb2','','',0,'Earth',1,'David','Pittman',0,0,0,1,0,'2013-10-25 06:21:04',NULL,'81.196.41.118','en_EN'),(261,'mc2test1259@mc2test.com','5c8676df9e48493735847d1ba732ca680e770a40','f54e150c90d7e465a5daaba746dcaf93','','',0,'Earth',1,'Kathy','Manning',0,0,0,1,0,'2013-10-25 06:21:04',NULL,'81.196.41.118','en_EN'),(262,'mc2test1260@mc2test.com','66c49113fa9e9f86812a7c9a60bf21821315f65d','2dec5cea12a3f1017cc7217bebdaf343','','',0,'Earth',1,'Diane','Herrera',0,0,0,1,0,'2013-10-25 06:21:04',NULL,'81.196.41.118','en_EN'),(263,'mc2test1261@mc2test.com','1196be1a165d6044cbb2ca58963e78c0137bca50','9f3a30c75db8e038721a3fd6c8e27e7c','','',0,'Earth',1,'Robin','Knapp',0,0,0,1,0,'2013-10-25 06:21:05',NULL,'81.196.41.118','en_EN'),(264,'mc2test1263@mc2test.com','f607c860a79fbf8b238c56f920bf5d5779bba21f','c6e2cfebab498c808e5e21748960ed29','','',0,'Earth',1,'Kelly','Moran',0,0,0,1,0,'2013-10-25 06:21:05',NULL,'81.196.41.118','en_EN'),(265,'mc2test1262@mc2test.com','4fc89b3d4cdf0a44d9a5921dd23a4fe99a6eb4f8','a56d3ec56101743adb33a19725f60da1','','',0,'Earth',1,'Toni','Hurley',0,0,0,1,0,'2013-10-25 06:21:05',NULL,'81.196.41.118','en_EN'),(266,'mc2test1264@mc2test.com','9896b5e5461d3ee32000a33951628d7091ef7499','bacdae8f67e0d8356b2afabf6fd36858','','',0,'Earth',1,'Jacquelyn','Peck',0,0,0,1,0,'2013-10-25 06:21:05',NULL,'81.196.41.118','en_EN'),(267,'mc2test1265@mc2test.com','97d75ae8e341cb3698ef4d70386e0cafef7141d4','fc332a05e78f67ef9c4a2d06893dda6a','','',0,'Earth',1,'Lorraine','Irwin',0,0,0,1,0,'2013-10-25 06:21:06',NULL,'81.196.41.118','en_EN'),(268,'mc2test1266@mc2test.com','3071029bfbf83b45c91404589f3388170b43117b','abd934dad54239d11c7d14dcabf6bb9e','','',0,'Earth',1,'Marjorie','Huff',0,0,0,1,0,'2013-10-25 06:21:06',NULL,'81.196.41.118','en_EN'),(269,'mc2test1267@mc2test.com','d5a89596175f70bb45004393c92de878c3419fb7','733f2c8f151f357216f3e77eca94400b','','',0,'Earth',1,'Anthony','Pollard',0,0,0,1,0,'2013-10-25 06:21:06',NULL,'81.196.41.118','en_EN'),(270,'mc2test1268@mc2test.com','88ad7771990b8eab3e26530ba47f33262306b557','ab0f13d857dacd4f7e1f012533608daf','','',0,'Earth',1,'Jeremy','Nguyen',0,0,0,1,0,'2013-10-25 06:21:07',NULL,'81.196.41.118','en_EN'),(271,'mc2test1269@mc2test.com','e1b39049c0e966ba7f012d5522143cbe4277bdf8','53c1ffdc28b93bfe15233552fd88fb4d','','',0,'Earth',1,'Peter','Bridges',0,0,0,1,0,'2013-10-25 06:21:07',NULL,'81.196.41.118','en_EN'),(272,'mc2test1270@mc2test.com','7318d2623e158733223a812cc87e5f05a245e059','9fe95014f13efd098e0bc06a9e0785eb','','',0,'Earth',1,'Johnny','Stephenson',0,0,0,1,0,'2013-10-25 06:21:07',NULL,'81.196.41.118','en_EN'),(273,'mc2test1271@mc2test.com','580f40afde14bd4cb5183f64509225d7bb51f8bb','752584c3f5ac83a1eba8218cb73ab36d','','',0,'Earth',1,'Leo','Walsh',0,0,0,1,0,'2013-10-25 06:21:08',NULL,'81.196.41.118','en_EN'),(274,'mc2test1272@mc2test.com','2a786aaf72f7217c7a2e652b46da4c3488c23bd0','e695bca822ad6db16b24a45cc2bd0f08','','',0,'Earth',1,'Shawn','Benjamin',0,0,0,1,0,'2013-10-25 06:21:08',NULL,'81.196.41.118','en_EN'),(275,'mc2test1273@mc2test.com','dd2dec41f33381cebb72a729bdb00d7684ac9caa','b516fa88801938ab15fab9f207b266fc','','',0,'Earth',1,'Ashley','Lyons',0,0,0,1,0,'2013-10-25 06:21:08',NULL,'81.196.41.118','en_EN'),(276,'mc2test1274@mc2test.com','395f0e193c96799614cba1956cc7329c3bb6281c','07568d6e646e715df44d7b6e4a56eed4','','',0,'Earth',1,'Lindsey','Garrett',0,0,0,1,0,'2013-10-25 06:21:08',NULL,'81.196.41.118','en_EN'),(277,'mc2test1275@mc2test.com','25260072e25b66a283aad4d08f67ecdba00392e0','8fe7be87173b4f5bb0ecbccc60f93204','','',0,'Earth',1,'Kristen','Barrera',0,0,0,1,0,'2013-10-25 06:21:09',NULL,'81.196.41.118','en_EN'),(278,'mc2test1276@mc2test.com','90aea30b1a167a5f5d350e58cdac0f204c559b82','84c5b3827a26614b875089f01968072e','','',0,'Earth',1,'Lynne','Jackson',0,0,0,1,0,'2013-10-25 06:21:09',NULL,'81.196.41.118','en_EN'),(279,'mc2test1277@mc2test.com','d556228d08c7d3af56f7aa65c0a3cc0502e5fb5b','797f010cd0638dc6a1123d2026f7fbb3','','',0,'Earth',1,'Vickie','Robles',0,0,0,1,0,'2013-10-25 06:21:09',NULL,'81.196.41.118','en_EN'),(280,'mc2test1278@mc2test.com','65dc6dde4fe079fd6342f25e89479b6d7f9727be','b63d971e8dd7ee289a5be6340fe9aba6','','',0,'Earth',1,'Franklin','Blair',0,0,0,1,0,'2013-10-25 06:21:10',NULL,'81.196.41.118','en_EN'),(281,'mc2test1279@mc2test.com','66be9fc63f6f6f609f60c962abbbcd3867cd8cc6','be192cf02d168d9af582fd0d8373778e','','',0,'Earth',1,'Christie','Davidson',0,0,0,1,0,'2013-10-25 06:21:10',NULL,'81.196.41.118','en_EN'),(282,'mc2test1280@mc2test.com','701b33b09670039e30c07776f207885ae0ecfa5c','0ffeac5a4f1547e0be741181b61e9e70','','',0,'Earth',1,'Gary','Daugherty',0,0,0,1,0,'2013-10-25 06:21:10',NULL,'81.196.41.118','en_EN'),(283,'mc2test1283@mc2test.com','3f9accc74ddacebcf4e07d535048ef7df1d492e8','3d45f5d9f581cd445ecb240602f15393','','',0,'Earth',1,'Tamara','May',0,0,0,1,0,'2013-10-25 06:21:11',NULL,'81.196.41.118','en_EN'),(284,'mc2test1281@mc2test.com','bdecf3026f87369f6b85bd4454519be519cf1afa','7c677beff5d44aab1be4afb1f6ff1686','','',0,'Earth',1,'Bertha','Cabrera',0,0,0,1,0,'2013-10-25 06:21:11',NULL,'81.196.41.118','en_EN'),(285,'mc2test1282@mc2test.com','14c9cb0d33166e6d8447ff40788e6d24d792be77','f97d23efde949a3fbace785c7d271669','','',0,'Earth',1,'Holly','Holmes',0,0,0,1,0,'2013-10-25 06:21:11',NULL,'81.196.41.118','en_EN'),(286,'mc2test1284@mc2test.com','47b7bd5c580a17bddf496ede6f9f5ce3a8872211','3dff605a9f26fbaf58f0cbfa2dd5ef62','','',0,'Earth',1,'Emma','Joseph',0,0,0,1,0,'2013-10-25 06:21:11',NULL,'81.196.41.118','en_EN'),(287,'mc2test1285@mc2test.com','9a20521688dd6988a196e05555b8eb031e7f6cdd','e6258e342056412b33ea079a2d9bf13a','','',0,'Earth',1,'Jason','Spencer',0,0,0,1,0,'2013-10-25 06:21:12',NULL,'81.196.41.118','en_EN'),(288,'mc2test1286@mc2test.com','76a9d39096cf7029faf846a98ae8c2dad728fdb0','b840d6b38bba08a06f6f25ba0dee1aa8','','',0,'Earth',1,'Evelyn','Shea',0,0,0,1,0,'2013-10-25 06:21:12',NULL,'81.196.41.118','en_EN'),(289,'mc2test1287@mc2test.com','fb1b6578d24be61ba13ba807d033c194771c7943','7ff039a10b21622471ec30231d644d83','','',0,'Earth',1,'Lauren','Holder',0,0,0,1,0,'2013-10-25 06:21:12',NULL,'81.196.41.118','en_EN'),(290,'mc2test1288@mc2test.com','e9e94f14a02fccfd586e863ecb57cffc267b4ca7','4accf6da009758e3397b94e28a749df7','','',0,'Earth',1,'Connie','Jennings',0,0,0,1,0,'2013-10-25 06:21:13',NULL,'81.196.41.118','en_EN'),(291,'mc2test1289@mc2test.com','2295d8c37e85e374c000ad26037f2f0538987aa1','b2d4b881ceb46a1a716486c59d413c9d','','',0,'Earth',1,'Patti','Herman',0,0,0,1,0,'2013-10-25 06:21:13',NULL,'81.196.41.118','en_EN'),(292,'mc2test1290@mc2test.com','71db5b1980453f886cc0cd0d28422ca50538a886','1ccc42711259812520c68ca8994e1bcd','','',0,'Earth',1,'Martin','Spears',0,0,0,1,0,'2013-10-25 06:21:13',NULL,'81.196.41.118','en_EN'),(293,'mc2test1291@mc2test.com','48ff34355313db357f531dbe325937c71a589568','9682a772a3b9d8c6762b5a8feb98d4b3','','',0,'Earth',1,'Shawna','Cohen',0,0,0,1,0,'2013-10-25 06:21:14',NULL,'81.196.41.118','en_EN'),(294,'mc2test1292@mc2test.com','cad2bef2d71d3ae16586426713c1470e04484cc2','4e0251f4516a33b532eb7569dca228bf','','',0,'Earth',1,'Lydia','Cross',0,0,0,1,0,'2013-10-25 06:21:14',NULL,'81.196.41.118','en_EN'),(295,'mc2test1293@mc2test.com','b19eb1ee92c4aa91426420325da3c4d4c7e596ec','547c1924d949187f530bf63640c9c231','','',0,'Earth',1,'Meghan','Hayden',0,0,0,1,0,'2013-10-25 06:21:14',NULL,'81.196.41.118','en_EN'),(296,'mc2test1294@mc2test.com','af015237d28727e418d9e1159008ac54265f2940','6ea97cd538d4905cf6a35c8fa7db463c','','',0,'Earth',1,'Minnie','Cameron',0,0,0,1,0,'2013-10-25 06:21:14',NULL,'81.196.41.118','en_EN'),(297,'mc2test1295@mc2test.com','ba4ff1bf57e98ce9578df7ecbe29e77507ced95a','32b127eb52b1fbe4c9242fc6626ecc13','','',0,'Earth',1,'Vicki','Jones',0,0,0,1,0,'2013-10-25 06:21:15',NULL,'81.196.41.118','en_EN'),(298,'mc2test1296@mc2test.com','ba23e224cd2bb77d16ec0217bab6b62969e18244','9e36b4c83148313e0fdb0a578f1cf9ad','','',0,'Earth',1,'Ana','Mcgrath',0,0,0,1,0,'2013-10-25 06:21:15',NULL,'81.196.41.118','en_EN'),(299,'mc2test1297@mc2test.com','7b781364365fac9061896548e871b1a894a8ab3e','6220a7f312d28ba89d4fc09cf75bd34c','','',0,'Earth',1,'Carrie','Fernandez',0,0,0,1,0,'2013-10-25 06:21:15',NULL,'81.196.41.118','en_EN'),(300,'mc2test1298@mc2test.com','9a86ee11c1bd94342da7a9be471bfc45a81db4be','7142a0b31650f97c1180504960b8c730','','',0,'Earth',1,'Kari','Mathews',0,0,0,1,0,'2013-10-25 06:21:16',NULL,'81.196.41.118','en_EN'),(301,'mc2test1299@mc2test.com','9a4ad78bc14ffd275e03913805f3b805dbd3dc7a','b015a4a8283a24e8ea029a9e4f7e4c40','','',0,'Earth',1,'Tanya','Acevedo',0,0,0,1,0,'2013-10-25 06:21:16',NULL,'81.196.41.118','en_EN'),(302,'mc2test1300@mc2test.com','3646806575b318653649a51516d6f6fc93796865','fc58f9bb3fdd8c74268bc88cc76d2782','','',0,'Earth',1,'Jerry','Salinas',0,0,0,1,0,'2013-10-25 06:21:16',NULL,'81.196.41.118','en_EN'),(303,'mc2test1301@mc2test.com','449e2448653cdbb26e1021071dd1250ad3499ef9','ae1753ccbf859c30158c277e0f72c4a2','','',0,'Earth',1,'Clifford','Bowen',0,0,0,1,0,'2013-10-25 06:21:17',NULL,'81.196.41.118','en_EN'),(304,'mc2test1303@mc2test.com','9e88166b0e4c5e75d296907a6b4d5c1ada6fc772','53efb2a0fe75d43dbfff2da61c1d53d1','','',0,'Earth',1,'Vanessa','Ibarra',0,0,0,1,0,'2013-10-25 06:21:17',NULL,'81.196.41.118','en_EN'),(305,'mc2test1302@mc2test.com','50582f79b803e3449609ca86f3f938db4c905c1c','dc21a2576b8ec4352f491ce2eb9072a5','','',0,'Earth',1,'Erica','Boyd',0,0,0,1,0,'2013-10-25 06:21:17',NULL,'81.196.41.118','en_EN'),(306,'mc2test1304@mc2test.com','3665bf0f43dca06670cec1d06604b27900a0c310','e56dadf94dbd3d7b5e52c5ea1fd2efd7','','',0,'Earth',1,'Mabel','Snow',0,0,0,1,0,'2013-10-25 06:21:17',NULL,'81.196.41.118','en_EN'),(307,'mc2test1305@mc2test.com','7ecd856fc7eb7fbc3062f98343b40525fe0c722d','65491a0c88c5c4f0e50b5e396e430f36','','',0,'Earth',1,'Belinda','Huerta',0,0,0,1,0,'2013-10-25 06:21:18',NULL,'81.196.41.118','en_EN'),(308,'mc2test1306@mc2test.com','277130eb37f671a1e48f09841812623db2f054d6','0cc34746e0fce497c50330d93e4448aa','','',0,'Earth',1,'Victor','Weiss',0,0,0,1,0,'2013-10-25 06:21:18',NULL,'81.196.41.118','en_EN'),(309,'mc2test1307@mc2test.com','69a1c05306845306ad7e87783cdb45680b1508d0','cb3c2c0eb24229ccd57aced1afe3f1d6','','',0,'Earth',1,'Andre','Franco',0,0,0,1,0,'2013-10-25 06:21:18',NULL,'81.196.41.118','en_EN'),(310,'mc2test1308@mc2test.com','b2d3a1e046e622cd1a093315025b6663867e3e66','c20c9d865e7125566e7ecd8945cc9138','','',0,'Earth',1,'Courtney','Walters',0,0,0,1,0,'2013-10-25 06:21:19',NULL,'81.196.41.118','en_EN'),(311,'mc2test1309@mc2test.com','c76c96db1bbb211c018691c6c0ecda0dbc9fd152','ac61ce7f878da144d9d4ea3698a6e863','','',0,'Earth',1,'Dean','Dorsey',0,0,0,1,0,'2013-10-25 06:21:19',NULL,'81.196.41.118','en_EN'),(312,'mc2test1310@mc2test.com','a4919813dd5cc39e58bb4cd9663b70c293751f1f','d233bcb648a003a5849cdc6ffc0e092c','','',0,'Earth',1,'Sherry','Cowan',0,0,0,1,0,'2013-10-25 06:21:19',NULL,'81.196.41.118','en_EN'),(313,'mc2test1311@mc2test.com','05c5d3dc180e43d1447670c7a0b23ce7e22140a7','fca87330c6252d560430cfc455c18c1e','','',0,'Earth',1,'Roxanne','Daniels',0,0,0,1,0,'2013-10-25 06:21:19',NULL,'81.196.41.118','en_EN'),(314,'mc2test1312@mc2test.com','a4462b4d80f647acf0731021fc6d51fada9a3e7a','4d571c331e51bf6b27bbceb3dd18e4b5','','',0,'Earth',1,'Chad','Cannon',0,0,0,1,0,'2013-10-25 06:21:20',NULL,'81.196.41.118','en_EN'),(315,'mc2test1313@mc2test.com','596edd0101f097ffdcd1685013b36d26289d742f','ebf232c0432ce1520bf2691fb08f86d7','','',0,'Earth',1,'Betty','Lyons',0,0,0,1,0,'2013-10-25 06:21:20',NULL,'81.196.41.118','en_EN'),(316,'mc2test1314@mc2test.com','0c681a76a8c5260afd8f2bc9d3a7b1da70ec6a5d','b0aeeaec1004ebeeca8c63a8a6600d93','','',0,'Earth',1,'Leslie','Cline',0,0,0,1,0,'2013-10-25 06:21:20',NULL,'81.196.41.118','en_EN'),(317,'mc2test1315@mc2test.com','46248de21d25b4cbf2953f083fc0b90da4ea1513','f53fea210cf92014671ec8bc44623271','','',0,'Earth',1,'Ada','Byrd',0,0,0,1,0,'2013-10-25 06:21:21',NULL,'81.196.41.118','en_EN'),(318,'mc2test1316@mc2test.com','1a7aedcb53ceb345a3d29090c63d6ac08dda080a','26fb6ea93ab0ee7b378732e8c25bd2f0','','',0,'Earth',1,'Alex','Hester',0,0,0,1,0,'2013-10-25 06:21:21',NULL,'81.196.41.118','en_EN'),(319,'mc2test1317@mc2test.com','9d0cf20dd15ab2da4112b00335c2d6ad5cca270e','c3780aa006ab08c9ada779a05c964f9c','','',0,'Earth',1,'Duane','Wade',0,0,0,1,0,'2013-10-25 06:21:21',NULL,'81.196.41.118','en_EN'),(320,'mc2test1318@mc2test.com','101c32ed12d906c32e2f6964ddddc0d94cb21ac4','7292ef7be2fb29efdde831b804eafb16','','',0,'Earth',1,'Lisa','Cantu',0,0,0,1,0,'2013-10-25 06:21:22',NULL,'81.196.41.118','en_EN'),(321,'mc2test1319@mc2test.com','c5b6843802bb54f46531975b1ee7b5bb8c66cb62','ee642317eb95c01cd714e8979c6f2eff','','',0,'Earth',1,'Aaron','Sparks',0,0,0,1,0,'2013-10-25 06:21:22',NULL,'81.196.41.118','en_EN'),(322,'mc2test1320@mc2test.com','6268ca9aa60fbae970d602e9ba7ad3acdda3a68e','07513b539a7c168c644354b1faf5b506','','',0,'Earth',1,'Alexis','Kemp',0,0,0,1,0,'2013-10-25 06:21:22',NULL,'81.196.41.118','en_EN'),(323,'mc2test1323@mc2test.com','6f2380368a1e0da24c01519a4a518aed5139f509','450be8613558a0064f40f3afdce39743','','',0,'Earth',1,'Eddie','Hahn',0,0,0,1,0,'2013-10-25 06:21:23',NULL,'81.196.41.118','en_EN'),(324,'mc2test1322@mc2test.com','47fa216241bcb20bcf64490c0c1b389089c12dc9','d6a43a8a884d6d6db6490afdbfd7387a','','',0,'Earth',1,'Donald','Garrison',0,0,0,1,0,'2013-10-25 06:21:23',NULL,'81.196.41.118','en_EN'),(325,'mc2test1321@mc2test.com','e2689f7fdccb81f09adbea4c91278856872ccc0c','38b1ce92253f98592382ea6931f58100','','',0,'Earth',1,'Pamela','Mcgrath',0,0,0,1,0,'2013-10-25 06:21:23',NULL,'81.196.41.118','en_EN'),(326,'mc2test1324@mc2test.com','a8309efc2d4c670871c08e27cd9d1795c5fd3e21','3022ef25478fba130cbb1cc65cbd22c1','','',0,'Earth',1,'Harold','Chen',0,0,0,1,0,'2013-10-25 06:21:23',NULL,'81.196.41.118','en_EN'),(327,'mc2test1326@mc2test.com','649cb3e6f93d395f751903e4d19adce86ecdbd54','b7e43eae611c3e9b7585cd87530a27ad','','',0,'Earth',1,'Joanne','Kelley',0,0,0,1,0,'2013-10-25 06:21:24',NULL,'81.196.41.118','en_EN'),(328,'mc2test1325@mc2test.com','e5ad3d31b1ea9654ad62a260c7e9b8fa67807d13','76da616856e01b3c1d7956a9896b530d','','',0,'Earth',1,'Erica','Donaldson',0,0,0,1,0,'2013-10-25 06:21:24',NULL,'81.196.41.118','en_EN'),(329,'mc2test1327@mc2test.com','7e1e8991c73fee9e94eb43907c3ac3fbd97c98a4','d477f68ba43171b2f2864c2c79c7a9a2','','',0,'Earth',1,'Arthur','Reed',0,0,0,1,0,'2013-10-25 06:21:25',NULL,'81.196.41.118','en_EN'),(330,'mc2test1328@mc2test.com','b4ed8a1aeaf5c179811bba2221b11a25a6fc0c46','ec0a99af9ac44ca5a2f8f32a2c86193c','','',0,'Earth',1,'Tracey','Mcbride',0,0,0,1,0,'2013-10-25 06:21:25',NULL,'81.196.41.118','en_EN'),(331,'mc2test1330@mc2test.com','72e9c0a55b1d0d76932b5c810fce7e53cff7edaa','f6ed0f440e8d3b5848f269cdb385f8c8','','',0,'Earth',1,'Gwendolyn','Huff',0,0,0,1,0,'2013-10-25 06:21:25',NULL,'81.196.41.118','en_EN'),(332,'mc2test1329@mc2test.com','f9cec146485d361bfda6bb268311167e32e3875f','982cfcf71f37e5540c7dbe2c59e10f3d','','',0,'Earth',1,'Stanley','Pollard',0,0,0,1,0,'2013-10-25 06:21:25',NULL,'81.196.41.118','en_EN'),(333,'mc2test1331@mc2test.com','ef6bed8cb1a016bb0880472faba1b4ba52d51af6','6b7ef277acd3dc7b53f463c0176561ca','','',0,'Earth',1,'Craig','Hodge',0,0,0,1,0,'2013-10-25 06:21:26',NULL,'81.196.41.118','en_EN'),(334,'mc2test1332@mc2test.com','4e32a17410356f49bb16dd0617a02c16fe74f8b9','98eca4691191d34a178867bde47b5d6b','','',0,'Earth',1,'Mable','Elliott',0,0,0,1,0,'2013-10-25 06:21:26',NULL,'81.196.41.118','en_EN'),(335,'mc2test1333@mc2test.com','aef7ae69dfd196eace2bc37964d61f8ae1e1cf1b','f357849b4cbc7dce4c875104e3cb64e9','','',0,'Earth',1,'Jean','Oneill',0,0,0,1,0,'2013-10-25 06:21:26',NULL,'81.196.41.118','en_EN'),(336,'mc2test1334@mc2test.com','6e6c3014b015222723cdbe377458e5a2a14cf5c5','11a1f9a764815d5090e61a3d54c89615','','',0,'Earth',1,'Constance','Nolan',0,0,0,1,0,'2013-10-25 06:21:27',NULL,'81.196.41.118','en_EN'),(337,'mc2test1335@mc2test.com','9c06f5ce7eb6d94fac30aa1ec9c0c360ba842492','6eb1fed18bf9e2397afd2f443b120478','','',0,'Earth',1,'Edwin','Fry',0,0,0,1,0,'2013-10-25 06:21:27',NULL,'81.196.41.118','en_EN'),(338,'mc2test1336@mc2test.com','cfef31e652473a20e1f2062680de9740a7de9bb3','7fc4457d07d205e3ae080f6e67f06384','','',0,'Earth',1,'Laverne','Bradley',0,0,0,1,0,'2013-10-25 06:21:27',NULL,'81.196.41.118','en_EN'),(339,'mc2test1337@mc2test.com','04b177d624046031f8ef98b351a2b3a05adc6ff9','fa2410006e34579ffb598ae3706de087','','',0,'Earth',1,'Jon','Davies',0,0,0,1,0,'2013-10-25 06:21:28',NULL,'81.196.41.118','en_EN'),(340,'mc2test1338@mc2test.com','34cf8592498ae78fb8d2cd667ce2d8bb1cb29af5','1a4405cea5096d1f05d02f7624b05544','','',0,'Earth',1,'Sally','Moreno',0,0,0,1,0,'2013-10-25 06:21:28',NULL,'81.196.41.118','en_EN'),(341,'mc2test1339@mc2test.com','7f357d807dd9cf208e0904a073f6a3fea4a8160d','4aacdd96d354f1a8730e1f84cb786a32','','',0,'Earth',1,'Sabrina','Pena',0,0,0,1,0,'2013-10-25 06:21:29',NULL,'81.196.41.118','en_EN'),(342,'mc2test1340@mc2test.com','112b8df83b44906cab0d0c6d31376f10a3bd2175','39cc71f3f3baf13831eb83e1d1fd8f24','','',0,'Earth',1,'Dean','Gilbert',0,0,0,1,0,'2013-10-25 06:21:29',NULL,'81.196.41.118','en_EN'),(343,'mc2test1342@mc2test.com','a187eb744c692d832671ea91ab4579beb031b1cb','8ab8ef72a8314563bb6c03ea387540c6','','',0,'Earth',1,'Albert','Barajas',0,0,0,1,0,'2013-10-25 06:21:29',NULL,'81.196.41.118','en_EN'),(344,'mc2test1341@mc2test.com','b22a0211a5cf140adba16131a59884967570e739','8ba06b514edf165d4a798ec74069d672','','',0,'Earth',1,'Lance','Jones',0,0,0,1,0,'2013-10-25 06:21:29',NULL,'81.196.41.118','en_EN'),(345,'mc2test1343@mc2test.com','10b7de5bd8a38062d79438f452edb7642fd4724a','106e60766b5b2ba6b54e3d53cc6d6422','','',0,'Earth',1,'Norma','Huynh',0,0,0,1,0,'2013-10-25 06:21:30',NULL,'81.196.41.118','en_EN'),(346,'mc2test1345@mc2test.com','c7d5a16f33368be121acc6e7d39c03a2722bbae0','5bb840274495cdf93d5437e82c26f22c','','',0,'Earth',1,'Eloise','Suarez',0,0,0,1,0,'2013-10-25 06:21:30',NULL,'81.196.41.118','en_EN'),(347,'mc2test1344@mc2test.com','b0a5eaa79dd8a2888423a8375c27f3f3c212d86f','eec35003021f21eb5200cd5b53429c28','','',0,'Earth',1,'Shawna','Pineda',0,0,0,1,0,'2013-10-25 06:21:30',NULL,'81.196.41.118','en_EN'),(348,'mc2test1347@mc2test.com','6d536a5950227e3cfa9fee8801c6ecb749f64107','b257f5e4ff8f4d6f17f5ac59e9b8a415','','',0,'Earth',1,'Nadine','Lane',0,0,0,1,0,'2013-10-25 06:21:31',NULL,'81.196.41.118','en_EN'),(349,'mc2test1346@mc2test.com','e5215dcc59bdd0b443559d85b74a811cb054ab76','022ea56b3d3c2adc12bda32eff35acd6','','',0,'Earth',1,'Sylvia','Jordan',0,0,0,1,0,'2013-10-25 06:21:31',NULL,'81.196.41.118','en_EN'),(350,'mc2test1348@mc2test.com','399b01b0aa72dd5e083f8d13d0c83cfc1d52af3a','db7969bf5b43bf08f0a2c83c5a1a1ad0','','',0,'Earth',1,'Betsy','Watkins',0,0,0,1,0,'2013-10-25 06:21:31',NULL,'81.196.41.118','en_EN'),(351,'mc2test1350@mc2test.com','eed2ab2aeddd142fa8fd403487a98ebbb3d99600','2fb52de474d96851585d8f36c6f6e0e9','','',0,'Earth',1,'Adam','Frost',0,0,0,1,0,'2013-10-25 06:21:31',NULL,'81.196.41.118','en_EN'),(352,'mc2test1349@mc2test.com','c64f542516444e828eb6f07046309ecf9ef5fd17','d9e6a581e0a221b6896bace5b138ac6f','','',0,'Earth',1,'Amanda','Long',0,0,0,1,0,'2013-10-25 06:21:31',NULL,'81.196.41.118','en_EN'),(353,'mc2test1352@mc2test.com','9acdbae7fdb238fdbe57aad42198b238295a5442','b2c609e617a9722ce29a7a44372c05b0','','',0,'Earth',1,'Gabriel','Vasquez',0,0,0,1,0,'2013-10-25 06:21:32',NULL,'81.196.41.118','en_EN'),(354,'mc2test1351@mc2test.com','70472905165e4ad77fad8aedc294b9ca0c2b2bb4','9d6f39dd0692106401643263624f1118','','',0,'Earth',1,'Nathaniel','Hill',0,0,0,1,0,'2013-10-25 06:21:32',NULL,'81.196.41.118','en_EN'),(355,'mc2test1353@mc2test.com','8cee5eae3051ac87cba5d0f8bc5fea6f9de6efa4','bd4e4a33b811ceb9055b093d8a141796','','',0,'Earth',1,'Alyssa','Benson',0,0,0,1,0,'2013-10-25 06:21:33',NULL,'81.196.41.118','en_EN'),(356,'mc2test1354@mc2test.com','069fa928fbf293fed351d46cb15cd9e82563e154','99901582f93d8b467d8808a32d6b963e','','',0,'Earth',1,'Rene','Mclean',0,0,0,1,0,'2013-10-25 06:21:33',NULL,'81.196.41.118','en_EN'),(357,'mc2test1355@mc2test.com','f63e3a8e636edfbded2395f14e6325dc8ddd1cb3','2df51769e247d994e2c930f477ced113','','',0,'Earth',1,'Wilma','Heath',0,0,0,1,0,'2013-10-25 06:21:33',NULL,'81.196.41.118','en_EN'),(358,'mc2test1356@mc2test.com','8b60657f946f86e42122578b93d403b9b1a66690','246fb3cd75ac99d1514a6ff895f9efda','','',0,'Earth',1,'Irma','Huerta',0,0,0,1,0,'2013-10-25 06:21:33',NULL,'81.196.41.118','en_EN'),(359,'mc2test1357@mc2test.com','a2538a9e998c098da019cf919fa6e3f179ed8c3b','6f3966e3faa9dd5dc8cab42f39c598d6','','',0,'Earth',1,'Jared','Solis',0,0,0,1,0,'2013-10-25 06:21:34',NULL,'81.196.41.118','en_EN'),(360,'mc2test1358@mc2test.com','c2d1fbe9813e5056518865275e92cef97e1014d3','1cb0010a480e8bff28c498d0f290b265','','',0,'Earth',1,'Jody','West',0,0,0,1,0,'2013-10-25 06:21:34',NULL,'81.196.41.118','en_EN'),(361,'mc2test1359@mc2test.com','718cc4b8b75384fbec7086c55c8aa190b44bc15a','6125020f3a6b4be0ee59e1e1fcd44b25','','',0,'Earth',1,'Patsy','Winters',0,0,0,1,0,'2013-10-25 06:21:35',NULL,'81.196.41.118','en_EN'),(362,'mc2test1361@mc2test.com','c2d694fe7d47c7ab4fa45529696168b2923760a1','e13a15b40c74d855ae78691d582a17ef','','',0,'Earth',1,'Nina','Moses',0,0,0,1,0,'2013-10-25 06:21:35',NULL,'81.196.41.118','en_EN'),(363,'mc2test1360@mc2test.com','062ae1b121e19a241c022ae5d163b0e554479538','a2275698ee672a0f8b4055536e83feb2','','',0,'Earth',1,'Lana','Mcclain',0,0,0,1,0,'2013-10-25 06:21:35',NULL,'81.196.41.118','en_EN'),(364,'mc2test1363@mc2test.com','ca8caf179d50d450275ea7982918932fbf7a3f86','095c0e74a1e82bae0d3ad4bbe3c2cbc2','','',0,'Earth',1,'Amy','Alexander',0,0,0,1,0,'2013-10-25 06:21:35',NULL,'81.196.41.118','en_EN'),(365,'mc2test1362@mc2test.com','55012837a80503bb98c64c2f91ca103ef099f7c9','594ebb54d3376c876842f404e14b47be','','',0,'Earth',1,'Kay','Hanson',0,0,0,1,0,'2013-10-25 06:21:36',NULL,'81.196.41.118','en_EN'),(366,'mc2test1364@mc2test.com','86689ebee3a8055298b2d992900cb85a7a1efb28','37e24f48d9745e9e76a78eb2d477877b','','',0,'Earth',1,'Corey','Lawson',0,0,0,1,0,'2013-10-25 06:21:36',NULL,'81.196.41.118','en_EN'),(367,'mc2test1365@mc2test.com','e526e0139575f0d64017366993f257c3f801b10f','32b781ce0444806fcd874659eae094c1','','',0,'Earth',1,'Lloyd','Campos',0,0,0,1,0,'2013-10-25 06:21:36',NULL,'81.196.41.118','en_EN'),(368,'mc2test1366@mc2test.com','6f5f1de607243b8a96b2f1311bcdb088561865ea','8d8391a1fe5de930783a7893faecb221','','',0,'Earth',1,'Bernard','Monroe',0,0,0,1,0,'2013-10-25 06:21:37',NULL,'81.196.41.118','en_EN'),(369,'mc2test1367@mc2test.com','e10af97a2d8865d07510c23306d044e9396a7d77','0df5717b1f9e116fb1574a5d54e9190d','','',0,'Earth',1,'Nettie','Berg',0,0,0,1,0,'2013-10-25 06:21:37',NULL,'81.196.41.118','en_EN'),(370,'mc2test1368@mc2test.com','1626830d8952b31c893b6246cc654d46aea4027b','0c3f227221b8e03cd042000d28370e1a','','',0,'Earth',1,'Karl','Deleon',0,0,0,1,0,'2013-10-25 06:21:37',NULL,'81.196.41.118','en_EN'),(371,'mc2test1370@mc2test.com','fb7c56d1a17fdaf995123513589b537f92dee43e','ea238e71e57583b8ec41b9ab7311de6b','','',0,'Earth',1,'Henrietta','Alvarez',0,0,0,1,0,'2013-10-25 06:21:38',NULL,'81.196.41.118','en_EN'),(372,'mc2test1369@mc2test.com','170ca2cc47f1726273995a0c0c4c59cdd158a1ca','9a5a59357a7a52f4efdb6f6af3a47830','','',0,'Earth',1,'Joe','Chapman',0,0,0,1,0,'2013-10-25 06:21:38',NULL,'81.196.41.118','en_EN'),(373,'mc2test1371@mc2test.com','9b8b93220098fafee7faf46605da3cc4db06e07e','f946c08e26d38eef0b3cc22efa20dae0','','',0,'Earth',1,'Tonya','York',0,0,0,1,0,'2013-10-25 06:21:38',NULL,'81.196.41.118','en_EN'),(374,'mc2test1372@mc2test.com','38aaf6648225aa4d91029e0380499666d97b09bc','099478745ef2311377d8da998b5a3acb','','',0,'Earth',1,'Doris','Newton',0,0,0,1,0,'2013-10-25 06:21:38',NULL,'81.196.41.118','en_EN'),(375,'mc2test1374@mc2test.com','d0fbde45b2798b973e6629adcffbd6e02b6627ff','543757cba2714d19c73d3a02907a08fb','','',0,'Earth',1,'Paula','Wolfe',0,0,0,1,0,'2013-10-25 06:21:39',NULL,'81.196.41.118','en_EN'),(376,'mc2test1373@mc2test.com','b55f15a1c7ac30b63edd622129370a71dd11bc53','dbff50443f7842d20d9c5a29ce11d386','','',0,'Earth',1,'Lillie','Carr',0,0,0,1,0,'2013-10-25 06:21:39',NULL,'81.196.41.118','en_EN'),(377,'mc2test1375@mc2test.com','7835fc1a85639067e214f23b9fd6af7dda131e4b','d6b6f3d89912644a426b6f30c8f14056','','',0,'Earth',1,'Charlene','Rollins',0,0,0,1,0,'2013-10-25 06:21:40',NULL,'81.196.41.118','en_EN'),(378,'mc2test1376@mc2test.com','324dc1405edf61bf236d035fd64525f904c43d9a','d3f5fe2b47b02fbaf7e29239832336ec','','',0,'Earth',1,'Joshua','Summers',0,0,0,1,0,'2013-10-25 06:21:40',NULL,'81.196.41.118','en_EN'),(379,'mc2test1377@mc2test.com','f8b6197b890e53480bc827f7a1951fc54f8b2c68','a7af9964444de68cf1f0eb26e478c2a7','','',0,'Earth',1,'Brandon','Sparks',0,0,0,1,0,'2013-10-25 06:21:40',NULL,'81.196.41.118','en_EN'),(380,'mc2test1378@mc2test.com','bd7fb737ed60f859ed36faa7d7ef15e436cc8583','f4ee3735b59d552962de78822f198876','','',0,'Earth',1,'Terrance','Sexton',0,0,0,1,0,'2013-10-25 06:21:40',NULL,'81.196.41.118','en_EN'),(381,'mc2test1379@mc2test.com','601d5f96c5727376f01006ef3e0136b84cd5daea','b5fb8c97f3a8d964a10659e0ae8d680b','','',0,'Earth',1,'Joyce','Faulkner',0,0,0,1,0,'2013-10-25 06:21:41',NULL,'81.196.41.118','en_EN'),(382,'mc2test1380@mc2test.com','080b3b95d99b9bf8963cbd31b43aa2b3598ea7aa','13d796520961f3af387496897acd19dd','','',0,'Earth',1,'Christopher','English',0,0,0,1,0,'2013-10-25 06:21:41',NULL,'81.196.41.118','en_EN'),(383,'mc2test1381@mc2test.com','415fe0510238de69a7b9750271c814f9d6d17124','d84112921e1e4db69220cf7a8993c332','','',0,'Earth',1,'Vicky','Freeman',0,0,0,1,0,'2013-10-25 06:21:41',NULL,'81.196.41.118','en_EN'),(384,'mc2test1382@mc2test.com','9301a17be4b93821526f0cf42a069f3d8494dc03','1bd3e703a62efeccba63558bc6835be6','','',0,'Earth',1,'Susan','Barrera',0,0,0,1,0,'2013-10-25 06:21:42',NULL,'81.196.41.118','en_EN'),(385,'mc2test1384@mc2test.com','92f2d6c6baf424106f567f13c63fabedc9782ac8','3b5ba4d4315fb1c7df51eb74ae1e3ff8','','',0,'Earth',1,'Desiree','Terry',0,0,0,1,0,'2013-10-25 06:21:42',NULL,'81.196.41.118','en_EN'),(386,'mc2test1383@mc2test.com','38e90b8d6ea7194f2160d8b7f29d96b6ba385d6b','c582d4c8eb67ceec66c6feb34dae3325','','',0,'Earth',1,'Brad','Rodgers',0,0,0,1,0,'2013-10-25 06:21:42',NULL,'81.196.41.118','en_EN'),(387,'mc2test1385@mc2test.com','9f508ddadff93b271b1f656f5c24fe82d32b42de','b8cca71e1a837a8673fff74905105aae','','',0,'Earth',1,'Jon','Vargas',0,0,0,1,0,'2013-10-25 06:21:43',NULL,'81.196.41.118','en_EN'),(388,'mc2test1386@mc2test.com','6dbd77735316b3a177f890ec6f8ca16707947a09','643626125a5b809fcdaf7e5b133c1d16','','',0,'Earth',1,'Latoya','Burton',0,0,0,1,0,'2013-10-25 06:21:43',NULL,'81.196.41.118','en_EN'),(389,'mc2test1388@mc2test.com','60b75814ccf88a4d1c4e001e9042b55ea79fb396','0ce69b82aa595a21af6178839de45bcf','','',0,'Earth',1,'Vincent','Stevens',0,0,0,1,0,'2013-10-25 06:21:43',NULL,'81.196.41.118','en_EN'),(390,'mc2test1387@mc2test.com','faa84d3856b5c6633a4cbbfc2db653f5c5996de3','bc559d88464f6b4ed02676e026b92e3c','','',0,'Earth',1,'Micheal','Cummings',0,0,0,1,0,'2013-10-25 06:21:44',NULL,'81.196.41.118','en_EN'),(391,'mc2test1389@mc2test.com','4c4a8ca3d2e314b2b3729db802155fb48501fc61','ffd215386674d68a00aea1a7df38ffea','','',0,'Earth',1,'Andy','Mcconnell',0,0,0,1,0,'2013-10-25 06:21:44',NULL,'81.196.41.118','en_EN'),(392,'mc2test1390@mc2test.com','b561e2e22e82e6d93747c225d05ebf34181a9b07','89bd59e0bf141522476b65d36cba2617','','',0,'Earth',1,'Joseph','Stuart',0,0,0,1,0,'2013-10-25 06:21:44',NULL,'81.196.41.118','en_EN'),(393,'mc2test1391@mc2test.com','e67a18e89bc1c920cc88ab142b85830501ad8bd9','06f52c439a6804f406d8adcd055316d3','','',0,'Earth',1,'Bernadette','York',0,0,0,1,0,'2013-10-25 06:21:45',NULL,'81.196.41.118','en_EN'),(394,'mc2test1392@mc2test.com','40d58d55911535d871fef8039b3dafcf5b1e988e','90218b3eda3852ec9ae99fdc236198de','','',0,'Earth',1,'Antonio','Brooks',0,0,0,1,0,'2013-10-25 06:21:45',NULL,'81.196.41.118','en_EN'),(395,'mc2test1393@mc2test.com','d583d25d97aa356642e1d5a20206faf97d37b89c','8ce3352ef9e81adc5c8838f3e57af433','','',0,'Earth',1,'Brent','Christensen',0,0,0,1,0,'2013-10-25 06:21:45',NULL,'81.196.41.118','en_EN'),(396,'mc2test1394@mc2test.com','da9dbe7c0fcb4ddfbca175f32590b4480448e343','d405c40afd7059b3afbe45f3ce1ec5ef','','',0,'Earth',1,'Mae','Kelly',0,0,0,1,0,'2013-10-25 06:21:45',NULL,'81.196.41.118','en_EN'),(397,'mc2test1395@mc2test.com','96531e41e2b5429ddc805e1bbfc9b468cc021321','e21b96bbe2c5f5ce40d099745a1a72cd','','',0,'Earth',1,'Richard','Livingston',0,0,0,1,0,'2013-10-25 06:21:46',NULL,'81.196.41.118','en_EN'),(398,'mc2test1396@mc2test.com','99fe574f4871de14d48b4da959adc1a331c46b9d','11c3643489e3fad54010fb03b9cd7d1d','','',0,'Earth',1,'Edna','Beck',0,0,0,1,0,'2013-10-25 06:21:46',NULL,'81.196.41.118','en_EN'),(399,'mc2test1399@mc2test.com','7124526a767124a43565cdd518b7208c9e7b3beb','c048b4d217d19307472b458c16c43e9d','','',0,'Earth',1,'Lawrence','Farley',0,0,0,1,0,'2013-10-25 06:21:47',NULL,'81.196.41.118','en_EN'),(400,'mc2test1397@mc2test.com','a9077d78b83fd595cc59466fb3e6b50eaa721400','1a2c1b6dfb9c01d40427897a049e7b62','','',0,'Earth',1,'Beulah','Mills',0,0,0,1,0,'2013-10-25 06:21:47',NULL,'81.196.41.118','en_EN'),(401,'mc2test1398@mc2test.com','7ef87477f7786fdd59387fea5a6046842e225516','28f101a9d0b08c647e953f25573a9599','','',0,'Earth',1,'Esther','Torres',0,0,0,1,0,'2013-10-25 06:21:47',NULL,'81.196.41.118','en_EN'),(402,'mc2test1400@mc2test.com','ac75e1a5d118fba842e31720460319725dbd9993','ea7b4c8297dec8fa975cd195d62f6610','','',0,'Earth',1,'Leigh','Mcclure',0,0,0,1,0,'2013-10-25 06:21:47',NULL,'81.196.41.118','en_EN'),(403,'mc2test1401@mc2test.com','44b1dfafb1fba4d9c41a951108aefc7baee0266e','9dffe99c03891fc660cfb53756cf7f76','','',0,'Earth',1,'Sarah','Maldonado',0,0,0,1,0,'2013-10-25 06:21:48',NULL,'81.196.41.118','en_EN'),(404,'mc2test1402@mc2test.com','190fc2fa8fd89e328d7ddcfb1b631fae11c8dad9','bcc2636b5a9536ec35db4b23497b4e59','','',0,'Earth',1,'Andre','Zimmerman',0,0,0,1,0,'2013-10-25 06:21:48',NULL,'81.196.41.118','en_EN'),(405,'mc2test1403@mc2test.com','ba8708404d7356fcb256130e794cd61b260e5f32','fb002a6ccce10df018bdbe7603064a33','','',0,'Earth',1,'Freddie','Moore',0,0,0,1,0,'2013-10-25 06:21:49',NULL,'81.196.41.118','en_EN'),(406,'mc2test1404@mc2test.com','cf2f39a83aa049152601b748b439f5e5b22001ff','63a09bf136611a48f40c12520e6d698b','','',0,'Earth',1,'Carole','Dixon',0,0,0,1,0,'2013-10-25 06:21:49',NULL,'81.196.41.118','en_EN'),(407,'mc2test1405@mc2test.com','ed72444f59394eccc1ee1ec7aa48d7fc742d028e','86d76d0c4916ff87b7890c39ddbb82ce','','',0,'Earth',1,'Larry','Gross',0,0,0,1,0,'2013-10-25 06:21:49',NULL,'81.196.41.118','en_EN'),(408,'mc2test1406@mc2test.com','9d31ced5b8e43ed61788c818542b28fbce5a0bcf','0f6fe5a1e897a39aa24f2371b45c924f','','',0,'Earth',1,'Clyde','Villarreal',0,0,0,1,0,'2013-10-25 06:21:49',NULL,'81.196.41.118','en_EN'),(409,'mc2test1407@mc2test.com','cdcec615c1de5f848940e032ebaa86204f37bece','67d7a7965f15ddb2a04bad18d5bef621','','',0,'Earth',1,'Dustin','Jimenez',0,0,0,1,0,'2013-10-25 06:21:50',NULL,'81.196.41.118','en_EN'),(410,'mc2test1409@mc2test.com','4dbf7046d03dfa8a1e38bcfdc31991ce9201fce2','3ef61e9cea78281443c69b4fe3e908d7','','',0,'Earth',1,'Marianne','Compton',0,0,0,1,0,'2013-10-25 06:21:50',NULL,'81.196.41.118','en_EN'),(411,'mc2test1408@mc2test.com','8003145532ae8bb077cb29a8bc17b3f549bf7feb','fce09147e45688bc43f0a17fc95f1b9c','','',0,'Earth',1,'Shannon','Swanson',0,0,0,1,0,'2013-10-25 06:21:50',NULL,'81.196.41.118','en_EN'),(412,'mc2test1410@mc2test.com','db3da0c1d9e3d4e433f39e584291ed531e53d5dc','e2efc91571f940151e107c5042b8082b','','',0,'Earth',1,'Aaron','Harris',0,0,0,1,0,'2013-10-25 06:21:50',NULL,'81.196.41.118','en_EN'),(413,'mc2test1411@mc2test.com','98c3fa33261e152980143b36445cdc8964670c1d','fb30cf36c1015ec56a1c3adfc8d07142','','',0,'Earth',1,'Armando','Prince',0,0,0,1,0,'2013-10-25 06:21:51',NULL,'81.196.41.118','en_EN'),(414,'mc2test1412@mc2test.com','ea6d385ed232592ab5a3204a90bdbae3e088f98d','3c3ac2b258ccaf986e37ed85b8fd9e21','','',0,'Earth',1,'Leona','Meza',0,0,0,1,0,'2013-10-25 06:21:51',NULL,'81.196.41.118','en_EN'),(415,'mc2test1413@mc2test.com','d05b0d666b503c03b265de0057e07b4987b3da1b','b00a2b82bff9b4910c6bb62828fbeebb','','',0,'Earth',1,'Jeff','Banks',0,0,0,1,0,'2013-10-25 06:21:52',NULL,'81.196.41.118','en_EN'),(416,'mc2test1414@mc2test.com','54dcd79611b75ed47f0eb079c47a9b33ec2e620e','d991c8b7e4e89b0f104eb6f6696dadfe','','',0,'Earth',1,'Gwendolyn','Weeks',0,0,0,1,0,'2013-10-25 06:21:52',NULL,'81.196.41.118','en_EN'),(417,'mc2test1415@mc2test.com','3abe2d46474bb3a966961d3a5c74694665f84b5e','a985542246fdb5239d60df438630aba5','','',0,'Earth',1,'Candace','Mcconnell',0,0,0,1,0,'2013-10-25 06:21:52',NULL,'81.196.41.118','en_EN'),(418,'mc2test1416@mc2test.com','965a6b69617b4b58390dc3efcc6730a1f0258e7d','bf118316c6b48b0edd0e9defee7633b3','','',0,'Earth',1,'Ethel','Weiss',0,0,0,1,0,'2013-10-25 06:21:52',NULL,'81.196.41.118','en_EN'),(419,'mc2test1418@mc2test.com','a2b8056173bcade4757dae1c45e51f70c9820135','e2171b4a9a3411b930dc80e09e7e459a','','',0,'Earth',1,'Alexis','Bray',0,0,0,1,0,'2013-10-25 06:21:53',NULL,'81.196.41.118','en_EN'),(420,'mc2test1417@mc2test.com','c2fed5257d0f06fb8ac1491797a672c8a0220288','64fd826558ed262ad5d65044f898b3bc','','',0,'Earth',1,'Wanda','Gordon',0,0,0,1,0,'2013-10-25 06:21:53',NULL,'81.196.41.118','en_EN'),(421,'mc2test1420@mc2test.com','0de8be67b80f04c4c35f9f253ae1d92d578eff81','967703276cc8bb042e6033fe4f2503ac','','',0,'Earth',1,'Benjamin','Gregory',0,0,0,1,0,'2013-10-25 06:21:53',NULL,'81.196.41.118','en_EN'),(422,'mc2test1419@mc2test.com','9db38d5e551981bfd9b73d691d4640a3320eebf4','1e9c292fd8d9934fdb25a21dfdb2a12b','','',0,'Earth',1,'Andrew','Hale',0,0,0,1,0,'2013-10-25 06:21:53',NULL,'81.196.41.118','en_EN'),(423,'mc2test1421@mc2test.com','8644216a0d77a82f81cf4f2604e7cc99c3127779','0e2117887338df75cb2f61def37d5b65','','',0,'Earth',1,'Kent','Cameron',0,0,0,1,0,'2013-10-25 06:21:54',NULL,'81.196.41.118','en_EN'),(424,'mc2test1422@mc2test.com','f8ced0018dc796a7b95be025b16c1389e1d8a3b4','9847fbef9be780a6bd7b14bc96cd6ee8','','',0,'Earth',1,'Timothy','Stuart',0,0,0,1,0,'2013-10-25 06:21:54',NULL,'81.196.41.118','en_EN'),(425,'mc2test1423@mc2test.com','1d11c63a5732a4246b05a163a6a5ded2c4720e83','a0c55b08167859b52a4fa58e56413e9b','','',0,'Earth',1,'Rosa','Klein',0,0,0,1,0,'2013-10-25 06:21:54',NULL,'81.196.41.118','en_EN'),(426,'mc2test1424@mc2test.com','d945b46c97971550dea554dd893f355c4edcae84','4a59ef5aece7598f0231285e554ce87a','','',0,'Earth',1,'Opal','Keith',0,0,0,1,0,'2013-10-25 06:21:55',NULL,'81.196.41.118','en_EN'),(427,'mc2test1425@mc2test.com','910162961026652d937bb8f77d52740e78a0385f','a5528f0556064696cc25412a553757ba','','',0,'Earth',1,'Kristi','Mejia',0,0,0,1,0,'2013-10-25 06:21:55',NULL,'81.196.41.118','en_EN'),(428,'mc2test1427@mc2test.com','fb35b382c8374435c1946949f2b4c95e57e9507e','47ccf2605d66206c7681cf3fd0970d2f','','',0,'Earth',1,'Danielle','Rowland',0,0,0,1,0,'2013-10-25 06:21:55',NULL,'81.196.41.118','en_EN'),(429,'mc2test1426@mc2test.com','25fc1743ea6290e8247e9b8151dee86aaf442a18','516b15290c8f88b70f5ab0579a4b2116','','',0,'Earth',1,'Deanna','Bartlett',0,0,0,1,0,'2013-10-25 06:21:55',NULL,'81.196.41.118','en_EN'),(430,'mc2test1428@mc2test.com','d7e3649f2cf315b1821298aed538b1f87f5f0b0b','6a65154e145a80a9e2f69cb1bc467037','','',0,'Earth',1,'Laverne','Campos',0,0,0,1,0,'2013-10-25 06:21:55',NULL,'81.196.41.118','en_EN'),(431,'mc2test1429@mc2test.com','baebb8bc9c965b8b1f030b1fd18a096d9af83d23','9148e3b7e5c22666e512aeb41f144ef4','','',0,'Earth',1,'Michael','Benton',0,0,0,1,0,'2013-10-25 06:21:56',NULL,'81.196.41.118','en_EN'),(432,'mc2test1430@mc2test.com','c8adb6f5e94a1d8575be9c6c0966c5350a3f9e61','f5aa76c58b97f2cd8cf72fd189dd1727','','',0,'Earth',1,'Gertrude','Grant',0,0,0,1,0,'2013-10-25 06:21:56',NULL,'81.196.41.118','en_EN'),(433,'mc2test1432@mc2test.com','0c2ec55cf28b9c1a62048a2549cbbfdde3fc03ba','c44e570bef867176eb2331587b941533','','',0,'Earth',1,'Henrietta','Scott',0,0,0,1,0,'2013-10-25 06:21:56',NULL,'81.196.41.118','en_EN'),(434,'mc2test1431@mc2test.com','71d6702264ae49bc141063fa1d389fcbfc960906','010957ff762994f4fd9ba7081ef17d7b','','',0,'Earth',1,'Lester','Moses',0,0,0,1,0,'2013-10-25 06:21:56',NULL,'81.196.41.118','en_EN'),(435,'mc2test1434@mc2test.com','70d77a097ef439e68c5f815a6977d20ed98b54da','968dcf079f19ba2ed7e1579ac84f069c','','',0,'Earth',1,'Beverly','Randolph',0,0,0,1,0,'2013-10-25 06:21:57',NULL,'81.196.41.118','en_EN'),(436,'mc2test1433@mc2test.com','276270e68bc311b68244a529f9564f7dd54aa7e9','083b311fa102d2a2ea189d3ce4d2397c','','',0,'Earth',1,'Roxanne','Barrett',0,0,0,1,0,'2013-10-25 06:21:57',NULL,'81.196.41.118','en_EN'),(437,'mc2test1435@mc2test.com','203f840f295e1968a0c26ad8e29d768464382762','873cb10a46da8875449b6eb0d29ae118','','',0,'Earth',1,'Heidi','Holden',0,0,0,1,0,'2013-10-25 06:21:57',NULL,'81.196.41.118','en_EN'),(438,'mc2test1437@mc2test.com','c1f895063f9509c435c2e354f8c7e75a46bd9981','ebb15a53d3f69256acc65a26c95c1545','','',0,'Earth',1,'Shelley','Valentine',0,0,0,1,0,'2013-10-25 06:21:58',NULL,'81.196.41.118','en_EN'),(439,'mc2test1436@mc2test.com','18de899320d845065ac6add4d1344495db2e45be','8dd3fbaaffdc8e5ef14d792738d4330e','','',0,'Earth',1,'Howard','Sandoval',0,0,0,1,0,'2013-10-25 06:21:58',NULL,'81.196.41.118','en_EN'),(440,'mc2test1438@mc2test.com','13f12869656f14aa96e04ff855acaad61f5c28b2','4a9b3980da506a3390cb09a05b1e0aa1','','',0,'Earth',1,'Maurice','Buck',0,0,0,1,0,'2013-10-25 06:21:58',NULL,'81.196.41.118','en_EN'),(441,'mc2test1439@mc2test.com','207e29696b0f6bca74031e48bcb79a5204a32fb4','d5f20a4dcbba9410ca30a0c7df61e572','','',0,'Earth',1,'Bernadette','Salas',0,0,0,1,0,'2013-10-25 06:21:59',NULL,'81.196.41.118','en_EN'),(442,'mc2test1440@mc2test.com','9b51753d0a498d9d8f07d72c3faecdfd4be7cd3c','bf07aef60c846d6033793d5b897d4c4e','','',0,'Earth',1,'Alberto','Blake',0,0,0,1,0,'2013-10-25 06:21:59',NULL,'81.196.41.118','en_EN'),(443,'mc2test1441@mc2test.com','01c4760b0058a5e6cf756a4b3c3a8973ba25912e','ef5a2683c61908dd04fc8773703de492','','',0,'Earth',1,'Jessie','Stanton',0,0,0,1,0,'2013-10-25 06:21:59',NULL,'81.196.41.118','en_EN'),(444,'mc2test1442@mc2test.com','c94be25b7ad5fa9d6a78256679a25b4e4c6d4d55','31b2c64a4a86ff27c695c2297b927c93','','',0,'Earth',1,'Theresa','Welch',0,0,0,1,0,'2013-10-25 06:22:00',NULL,'81.196.41.118','en_EN'),(445,'mc2test1443@mc2test.com','d174454a2bd55b7a2f4f3d84c91ed2eee0e43ba0','ee2f5e3aaf86a0d56819994526d1d9ef','','',0,'Earth',1,'Curtis','Francis',0,0,0,1,0,'2013-10-25 06:22:00',NULL,'81.196.41.118','en_EN'),(446,'mc2test1444@mc2test.com','6ca2f76e216f71870900244ea4e6446611825c53','ef3da8e7028833ec17cf1989b393b348','','',0,'Earth',1,'Mathew','Berg',0,0,0,1,0,'2013-10-25 06:22:00',NULL,'81.196.41.118','en_EN'),(447,'mc2test1445@mc2test.com','baee3c40a4b7c5c33d5a5c5417e27a36b6d03a94','86f3a053746889beda381e85f4ef08ff','','',0,'Earth',1,'Ben','Massey',0,0,0,1,0,'2013-10-25 06:22:00',NULL,'81.196.41.118','en_EN'),(448,'mc2test1447@mc2test.com','0b46d917ee5693d56b208924bf523326435f810b','1b23c533e2a3d5ce2fc2e3b448c48eb7','','',0,'Earth',1,'Marie','Adkins',0,0,0,1,0,'2013-10-25 06:22:01',NULL,'81.196.41.118','en_EN'),(449,'mc2test1446@mc2test.com','d6ff9bcf2fa7e4c88aad655bb15d19d1837a1611','68585b004eabcb7c91bfe8cc0d810cdb','','',0,'Earth',1,'Rick','Long',0,0,0,1,0,'2013-10-25 06:22:01',NULL,'81.196.41.118','en_EN'),(450,'mc2test1448@mc2test.com','a3afe93f28979c0c3ae2d017d447955241be400e','a6de1dd9f4bdf8d75203851137b650b1','','',0,'Earth',1,'Kristi','Rasmussen',0,0,0,1,0,'2013-10-25 06:22:02',NULL,'81.196.41.118','en_EN'),(451,'mc2test1449@mc2test.com','c5e58824b2813bbb8a65e488168423dd7921a54a','fa6646f04a26ea86455eebd4a4c99258','','',0,'Earth',1,'Olive','Ramsey',0,0,0,1,0,'2013-10-25 06:22:02',NULL,'81.196.41.118','en_EN'),(452,'mc2test1450@mc2test.com','9000d97b37643a1c0adb922f350d5364cf0a8098','3c03dbdfd9abdd6c174dbcaa4927de4d','','',0,'Earth',1,'Sadie','Harris',0,0,0,1,0,'2013-10-25 06:22:02',NULL,'81.196.41.118','en_EN'),(453,'mc2test1451@mc2test.com','5cc469c2a90f2a61d4d61d443d6f013bbf067c08','cf380bd3fff54814c62e5bfc257c7b1b','','',0,'Earth',1,'Ginger','Mayer',0,0,0,1,0,'2013-10-25 06:22:02',NULL,'81.196.41.118','en_EN'),(454,'mc2test1452@mc2test.com','87f42a2f3a72cb8a413a4deec96a7fd5e641e107','05b174a5351e327d047edffea9ac1c1f','','',0,'Earth',1,'Lila','Gibson',0,0,0,1,0,'2013-10-25 06:22:03',NULL,'81.196.41.118','en_EN'),(455,'mc2test1453@mc2test.com','63226794e090ff664e04adefd6279dfe798a6e5a','27fc24e7ea55b0ea93f2c7460e5406c8','','',0,'Earth',1,'Joseph','Brown',0,0,0,1,0,'2013-10-25 06:22:03',NULL,'81.196.41.118','en_EN'),(456,'mc2test1454@mc2test.com','50fee72a16045e06bd0920aa83a94fd0236a2cf8','3598ca97fd23d700a4d422fb6b621f36','','',0,'Earth',1,'Gwen','Hoover',0,0,0,1,0,'2013-10-25 06:22:03',NULL,'81.196.41.118','en_EN'),(457,'mc2test1455@mc2test.com','b39a81fb6d0b7ffe57fdd944f742fb99290c609f','1082e411074018df89468f5005329e4a','','',0,'Earth',1,'Elizabeth','Richards',0,0,0,1,0,'2013-10-25 06:22:04',NULL,'81.196.41.118','en_EN'),(458,'mc2test1456@mc2test.com','bf36554f90f49b02f72f99565fc7f61850940799','a660de881df4bb0a1e226c7a7d1f9d7c','','',0,'Earth',1,'Antonia','Woodward',0,0,0,1,0,'2013-10-25 06:22:04',NULL,'81.196.41.118','en_EN'),(459,'mc2test1457@mc2test.com','79118c2d82ca3d38346271876ba7a69545da3409','107b1f7faebbdccdb0244246531a6ec7','','',0,'Earth',1,'Anne','Cunningham',0,0,0,1,0,'2013-10-25 06:22:04',NULL,'81.196.41.118','en_EN'),(460,'mc2test1458@mc2test.com','d8cf0b3598dccc1ade527be64b77918de530a2a7','b976aa03ffd669c9fc74d32a4765d9ee','','',0,'Earth',1,'John','Perkins',0,0,0,1,0,'2013-10-25 06:22:05',NULL,'81.196.41.118','en_EN'),(461,'mc2test1460@mc2test.com','f3b716a40eed2e4bb559f01898d6ac57b65d7784','456f572361b3677657889f4326d4fa51','','',0,'Earth',1,'Kristie','Ferrell',0,0,0,1,0,'2013-10-25 06:22:05',NULL,'81.196.41.118','en_EN'),(462,'mc2test1459@mc2test.com','075de19d71dbcee1e2dcef867ef08faacf106222','c7c27e928d2b552df4db998ed5b22451','','',0,'Earth',1,'Bobby','Hall',0,0,0,1,0,'2013-10-25 06:22:05',NULL,'81.196.41.118','en_EN'),(463,'mc2test1461@mc2test.com','21b0464412e3bbaf78ba8085ea53e13c6e09d44b','bd8fc7a551aef2fa8ba03cb012097eb0','','',0,'Earth',1,'Linda','Frye',0,0,0,1,0,'2013-10-25 06:22:05',NULL,'81.196.41.118','en_EN'),(464,'mc2test1463@mc2test.com','3ce6b3496745ea13f60dccbb126eb0cbee386dcd','9bbe40b033cd469e49d77cb85e90c593','','',0,'Earth',1,'Vernon','Pope',0,0,0,1,0,'2013-10-25 06:22:06',NULL,'81.196.41.118','en_EN'),(465,'mc2test1462@mc2test.com','654684f467eae92c902c4f5216fd493d6b0c0a98','9baf2e2fb26bf5032b68967499cbfdfd','','',0,'Earth',1,'Yvette','Jensen',0,0,0,1,0,'2013-10-25 06:22:06',NULL,'81.196.41.118','en_EN'),(466,'mc2test1464@mc2test.com','0c224f396eb30c2638bc340d8dab715134f8eed7','0a09505c35fc173a534dedc0e5e1d082','','',0,'Earth',1,'Marianne','Quinn',0,0,0,1,0,'2013-10-25 06:22:06',NULL,'81.196.41.118','en_EN'),(467,'mc2test1465@mc2test.com','40aa9cb27b49084744065e63bc3e884870b27b33','845e4f439c3581c7cf5c37a9ddd6669a','','',0,'Earth',1,'Joanna','Daniel',0,0,0,1,0,'2013-10-25 06:22:06',NULL,'81.196.41.118','en_EN'),(468,'mc2test1466@mc2test.com','882c25f4e73c332903f44f2e2b2343c7922f8250','78b0c89e3d4333031531a0396397076b','','',0,'Earth',1,'Melinda','Juarez',0,0,0,1,0,'2013-10-25 06:22:06',NULL,'81.196.41.118','en_EN'),(469,'mc2test1467@mc2test.com','037d71d96d5415d4f9718e7fa64e054b7342ce2d','a823849c4edb2e385696201698d652ff','','',0,'Earth',1,'Sharon','Leonard',0,0,0,1,0,'2013-10-25 06:22:07',NULL,'81.196.41.118','en_EN'),(470,'mc2test1468@mc2test.com','7e6a595a9f897473e73f6d000b9529b380d88e51','84e7b6d726ea7b5c9cf016511e7e2d50','','',0,'Earth',1,'Lynette','Herman',0,0,0,1,0,'2013-10-25 06:22:07',NULL,'81.196.41.118','en_EN'),(471,'mc2test1469@mc2test.com','8bb9febcafd31217b3230687afae2565a855586e','f89bab0863cf41652668f496f006f0c8','','',0,'Earth',1,'Arnold','Gonzales',0,0,0,1,0,'2013-10-25 06:22:07',NULL,'81.196.41.118','en_EN'),(472,'mc2test1470@mc2test.com','b333785bdd2e8cf372b548f6e16b190ce9490ef8','066822575c30c4c5c94029037568e1cd','','',0,'Earth',1,'Stephanie','Pacheco',0,0,0,1,0,'2013-10-25 06:22:08',NULL,'81.196.41.118','en_EN'),(473,'mc2test1471@mc2test.com','6085852e4bab71d44825a29cc476588365ec8a96','4bac3a9d75d9dcef024453f77bd138cc','','',0,'Earth',1,'Naomi','Rosales',0,0,0,1,0,'2013-10-25 06:22:08',NULL,'81.196.41.118','en_EN'),(474,'mc2test1472@mc2test.com','d2a22cf8a04c422fafc1c469586b8511d724ef29','51999029b131739755fcb049042c0ebf','','',0,'Earth',1,'Johnny','Galloway',0,0,0,1,0,'2013-10-25 06:22:08',NULL,'81.196.41.118','en_EN'),(475,'mc2test1473@mc2test.com','ef43f947e43d74cf29083c12905ac50c564bd310','93499b0fd7ffb737d67954821ef3d777','','',0,'Earth',1,'Tricia','Kent',0,0,0,1,0,'2013-10-25 06:22:09',NULL,'81.196.41.118','en_EN'),(476,'mc2test1474@mc2test.com','567bfcf7048e9c086aee75956ff1570f41126d15','e77b5633e8386f9b110be43405fe65e5','','',0,'Earth',1,'Shelia','Guerra',0,0,0,1,0,'2013-10-25 06:22:09',NULL,'81.196.41.118','en_EN'),(477,'mc2test1475@mc2test.com','cfaa253796e50ad6e31fb593e17380e4935f02f3','bda882c00cf5e72ce8a91e2d47e34368','','',0,'Earth',1,'Yvonne','Montes',0,0,0,1,0,'2013-10-25 06:22:09',NULL,'81.196.41.118','en_EN'),(478,'mc2test1476@mc2test.com','8138a2a12a022b23a1fcc2794da22ba37d908494','afbe33c459ce09a1c7ad000e18488d23','','',0,'Earth',1,'Kimberly','Preston',0,0,0,1,0,'2013-10-25 06:22:10',NULL,'81.196.41.118','en_EN'),(479,'mc2test1477@mc2test.com','67e695cfc89f0f5be339fd1e9698790ddfdee27e','18892558a092edff0e336928c1a12a93','','',0,'Earth',1,'Rochelle','Aguilar',0,0,0,1,0,'2013-10-25 06:22:10',NULL,'81.196.41.118','en_EN'),(480,'mc2test1478@mc2test.com','d86961916cd1181a3137d670103fdd9855323031','eb843197e3a44e2aaec5be180a9bf491','','',0,'Earth',1,'Deborah','Trevino',0,0,0,1,0,'2013-10-25 06:22:10',NULL,'81.196.41.118','en_EN'),(481,'mc2test1481@mc2test.com','d61ca199317d7b92b43f37f0e1788daa56e4c852','80756966283a8bb05c951b7a7bec42f0','','',0,'Earth',1,'Ross','Dickerson',0,0,0,1,0,'2013-10-25 06:22:11',NULL,'81.196.41.118','en_EN'),(482,'mc2test1479@mc2test.com','ac7ee5576eb22ad4be18c177014426092b7df922','472e6de12b4a31d10173505162b0e32a','','',0,'Earth',1,'Alexis','Hatfield',0,0,0,1,0,'2013-10-25 06:22:11',NULL,'81.196.41.118','en_EN'),(483,'mc2test1480@mc2test.com','19502055af10d47ae47598a4a70a5497360fb735','a3251bdec3eff749f1c3bf619b381b7d','','',0,'Earth',1,'Harriet','Ho',0,0,0,1,0,'2013-10-25 06:22:11',NULL,'81.196.41.118','en_EN'),(484,'mc2test1482@mc2test.com','08e77ac8d4d82c10aec3d7667c5a0092b1c6741e','f30878a3eca62807bb48022a319b2340','','',0,'Earth',1,'Cindy','Conley',0,0,0,1,0,'2013-10-25 06:22:11',NULL,'81.196.41.118','en_EN'),(485,'mc2test1483@mc2test.com','5b99ca0fe907c035fd2f3e50b9b5e7bd8a526bee','ca757df151c7a99077e690f56c4de966','','',0,'Earth',1,'Kurt','Hooper',0,0,0,1,0,'2013-10-25 06:22:12',NULL,'81.196.41.118','en_EN'),(486,'mc2test1484@mc2test.com','02a42b8e2cbdb0b2d6e0e4a3f784c2e0115a671d','faa73eb877df407d0148dcf78c47e6b7','','',0,'Earth',1,'Ernestine','Robinson',0,0,0,1,0,'2013-10-25 06:22:12',NULL,'81.196.41.118','en_EN'),(487,'mc2test1486@mc2test.com','6d89703e1db9f032d73ce3f47127678eb234dfbe','03304aea862ebf2f7cc7f19d202c2d88','','',0,'Earth',1,'Keith','Acevedo',0,0,0,1,0,'2013-10-25 06:22:13',NULL,'81.196.41.118','en_EN'),(488,'mc2test1485@mc2test.com','e455a50e02259caa245255408f44a8b9bfc47b17','f853bb7ad5774780496cfe68a18e641c','','',0,'Earth',1,'Ellen','Buchanan',0,0,0,1,0,'2013-10-25 06:22:13',NULL,'81.196.41.118','en_EN'),(489,'mc2test1487@mc2test.com','122a3d391eceb88bde9f89c97937caa3266d0385','e0387a7d7a17330ae8aaa54692bc50f6','','',0,'Earth',1,'Sue','Barry',0,0,0,1,0,'2013-10-25 06:22:13',NULL,'81.196.41.118','en_EN'),(490,'mc2test1488@mc2test.com','005d79e901cff154246609f7250dc71c03e32fa3','f53d0e623e40e5707d2b54f47ee7605f','','',0,'Earth',1,'Miranda','Fletcher',0,0,0,1,0,'2013-10-25 06:22:13',NULL,'81.196.41.118','en_EN'),(491,'mc2test1489@mc2test.com','219d0d9b9e0231676a013caf9b6a18413e7886a6','c5d6c999127fdaf9b0af10622d7155b9','','',0,'Earth',1,'Gwen','Whitaker',0,0,0,1,0,'2013-10-25 06:22:14',NULL,'81.196.41.118','en_EN'),(492,'mc2test1490@mc2test.com','cc55d0bed018af9cf87d365caca912a514fa18ee','b9988acba1264df81248c98e9997afec','','',0,'Earth',1,'Melanie','Guzman',0,0,0,1,0,'2013-10-25 06:22:14',NULL,'81.196.41.118','en_EN'),(493,'mc2test1491@mc2test.com','ad28ec18f4255b842b8def4f5406430ced3bb22f','a129e0310ce001bc6ddfa8f6b5d98d69','','',0,'Earth',1,'Phyllis','Griffith',0,0,0,1,0,'2013-10-25 06:22:14',NULL,'81.196.41.118','en_EN'),(494,'mc2test1492@mc2test.com','8b6bfd011302c272379838dc964318077c5f9734','eab31e41e59e1cb3f4c11e7003514365','','',0,'Earth',1,'Alison','Hart',0,0,0,1,0,'2013-10-25 06:22:15',NULL,'81.196.41.118','en_EN'),(495,'mc2test1493@mc2test.com','daf3863002a62264faf19123e5b787e202189a63','1b24f481db8f4da5f9d0dc7d36b330bc','','',0,'Earth',1,'Nichole','Acosta',0,0,0,1,0,'2013-10-25 06:22:15',NULL,'81.196.41.118','en_EN'),(496,'mc2test1494@mc2test.com','091974197db4b7595be923f5a54e1cb40ff7518a','13fc7bd23dff4d0edb25d7bf81a235c2','','',0,'Earth',1,'Chris','Underwood',0,0,0,1,0,'2013-10-25 06:22:15',NULL,'81.196.41.118','en_EN'),(497,'mc2test1495@mc2test.com','7d690b6b2ec2730a06da4c108a70ccb1724b66f9','a8771104ff9613d4b87a3875608a4fe0','','',0,'Earth',1,'Marcella','Larson',0,0,0,1,0,'2013-10-25 06:22:16',NULL,'81.196.41.118','en_EN'),(498,'mc2test1496@mc2test.com','1fe259e937ddbac5fe34e9a51f6fc4c26bb3a852','d5f5b432183baf45167ce3500cc96b46','','',0,'Earth',1,'Brooke','Waters',0,0,0,1,0,'2013-10-25 06:22:16',NULL,'81.196.41.118','en_EN'),(499,'mc2test1497@mc2test.com','640126218db805291eb9c276f727cc741012757d','e9110690ece2ef2d589118df096e2909','','',0,'Earth',1,'Debra','Stein',0,0,0,1,0,'2013-10-25 06:22:16',NULL,'81.196.41.118','en_EN'),(500,'mc2test1498@mc2test.com','6cc5b1c1d5965c7c559fa14dd3de064f2f61e9ad','00567c2df214f476bba5824582424683','','',0,'Earth',1,'Eduardo','Mckee',0,0,0,1,0,'2013-10-25 06:22:17',NULL,'81.196.41.118','en_EN'),(501,'mc2test1500@mc2test.com','7e0635d34ce6f6d960f99b3d2009ed42f635060a','d8d15ccd1799603870dc162998143115','','',0,'Earth',1,'Mike','Stephens',0,0,0,1,0,'2013-10-25 06:22:17',NULL,'81.196.41.118','en_EN'),(502,'mc2test1499@mc2test.com','6e4728d34463c5e4161ff51f1968d4e9919d4476','fa64a4a349d7d8873e6781dc31b74dfa','','',0,'Earth',1,'Christopher','Turner',0,0,0,1,0,'2013-10-25 06:22:17',NULL,'81.196.41.118','en_EN'),(503,'mc2test1501@mc2test.com','94ae644716cc0aaf2c6dceaf0d6527f6971f0dde','1d1c326a0ff17cbb8b62c69d33fe09cb','','',0,'Earth',1,'Scott','Robbins',0,0,0,1,0,'2013-10-25 06:22:17',NULL,'81.196.41.118','en_EN'),(504,'mc2test1502@mc2test.com','eb53d05257de0d17ec756bc0395b5d476cb95a36','99fe8977ef583e5e7b90406d50f4f280','','',0,'Earth',1,'Juan','Leblanc',0,0,0,1,0,'2013-10-25 06:22:18',NULL,'81.196.41.118','en_EN'),(505,'mc2test1503@mc2test.com','c7610323487e5940699fa2baa78be7be181b7f79','63c2e26be39eed5677f93f2c2f0ca5fc','','',0,'Earth',1,'Travis','Lindsey',0,0,0,1,0,'2013-10-25 06:22:18',NULL,'81.196.41.118','en_EN'),(506,'mc2test1504@mc2test.com','ea3faf118ebd3fb3a2fae8a7e1bd55943af8783e','4e9413e91f690dab5749982c5e75cbad','','',0,'Earth',1,'Susie','Mcgee',0,0,0,1,0,'2013-10-25 06:22:18',NULL,'81.196.41.118','en_EN'),(507,'mc2test1505@mc2test.com','44857b26b1a6dda771163d89857329980875d106','4b83f61a452abfd84553b381bafe51f0','','',0,'Earth',1,'Frank','Mullins',0,0,0,1,0,'2013-10-25 06:22:19',NULL,'81.196.41.118','en_EN'),(508,'mc2test1506@mc2test.com','e2f8dd7e813d4b4aaf1fae02dd9703864227f314','708a1697c58ea8fd114c2cc8e53c845f','','',0,'Earth',1,'Joseph','Cisneros',0,0,0,1,0,'2013-10-25 06:22:19',NULL,'81.196.41.118','en_EN'),(509,'mc2test1507@mc2test.com','ee21d3d0a9f5096b64d470fca4456a237647458b','0cc1b8a276f0c833668d09d9f9acd2d3','','',0,'Earth',1,'Emily','Reynolds',0,0,0,1,0,'2013-10-25 06:22:19',NULL,'81.196.41.118','en_EN'),(510,'mc2test1508@mc2test.com','e03d1049c48b4a29de9a8cde0f278b67d1336c76','9ff66d4192fd9ffae3e84ab52e049083','','',0,'Earth',1,'Raquel','Matthews',0,0,0,1,0,'2013-10-25 06:22:19',NULL,'81.196.41.118','en_EN'),(511,'mc2test1509@mc2test.com','c95710f7dc94dff57bba44f702218da053e52e1a','658f8793b0397ec563bd3425e5728673','','',0,'Earth',1,'Holly','Mosley',0,0,0,1,0,'2013-10-25 06:22:20',NULL,'81.196.41.118','en_EN'),(512,'mc2test1510@mc2test.com','a4d53d02aeced3cbe4b0e1ebb38bbb44c2bca2ea','4381572cce03290cbb9ff72f37caf4e7','','',0,'Earth',1,'Rodney','Armstrong',0,0,0,1,0,'2013-10-25 06:22:20',NULL,'81.196.41.118','en_EN'),(513,'mc2test1511@mc2test.com','24ce7f60432b0c9128d7d1fe0602e9cd7520d9aa','d33543a435e7a548369f88dff4b58d40','','',0,'Earth',1,'Vicki','Hickman',0,0,0,1,0,'2013-10-25 06:22:20',NULL,'81.196.41.118','en_EN'),(514,'mc2test1512@mc2test.com','a3106031138b05c897f3609fe59cd6781a3637c1','7eea3c3303d46e5f75178dd32849fc03','','',0,'Earth',1,'Sonya','Rivas',0,0,0,1,0,'2013-10-25 06:22:21',NULL,'81.196.41.118','en_EN'),(515,'mc2test1513@mc2test.com','bf09c6da8e26244998b6f50717507715a9dffdd6','44894973350b87f370332c2ff0d79f09','','',0,'Earth',1,'Tammy','Downs',0,0,0,1,0,'2013-10-25 06:22:21',NULL,'81.196.41.118','en_EN'),(516,'mc2test1514@mc2test.com','5ebb46846dc4bb832b566b545a39a67f596d4919','b65e5e70d0f9571ec0aa08acda059f54','','',0,'Earth',1,'Olivia','Paul',0,0,0,1,0,'2013-10-25 06:22:21',NULL,'81.196.41.118','en_EN'),(517,'mc2test1515@mc2test.com','6fa78e417c8d92744064bf649ebe903f059165aa','85e04cbb828f63fdc76ce51e616aa7bd','','',0,'Earth',1,'Angel','Bush',0,0,0,1,0,'2013-10-25 06:22:21',NULL,'81.196.41.118','en_EN'),(518,'mc2test1516@mc2test.com','d1cd6f8338e0bd5fadd142dca3120c26302523e8','2d3094b24b3101bd6b3769267084b5c6','','',0,'Earth',1,'David','Anthony',0,0,0,1,0,'2013-10-25 06:22:22',NULL,'81.196.41.118','en_EN'),(519,'mc2test1517@mc2test.com','74f02b0a172cdb67b9df94d5d66a64e1fbd67dde','7956daa7aac56fca6afb060520fa373d','','',0,'Earth',1,'Amelia','Freeman',0,0,0,1,0,'2013-10-25 06:22:22',NULL,'81.196.41.118','en_EN'),(520,'mc2test1519@mc2test.com','4abd80e593ebcd0323f701e640f6945da7f10e07','7784f5b09ff563a29e9fee0ebfa61e54','','',0,'Earth',1,'Michael','Whitney',0,0,0,1,0,'2013-10-25 06:22:23',NULL,'81.196.41.118','en_EN'),(521,'mc2test1518@mc2test.com','c402ea1bee222c275167971a8b824d8b2a1364e3','9b23c762e6ff6cf9781a5363e2df0ad6','','',0,'Earth',1,'Becky','Gray',0,0,0,1,0,'2013-10-25 06:22:23',NULL,'81.196.41.118','en_EN'),(522,'mc2test1520@mc2test.com','6e48d9e3002f1176ba55d25142e97f5874856208','66e65cd4abf43a53a254e08062d11466','','',0,'Earth',1,'Fannie','Dyer',0,0,0,1,0,'2013-10-25 06:22:23',NULL,'81.196.41.118','en_EN'),(523,'mc2test1521@mc2test.com','0536d2acf60a82e8221e2c696344038f2874dc9b','cbb5ffe8b23a80d0fff84bd60211741f','','',0,'Earth',1,'Chris','Cortez',0,0,0,1,0,'2013-10-25 06:22:23',NULL,'81.196.41.118','en_EN'),(524,'mc2test1522@mc2test.com','0daf6748405a7d87d866518444a4d20ab849888a','4e1077c1155f355662b9722f61cbc7df','','',0,'Earth',1,'Antoinette','Gillespie',0,0,0,1,0,'2013-10-25 06:22:24',NULL,'81.196.41.118','en_EN'),(525,'mc2test1523@mc2test.com','1000cb649732ca238ac851a37a1c616a6da0e3f5','7076bc4ee578c6eee58c1e4f49836555','','',0,'Earth',1,'Cecilia','Everett',0,0,0,1,0,'2013-10-25 06:22:24',NULL,'81.196.41.118','en_EN'),(526,'mc2test1524@mc2test.com','c75394e4c47dc9b00f785bd55aaecc154e1351d1','bb328237cc3a8880e3ecce72302742c3','','',0,'Earth',1,'Kevin','Mercer',0,0,0,1,0,'2013-10-25 06:22:24',NULL,'81.196.41.118','en_EN'),(527,'mc2test1525@mc2test.com','63020dfd37cb99fb35bf9eca27853bf66b1b187a','564b55184a70dbd19e27b7e0e29fda82','','',0,'Earth',1,'Nicholas','Roberson',0,0,0,1,0,'2013-10-25 06:22:25',NULL,'81.196.41.118','en_EN'),(528,'mc2test1526@mc2test.com','088eee7dba9a9574b421d3a9962ce059451abfef','70d5231d05794f7cec83f3a3aea890df','','',0,'Earth',1,'Ernest','Garner',0,0,0,1,0,'2013-10-25 06:22:25',NULL,'81.196.41.118','en_EN'),(529,'mc2test1527@mc2test.com','72d3ad1d255e7e19e2ef854d260b919c49e8631d','ddc586f7f95c0e3790937a150f655388','','',0,'Earth',1,'Edward','Snyder',0,0,0,1,0,'2013-10-25 06:22:25',NULL,'81.196.41.118','en_EN'),(530,'mc2test1528@mc2test.com','ed1c899bc3ce91ddd679b7c70b3f05dc2bc2096c','0b38a5ed9542d0ef002d3edd3b389498','','',0,'Earth',1,'Kelly','Schmidt',0,0,0,1,0,'2013-10-25 06:22:26',NULL,'81.196.41.118','en_EN'),(531,'mc2test1529@mc2test.com','5170be1dde7d0deb54c7f5f6947a7fbf6f67d5c3','9186f2f4dc5413f3fbb1f2beb16e466e','','',0,'Earth',1,'Bernard','Lewis',0,0,0,1,0,'2013-10-25 06:22:26',NULL,'81.196.41.118','en_EN'),(532,'mc2test1530@mc2test.com','d8b203a2b691192450430c6fab0d57be76f9d84a','ffd946b741df6784e72680aea4e0c39d','','',0,'Earth',1,'Diane','Merritt',0,0,0,1,0,'2013-10-25 06:22:26',NULL,'81.196.41.118','en_EN'),(533,'mc2test1531@mc2test.com','649c17de0d3cb124efd672c9aa0841ece8015061','29735da207fd78058938b57239865a82','','',0,'Earth',1,'Lula','Osborn',0,0,0,1,0,'2013-10-25 06:22:26',NULL,'81.196.41.118','en_EN'),(534,'mc2test1532@mc2test.com','8c2871ec885a5098556d8fdb81a7166f87f52ad4','6f173800779cef6e4c31b3014ae848c8','','',0,'Earth',1,'Tara','Hunter',0,0,0,1,0,'2013-10-25 06:22:27',NULL,'81.196.41.118','en_EN'),(535,'mc2test1533@mc2test.com','d8e5f5fe772399a17fef94758bf034be8c29c7cf','e76843c47435b7057ee90a8ec284be1f','','',0,'Earth',1,'Tyrone','Rangel',0,0,0,1,0,'2013-10-25 06:22:27',NULL,'81.196.41.118','en_EN'),(536,'mc2test1534@mc2test.com','3e530dae0f3c05a112a124d82d2d247590216532','e517323f5d79fa16ef3b9366e635f34b','','',0,'Earth',1,'Maxine','Tucker',0,0,0,1,0,'2013-10-25 06:22:27',NULL,'81.196.41.118','en_EN'),(537,'mc2test1535@mc2test.com','32e0abb28d353050e5ca32394f88e0b33b4a435e','cf291e970ad59e517c81f34b45c68fd9','','',0,'Earth',1,'Krista','Montes',0,0,0,1,0,'2013-10-25 06:22:28',NULL,'81.196.41.118','en_EN'),(538,'mc2test1536@mc2test.com','a44d39da5759db5027efbef8bdcff9287145c20d','ae700a0e6b387232b0126a5797220ea0','','',0,'Earth',1,'Frances','Mcgee',0,0,0,1,0,'2013-10-25 06:22:28',NULL,'81.196.41.118','en_EN'),(539,'mc2test1537@mc2test.com','f1b7b62eb8509368409e94c90e4f99252ff24803','a0c1da529c86b8732dfd794faf97a2a9','','',0,'Earth',1,'Cindy','Copeland',0,0,0,1,0,'2013-10-25 06:22:28',NULL,'81.196.41.118','en_EN'),(540,'mc2test1538@mc2test.com','ed3c48cc2cabfce7461448fa95b6be6799073112','a0c604c4379b7b2151495df72e53c170','','',0,'Earth',1,'Matthew','Bishop',0,0,0,1,0,'2013-10-25 06:22:28',NULL,'81.196.41.118','en_EN'),(541,'mc2test1539@mc2test.com','a9975f34ad943804c0e0de4aac6fc8f2c6978531','d223bff7369593ead7d8d86ccf0d5aa4','','',0,'Earth',1,'Delia','Walters',0,0,0,1,0,'2013-10-25 06:22:29',NULL,'81.196.41.118','en_EN'),(542,'mc2test1540@mc2test.com','03eb36bb6cb49cb7269a0baa4dee6b44281436a3','1e92508cf1d0d2cd2b77c080123403db','','',0,'Earth',1,'Alicia','Mcintosh',0,0,0,1,0,'2013-10-25 06:22:29',NULL,'81.196.41.118','en_EN'),(543,'mc2test1541@mc2test.com','0d8c3e87757e4d7ec8f271c9b099d962ee21d602','ed4384011f474021dc4d8d04846a096a','','',0,'Earth',1,'Nora','Deleon',0,0,0,1,0,'2013-10-25 06:22:29',NULL,'81.196.41.118','en_EN'),(544,'mc2test1543@mc2test.com','598e0e74bae83bebabe0a8eff8553a84f3186db1','a1761a4cb23155557204eab118a6440d','','',0,'Earth',1,'Andy','Ramos',0,0,0,1,0,'2013-10-25 06:22:30',NULL,'81.196.41.118','en_EN'),(545,'mc2test1542@mc2test.com','837c4f03c3d2cc95251079d578cf87627d3e730f','ee6d1be34dc199b02ba4481834a80507','','',0,'Earth',1,'Gwendolyn','Brandt',0,0,0,1,0,'2013-10-25 06:22:30',NULL,'81.196.41.118','en_EN'),(546,'mc2test1544@mc2test.com','55d43a9f6ec94989234d50bdfddbc4c8eea33f57','771ece723810c1b9e78c3811f25c73ac','','',0,'Earth',1,'Tricia','Haney',0,0,0,1,0,'2013-10-25 06:22:30',NULL,'81.196.41.118','en_EN'),(547,'mc2test1546@mc2test.com','69219eee32bb5e02fa21b365fd77ca3cdfffe7cf','f43a1d8562f803c863a156b5a71a8533','','',0,'Earth',1,'Bob','Huynh',0,0,0,1,0,'2013-10-25 06:22:30',NULL,'81.196.41.118','en_EN'),(548,'mc2test1545@mc2test.com','bf4f986a5c820f9903da93b3cd38d4e16bdc5904','403929e9ce92af3d9ec955189b410506','','',0,'Earth',1,'Jonathan','Mcbride',0,0,0,1,0,'2013-10-25 06:22:30',NULL,'81.196.41.118','en_EN'),(549,'mc2test1547@mc2test.com','b99b7663dd178628ef96e808ec58c866d3076310','3ab2c545452e7ca4a5f9e9ba961fa69d','','',0,'Earth',1,'Margarita','Fuller',0,0,0,1,0,'2013-10-25 06:22:31',NULL,'81.196.41.118','en_EN'),(550,'mc2test1548@mc2test.com','689955613f2a875869870e2ee5ea755cc0ec4fd7','546acb68683268992da772be4ed56fb5','','',0,'Earth',1,'Jana','Lester',0,0,0,1,0,'2013-10-25 06:22:31',NULL,'81.196.41.118','en_EN'),(551,'mc2test1549@mc2test.com','7221de598e22fdcfa373eae10aea07bb32e78874','28933e62c172eb28be6c34b7c7c92ad1','','',0,'Earth',1,'Dawn','Flynn',0,0,0,1,0,'2013-10-25 06:22:31',NULL,'81.196.41.118','en_EN'),(552,'mc2test1550@mc2test.com','24a28f036554b554386512718bbbbad26fe8f28d','2b79ed70752c83f9546f0a0032bc371b','','',0,'Earth',1,'Anthony','Cowan',0,0,0,1,0,'2013-10-25 06:22:32',NULL,'81.196.41.118','en_EN'),(553,'mc2test1551@mc2test.com','c892b2ea2ca77e134330183b3ff97ca8108bc45c','37d0c2f8022d8b25536b96b412640a0d','','',0,'Earth',1,'Denise','Bradford',0,0,0,1,0,'2013-10-25 06:22:32',NULL,'81.196.41.118','en_EN'),(554,'mc2test1552@mc2test.com','000adb6e6d9c16a3cf7f0900d904b3ca6b61bd36','14bb72cea8abd2a02ad53eff328edab9','','',0,'Earth',1,'Gilbert','Nielsen',0,0,0,1,0,'2013-10-25 06:22:32',NULL,'81.196.41.118','en_EN'),(555,'mc2test1553@mc2test.com','25bf5741cc3c1eecd42b09057bff6b2c951d473a','71685ebaab8bc7a45c30cb3e36b006d9','','',0,'Earth',1,'Eddie','Torres',0,0,0,1,0,'2013-10-25 06:22:33',NULL,'81.196.41.118','en_EN'),(556,'mc2test1554@mc2test.com','8f2b8775999d9a032b98a883438ce0e144b57973','b72b70f5ac8fc7a929f94357f5580ea7','','',0,'Earth',1,'Betsy','Sloan',0,0,0,1,0,'2013-10-25 06:22:33',NULL,'81.196.41.118','en_EN'),(557,'mc2test1555@mc2test.com','5c1186637bd0739bdd8624eb4a306afe0b41c1bc','25f8cabb8c1d1c01e24cbf80fa6d476e','','',0,'Earth',1,'Mindy','Lynn',0,0,0,1,0,'2013-10-25 06:22:33',NULL,'81.196.41.118','en_EN'),(558,'mc2test1556@mc2test.com','7a03362871ac495c7d75b6e411fe888c96d3ffcf','4f4d397aac10352f1a374d33f8c26cef','','',0,'Earth',1,'Laura','Valdez',0,0,0,1,0,'2013-10-25 06:22:33',NULL,'81.196.41.118','en_EN'),(559,'mc2test1557@mc2test.com','db4552862eefc2a745487153fddd10e817308145','43f9c9fa732e207bd72e9da1b81ab1a1','','',0,'Earth',1,'Nicholas','Bruce',0,0,0,1,0,'2013-10-25 06:22:34',NULL,'81.196.41.118','en_EN'),(560,'mc2test1558@mc2test.com','7ce126f80af306120b617a1ae38ce6f9a1e3e08b','10bd87e28c78358f0b63e49743959ad7','','',0,'Earth',1,'Lynette','Ashley',0,0,0,1,0,'2013-10-25 06:22:34',NULL,'81.196.41.118','en_EN'),(561,'mc2test1559@mc2test.com','2a425d8c28122a424467b15d318416205f432b31','4ca0c701fa8e4dd2bc0b82a6544bd7e8','','',0,'Earth',1,'Peggy','Skinner',0,0,0,1,0,'2013-10-25 06:22:34',NULL,'81.196.41.118','en_EN'),(562,'mc2test1560@mc2test.com','632c59ba1256945d4abff2c02ba37fa644436828','553e08a03ddad45f41d48862a1920858','','',0,'Earth',1,'Gretchen','Montoya',0,0,0,1,0,'2013-10-25 06:22:35',NULL,'81.196.41.118','en_EN'),(563,'mc2test1562@mc2test.com','73be43226652ea8b78cb607a1d51f06dc702d320','6430cf900f5d126e6802a46e60c7b406','','',0,'Earth',1,'Phyllis','Wilkinson',0,0,0,1,0,'2013-10-25 06:22:35',NULL,'81.196.41.118','en_EN'),(564,'mc2test1561@mc2test.com','00615b8469ecabaa1e4729096b8eb2d8dfd23868','5b242410e6e039c2995e47dd3d392552','','',0,'Earth',1,'Kelley','Morgan',0,0,0,1,0,'2013-10-25 06:22:35',NULL,'81.196.41.118','en_EN'),(565,'mc2test1563@mc2test.com','00e0d494b1b102ab8ece3579a30d08a2c4ce6ba3','8716ba17f07e503ec932cc40ef4ec390','','',0,'Earth',1,'Patricia','Jefferson',0,0,0,1,0,'2013-10-25 06:22:36',NULL,'81.196.41.118','en_EN'),(566,'mc2test1564@mc2test.com','350ca707afcf8defe83e40d4de37092e2b332cdc','916b330ce3562c347cf19a5fc446c826','','',0,'Earth',1,'Willie','Madden',0,0,0,1,0,'2013-10-25 06:22:36',NULL,'81.196.41.118','en_EN'),(567,'mc2test1565@mc2test.com','1db8a5a22d550d54dc9496ce8315bf9f24f2220a','a9d400efc67106f907f8b4477b6fe517','','',0,'Earth',1,'Mitchell','Medina',0,0,0,1,0,'2013-10-25 06:22:36',NULL,'81.196.41.118','en_EN'),(568,'mc2test1566@mc2test.com','586c3979643dbae2697ba9d1ea413c4932a534c5','6a7230a8405008203f909a5cdc9e4333','','',0,'Earth',1,'Kari','Peterson',0,0,0,1,0,'2013-10-25 06:22:37',NULL,'81.196.41.118','en_EN'),(569,'mc2test1567@mc2test.com','3627acf9a4bfe8286732bb1edcb4afe7f48a9537','5c7202bb95cbbf21a8135b2cde45564a','','',0,'Earth',1,'Phillip','Hood',0,0,0,1,0,'2013-10-25 06:22:37',NULL,'81.196.41.118','en_EN'),(570,'mc2test1568@mc2test.com','013f12929ae79b6b3dad9cba3bca97dd8bc103c3','cbf372ae4b5a9fc468482fbe67970d60','','',0,'Earth',1,'Erik','Collier',0,0,0,1,0,'2013-10-25 06:22:37',NULL,'81.196.41.118','en_EN'),(571,'mc2test1569@mc2test.com','d4e30d44e4c65de4dd0dc80cbdbfc12d91582539','7d52a8168ea8d76704fbefbeede19ee3','','',0,'Earth',1,'Miriam','Michael',0,0,0,1,0,'2013-10-25 06:22:37',NULL,'81.196.41.118','en_EN'),(572,'mc2test1570@mc2test.com','a52610efaea9e08f7fd72d4e12b981086f7ef452','5770727607c7b7e544b35a89e1b7609f','','',0,'Earth',1,'Samuel','Saunders',0,0,0,1,0,'2013-10-25 06:22:38',NULL,'81.196.41.118','en_EN'),(573,'mc2test1571@mc2test.com','b2d64c550058dea518a2b3f5019029ac8437a458','4e579af8bbcec00eaafc1c137b54c460','','',0,'Earth',1,'Angelina','Key',0,0,0,1,0,'2013-10-25 06:22:38',NULL,'81.196.41.118','en_EN'),(574,'mc2test1572@mc2test.com','4dc49a6c4cdf58c9a86968d01d5e1f2a2252de15','090ff228a2d3c00e1b1c85e31c2d8654','','',0,'Earth',1,'Ollie','Thompson',0,0,0,1,0,'2013-10-25 06:22:38',NULL,'81.196.41.118','en_EN'),(575,'mc2test1573@mc2test.com','d14e055734e64ec277e5308592cc9175800eaa80','84e679880ffd7a74acf298129d2616f7','','',0,'Earth',1,'Raul','Hester',0,0,0,1,0,'2013-10-25 06:22:39',NULL,'81.196.41.118','en_EN'),(576,'mc2test1574@mc2test.com','1209e488c44c8de62ee65d0e25ea705805dd31bc','d0c82589e13f524a0e661ae0f4ab50dd','','',0,'Earth',1,'Dora','Khan',0,0,0,1,0,'2013-10-25 06:22:39',NULL,'81.196.41.118','en_EN'),(577,'mc2test1575@mc2test.com','dc4690ec233289f49a2f29628439763ec08f38f2','abc5e73192f5b6c42839e977c76286ab','','',0,'Earth',1,'Brittany','Castaneda',0,0,0,1,0,'2013-10-25 06:22:39',NULL,'81.196.41.118','en_EN'),(578,'mc2test1576@mc2test.com','8df9a65e234ca8f1f49ef9845bd3c5040f946616','7caa2ef7adc81c7933166c35c052565e','','',0,'Earth',1,'Estelle','Murphy',0,0,0,1,0,'2013-10-25 06:22:39',NULL,'81.196.41.118','en_EN'),(579,'mc2test1577@mc2test.com','802ecc49229da09432269dd168c853799586c864','5a723447d42fe4423ba5a68d6946702d','','',0,'Earth',1,'Belinda','Gill',0,0,0,1,0,'2013-10-25 06:22:40',NULL,'81.196.41.118','en_EN'),(580,'mc2test1578@mc2test.com','0d7badae4c568ec43d3043eb78490baae9d4030f','df1ccb6cef63895b03cad25fd130e05d','','',0,'Earth',1,'Wendy','Booth',0,0,0,1,0,'2013-10-25 06:22:40',NULL,'81.196.41.118','en_EN'),(581,'mc2test1579@mc2test.com','01d6ef4ba81bc1e97e11ad346f98d05dec0a8baa','b92339f730f39e92abdc01bb170dcc44','','',0,'Earth',1,'Mandy','Booth',0,0,0,1,0,'2013-10-25 06:22:41',NULL,'81.196.41.118','en_EN'),(582,'mc2test1581@mc2test.com','3c3128617881a476a4699f3e9b74a148c6408da4','6dcb7a7654c04fbf52062e8c7053de6b','','',0,'Earth',1,'Pauline','Carter',0,0,0,1,0,'2013-10-25 06:22:41',NULL,'81.196.41.118','en_EN'),(583,'mc2test1580@mc2test.com','a4086f9ac4c83ac1941fd4e6ca5e6fd163e4359e','726d2adbc2fd5fa310db4c141805a189','','',0,'Earth',1,'Mark','Crosby',0,0,0,1,0,'2013-10-25 06:22:41',NULL,'81.196.41.118','en_EN'),(584,'mc2test1582@mc2test.com','f82a12cfa08511b90e6f12e0c83ccd1e055e610e','c0d1109d083b18ac6377bd096d5ae044','','',0,'Earth',1,'Earl','Robinson',0,0,0,1,0,'2013-10-25 06:22:41',NULL,'81.196.41.118','en_EN'),(585,'mc2test1583@mc2test.com','3b1fdc85f3e21f486178f22f198ee6f4261e250b','78af35b22bb2452ee5cea9b8d1ac0be0','','',0,'Earth',1,'Tabitha','Hanna',0,0,0,1,0,'2013-10-25 06:22:42',NULL,'81.196.41.118','en_EN'),(586,'mc2test1584@mc2test.com','cff988cc9e8355f346e8724a974486a4a67417e0','e57da8b79e78d43be01604fe2ae6914d','','',0,'Earth',1,'Nicole','Gay',0,0,0,1,0,'2013-10-25 06:22:42',NULL,'81.196.41.118','en_EN'),(587,'mc2test1586@mc2test.com','aef00189153b963ce9dceffdf15d1071d04e31d7','f2c6fbfb47f7b0caf65665006b01996f','','',0,'Earth',1,'Floyd','Sellers',0,0,0,1,0,'2013-10-25 06:22:43',NULL,'81.196.41.118','en_EN'),(588,'mc2test1585@mc2test.com','293ea8c75a6b07c4553ff4fd12e60acfd48fa682','278865b12df773dc1edd735ac172fd1d','','',0,'Earth',1,'Donald','Henderson',0,0,0,1,0,'2013-10-25 06:22:43',NULL,'81.196.41.118','en_EN'),(589,'mc2test1587@mc2test.com','ee9eee845353b026747809696a3207fbc23b89b8','b7c59c45d158d990ab1f52c60b6bf9c2','','',0,'Earth',1,'Marcia','Davies',0,0,0,1,0,'2013-10-25 06:22:43',NULL,'81.196.41.118','en_EN'),(590,'mc2test1588@mc2test.com','10ff5589f1a2d7d91fa3039ac62060524c41b636','97f50478ad1781d52eaab43979a6b868','','',0,'Earth',1,'Shelly','Maddox',0,0,0,1,0,'2013-10-25 06:22:43',NULL,'81.196.41.118','en_EN'),(591,'mc2test1589@mc2test.com','2f1f8ca4acf86ef38e801c444b4aa1a2f238361e','3054f803cb1fdf227f5ae601efde8f78','','',0,'Earth',1,'Rachel','Potts',0,0,0,1,0,'2013-10-25 06:22:44',NULL,'81.196.41.118','en_EN'),(592,'mc2test1590@mc2test.com','00f526ec83169749aeb76c09f1b3fca747ad6b7a','f6d4e3d1f32e746a9a0c2e4d35259a8a','','',0,'Earth',1,'Jack','Guzman',0,0,0,1,0,'2013-10-25 06:22:44',NULL,'81.196.41.118','en_EN'),(593,'mc2test1591@mc2test.com','7a0998e07a9ae89f1fe2f598cdc1a4cd712c2ba4','c64c9bdcf4d8ffc5151ea2c604e34a5e','','',0,'Earth',1,'Clara','Winters',0,0,0,1,0,'2013-10-25 06:22:44',NULL,'81.196.41.118','en_EN'),(594,'mc2test1592@mc2test.com','e9e30a11b644b1d8a727239964a2ce607f66f020','e935238881c24c3f21deb20089a4a38f','','',0,'Earth',1,'Roy','Bridges',0,0,0,1,0,'2013-10-25 06:22:45',NULL,'81.196.41.118','en_EN'),(595,'mc2test1593@mc2test.com','ccd7410388ae01db5b4ab76e7848c6d81fed811b','3307772acefbeb0c94781b6b334a7dcc','','',0,'Earth',1,'Mandy','Macias',0,0,0,1,0,'2013-10-25 06:22:45',NULL,'81.196.41.118','en_EN'),(596,'mc2test1594@mc2test.com','64615732fa57b09490e7b7ee6a8f9c2f845d01e5','8895f52dc87179d6a5a148df63350017','','',0,'Earth',1,'Jorge','Little',0,0,0,1,0,'2013-10-25 06:22:45',NULL,'81.196.41.118','en_EN'),(597,'mc2test1595@mc2test.com','f9bff48178382dd3a4cf7f3d151de140a7c15959','11ec4f10c383276f030a2b4bddd254e0','','',0,'Earth',1,'Mabel','Anthony',0,0,0,1,0,'2013-10-25 06:22:46',NULL,'81.196.41.118','en_EN'),(598,'mc2test1596@mc2test.com','409f32f08fa8fefb3f3c3f242cad1d03ec48a7b2','a55e19d26c7f6638965755d3aeb59f2f','','',0,'Earth',1,'Charlie','Hoover',0,0,0,1,0,'2013-10-25 06:22:46',NULL,'81.196.41.118','en_EN'),(599,'mc2test1597@mc2test.com','eb13300bd80d3f1e06c010734a0dde46075063b6','75cf04dc4fd7489823d808c1223885a6','','',0,'Earth',1,'Maxine','Pitts',0,0,0,1,0,'2013-10-25 06:22:46',NULL,'81.196.41.118','en_EN'),(600,'mc2test1598@mc2test.com','bfd734728bed3f90830f5003e799302d9f84a21f','ce99194df3da50391a5a639c90806057','','',0,'Earth',1,'Mike','Fitzgerald',0,0,0,1,0,'2013-10-25 06:22:46',NULL,'81.196.41.118','en_EN'),(601,'mc2test1599@mc2test.com','225dcbd1cc8068c960d5f308dc548bcc6bceece6','0bb24fc0ba03d17aae75d80574b0880a','','',0,'Earth',1,'Jaime','Maynard',0,0,0,1,0,'2013-10-25 06:22:47',NULL,'81.196.41.118','en_EN'),(602,'mc2test1600@mc2test.com','7f85c4b99bb432df5dfb1b0d1053cd637045e37e','a4206cba9f0b9fc8c43994bce676639a','','',0,'Earth',1,'Kristine','Ballard',0,0,0,1,0,'2013-10-25 06:22:47',NULL,'81.196.41.118','en_EN'),(603,'mc2test1602@mc2test.com','c5b853a747b21d00dc15a0723d1b05584b7a8082','d49db4e6cfd5cade9d8895b00bfdc1b7','','',0,'Earth',1,'Tricia','Dean',0,0,0,1,0,'2013-10-25 06:22:47',NULL,'81.196.41.118','en_EN'),(604,'mc2test1601@mc2test.com','199e3c37ea166e60b08c697440ee168c23e952e0','f7994208564d7939e445d23cbc3bb9e0','','',0,'Earth',1,'Claudia','Russo',0,0,0,1,0,'2013-10-25 06:22:47',NULL,'81.196.41.118','en_EN'),(605,'mc2test1603@mc2test.com','ee19c868efb9ae5a571093fb8b5e1f5856c5d337','ee0ae3fdfe97e7d0d06e65082d24994c','','',0,'Earth',1,'Jeff','Wall',0,0,0,1,0,'2013-10-25 06:22:48',NULL,'81.196.41.118','en_EN'),(606,'mc2test1605@mc2test.com','40274e8832fa5fe6a18c87b7a774645b27af60ec','1c6d1abdba991fa95cde2aa57ce7f42f','','',0,'Earth',1,'Jimmie','Hudson',0,0,0,1,0,'2013-10-25 06:22:48',NULL,'81.196.41.118','en_EN'),(607,'mc2test1604@mc2test.com','7314b684153378528fe90d47685ad0e3b964042c','ffa5c0d6c8b9308346cd08c10c012cb3','','',0,'Earth',1,'Patrick','Eaton',0,0,0,1,0,'2013-10-25 06:22:48',NULL,'81.196.41.118','en_EN'),(608,'mc2test1607@mc2test.com','6207918969f8111321c058e23c97fb41a35b63e0','89a03cb22f5ebf106477fb0efc8047b9','','',0,'Earth',1,'Patty','Clark',0,0,0,1,0,'2013-10-25 06:22:49',NULL,'81.196.41.118','en_EN'),(609,'mc2test1606@mc2test.com','a23596543cd9bc36ff899d4477515d0e3cea3661','a65fae84762753fb40326915e76332dc','','',0,'Earth',1,'Martin','Simpson',0,0,0,1,0,'2013-10-25 06:22:49',NULL,'81.196.41.118','en_EN'),(610,'mc2test1608@mc2test.com','ae1c75264aa4036e2a572428acbf36be1c2195f6','481daa90162a561b361fc2ad2c67e6e5','','',0,'Earth',1,'Lisa','Spence',0,0,0,1,0,'2013-10-25 06:22:49',NULL,'81.196.41.118','en_EN'),(611,'mc2test1609@mc2test.com','bdff2a478a685d37668c1ffdd88cdbb5f32356e3','f87410954dfafb0a78948e7f882c5fed','','',0,'Earth',1,'Elaine','Fry',0,0,0,1,0,'2013-10-25 06:22:49',NULL,'81.196.41.118','en_EN'),(612,'mc2test1610@mc2test.com','320fc54b74e12ce1b57b434eea963e1bdd3c7a15','3b91c4dedbbb46f5cb6ee26670ba8ae9','','',0,'Earth',1,'Delia','Valencia',0,0,0,1,0,'2013-10-25 06:22:50',NULL,'81.196.41.118','en_EN'),(613,'mc2test1611@mc2test.com','81f08e386e6a2b3b9a9fd6bebc83693f367eec89','7b0383305870760b09634bad4ae69672','','',0,'Earth',1,'Jennifer','Gallegos',0,0,0,1,0,'2013-10-25 06:22:50',NULL,'81.196.41.118','en_EN'),(614,'mc2test1612@mc2test.com','2a2fd3a41a7849b3ad08dba4d4af17ff027d016f','a380a4c782bc6f35ca57bf03f733ad9a','','',0,'Earth',1,'Ginger','Thompson',0,0,0,1,0,'2013-10-25 06:22:50',NULL,'81.196.41.118','en_EN'),(615,'mc2test1613@mc2test.com','6d6a34e90771ff7ea5e7d33f1292942a09efe234','c7700633dad79a9b3d0c87f6430354f6','','',0,'Earth',1,'Lela','Pierce',0,0,0,1,0,'2013-10-25 06:22:51',NULL,'81.196.41.118','en_EN'),(616,'mc2test1614@mc2test.com','df1154d9647499439f3c38501ce7b1027e5d2450','72faf36c766da0f05b50ff6ab9fe9b23','','',0,'Earth',1,'Howard','Singleton',0,0,0,1,0,'2013-10-25 06:22:51',NULL,'81.196.41.118','en_EN'),(617,'mc2test1615@mc2test.com','5c173e8fd28e83bbf5a702a46b404cacef0f276f','283b6eb9d039dafe4f2013ad71479ef6','','',0,'Earth',1,'James','Forbes',0,0,0,1,0,'2013-10-25 06:22:51',NULL,'81.196.41.118','en_EN'),(618,'mc2test1616@mc2test.com','91936705fb854e776296ec19844275d29832d3b5','2626565ee29d3d8530c59ce994587cd5','','',0,'Earth',1,'Leonard','Boyle',0,0,0,1,0,'2013-10-25 06:22:52',NULL,'81.196.41.118','en_EN'),(619,'mc2test1617@mc2test.com','e05ecd87289fcb24d0919f86c511f22441e3b27b','b25b0b8fdff8328fcccf0210b5fd5bc6','','',0,'Earth',1,'Angelica','Wise',0,0,0,1,0,'2013-10-25 06:22:52',NULL,'81.196.41.118','en_EN'),(620,'mc2test1618@mc2test.com','bf88cbca34da6816f3722741e4c42ca9c39e1217','70286820b28374bda1fe4610a6919e30','','',0,'Earth',1,'Jack','Rodriguez',0,0,0,1,0,'2013-10-25 06:22:52',NULL,'81.196.41.118','en_EN'),(621,'mc2test1619@mc2test.com','78c6cee47c15c4c7dc9567d8cc4bfb275e832d68','68dbcbfc849a398ac6850f3821e9c520','','',0,'Earth',1,'Brandy','Espinoza',0,0,0,1,0,'2013-10-25 06:22:52',NULL,'81.196.41.118','en_EN'),(622,'mc2test1621@mc2test.com','5566da6f66d59c47d49f57fd41a4898c7dfbb144','070bca17c6b102b14994a0a25f723e7a','','',0,'Earth',1,'Tommy','Carney',0,0,0,1,0,'2013-10-25 06:22:53',NULL,'81.196.41.118','en_EN'),(623,'mc2test1620@mc2test.com','583cddfeee1516db0989ad99ff7fecd01bcc0116','0711ac6a1134001b1231f3c82989c990','','',0,'Earth',1,'Gladys','Christian',0,0,0,1,0,'2013-10-25 06:22:53',NULL,'81.196.41.118','en_EN'),(624,'mc2test1622@mc2test.com','e72276572028add6bab8748cf2b23a5535c6f230','e9d60399a22ece58db6c8b3090b3e536','','',0,'Earth',1,'David','Barajas',0,0,0,1,0,'2013-10-25 06:22:54',NULL,'81.196.41.118','en_EN'),(625,'mc2test1623@mc2test.com','bc9c21b833a498c200127bdf236bd2efd47d42b1','3c40dd87cbab41b0b2bbaf77d7d6c065','','',0,'Earth',1,'Nellie','Maynard',0,0,0,1,0,'2013-10-25 06:22:54',NULL,'81.196.41.118','en_EN'),(626,'mc2test1625@mc2test.com','2a2349728c8eab929b049caddf74d67b7eb678a8','b216d9665c869b48ef7b0138a0cf1f85','','',0,'Earth',1,'Alyssa','Mullins',0,0,0,1,0,'2013-10-25 06:22:54',NULL,'81.196.41.118','en_EN'),(627,'mc2test1624@mc2test.com','8f22e6213a771e966af0e4c993d3a12708b315ad','ffe71b0bc655fb6cc1b5e5a13a1af5ea','','',0,'Earth',1,'Robin','Bryant',0,0,0,1,0,'2013-10-25 06:22:54',NULL,'81.196.41.118','en_EN'),(628,'mc2test1626@mc2test.com','825b1b21d9cefc66750c89774afcdc6ac8c6b57c','31a56f1442aa4349cd0ff63ce57a3698','','',0,'Earth',1,'Peter','Mcclure',0,0,0,1,0,'2013-10-25 06:22:55',NULL,'81.196.41.118','en_EN'),(629,'mc2test1627@mc2test.com','96a8039ebcabed370026c3b6dc855a836b444627','fe15a0eb5320a6718a1b62551dd5bead','','',0,'Earth',1,'Robyn','Hurst',0,0,0,1,0,'2013-10-25 06:22:55',NULL,'81.196.41.118','en_EN'),(630,'mc2test1628@mc2test.com','d3f8d998c2de66cb6bb7ff5ddfbf44c8f5329974','05cbe99877a46d59809f144d36829f14','','',0,'Earth',1,'Lauren','Bates',0,0,0,1,0,'2013-10-25 06:22:55',NULL,'81.196.41.118','en_EN'),(631,'mc2test1629@mc2test.com','ad2d004016fa2c11e282a50be61643357bbe34d6','c2e904334ecbefabc60542d4f749bc4e','','',0,'Earth',1,'Claire','Simon',0,0,0,1,0,'2013-10-25 06:22:55',NULL,'81.196.41.118','en_EN'),(632,'mc2test1630@mc2test.com','e56a702f5a3eab6bbe7d3f15fe53e3e7b7238bda','c0165fcfbfcfa2f8f19bf45968cb0dd4','','',0,'Earth',1,'Irene','Huang',0,0,0,1,0,'2013-10-25 06:22:56',NULL,'81.196.41.118','en_EN'),(633,'mc2test1631@mc2test.com','3df663446c445543ae30dcdb1026d69b0bc97ac3','f23120b6e6dd5513f2b07d174c71eaa5','','',0,'Earth',1,'Brittany','Ferrell',0,0,0,1,0,'2013-10-25 06:22:56',NULL,'81.196.41.118','en_EN'),(634,'mc2test1632@mc2test.com','1ed7d4accb85e02410e5b3cd22a1d76d4035fb50','29bae82aecb0a35d83b581ffdfcdd6eb','','',0,'Earth',1,'Janis','Morris',0,0,0,1,0,'2013-10-25 06:22:57',NULL,'81.196.41.118','en_EN'),(635,'mc2test1633@mc2test.com','ed3bbc349c7bb46c236e5caa642b8ca1d40098fa','471e28428409593799808a7806bfe365','','',0,'Earth',1,'Timothy','Waters',0,0,0,1,0,'2013-10-25 06:22:57',NULL,'81.196.41.118','en_EN'),(636,'mc2test1635@mc2test.com','2af6f59fa6d0e5cf27b8a78f49d1a3778ef709f3','9f3acda2f4a616de69f2ad766f92cfe9','','',0,'Earth',1,'Ralph','Calhoun',0,0,0,1,0,'2013-10-25 06:22:57',NULL,'81.196.41.118','en_EN'),(637,'mc2test1634@mc2test.com','4a4f6a04de419a9bf3cb7b7408dc7601e69c439f','03f61a80e2e499df2d04ab9b3036f125','','',0,'Earth',1,'Claude','Bolton',0,0,0,1,0,'2013-10-25 06:22:57',NULL,'81.196.41.118','en_EN'),(638,'mc2test1636@mc2test.com','a413286318c40bbc94d9b7dd23931d1d5672ddd1','5f3973ea839e24f722ed51c2e12ac7a6','','',0,'Earth',1,'Lucy','Mathews',0,0,0,1,0,'2013-10-25 06:22:58',NULL,'81.196.41.118','en_EN'),(639,'mc2test1637@mc2test.com','4316adfb16ffd5c437b091fab6ff985b9db0bd83','f9636a5ba67536c739663cd62c601973','','',0,'Earth',1,'Traci','Watts',0,0,0,1,0,'2013-10-25 06:22:58',NULL,'81.196.41.118','en_EN'),(640,'mc2test1638@mc2test.com','f448f4b9189a333af62e0ec2787dcf56e99084ae','8ca6b2c115f85267034ac02242020893','','',0,'Earth',1,'Essie','Sparks',0,0,0,1,0,'2013-10-25 06:22:58',NULL,'81.196.41.118','en_EN'),(641,'mc2test1639@mc2test.com','68ae4928c2a5b545f92f7da1a0a393a0a206b03b','741fe58bc094fa750c4b2e00077b7f00','','',0,'Earth',1,'Sean','Shaffer',0,0,0,1,0,'2013-10-25 06:22:59',NULL,'81.196.41.118','en_EN'),(642,'mc2test1641@mc2test.com','b89a50886c2bf94b2c15070cdeb0d38d2f1865e9','27e13301e9558e730a78c365ca7c9fb9','','',0,'Earth',1,'Warren','Jennings',0,0,0,1,0,'2013-10-25 06:22:59',NULL,'81.196.41.118','en_EN'),(643,'mc2test1640@mc2test.com','593ac8bd67e567f532a096d139ea0c146ec5f8a0','5a7ae1d5c02dbc3c342efdce49c51a7a','','',0,'Earth',1,'Johnny','Holmes',0,0,0,1,0,'2013-10-25 06:22:59',NULL,'81.196.41.118','en_EN'),(644,'mc2test1642@mc2test.com','3c012c58f2ab045d980c0c6b629f24f92c5351f8','0ce22cdce53d62f92c50fcec0aa3cfdc','','',0,'Earth',1,'Bruce','Sims',0,0,0,1,0,'2013-10-25 06:23:00',NULL,'81.196.41.118','en_EN'),(645,'mc2test1643@mc2test.com','dcfe0cde0e3eab5da9104534fa8aaf97621bfdeb','29c418611e10305c9472fae8e44cddbb','','',0,'Earth',1,'Janis','Lamb',0,0,0,1,0,'2013-10-25 06:23:00',NULL,'81.196.41.118','en_EN'),(646,'mc2test1644@mc2test.com','4ce31a3137bbab392b852b7cebc3b4cd43b7aff7','3e06ca10d6e94bae6a82563a319ffde9','','',0,'Earth',1,'Clinton','Sandoval',0,0,0,1,0,'2013-10-25 06:23:00',NULL,'81.196.41.118','en_EN'),(647,'mc2test1645@mc2test.com','c9ac2cdb817f977e5849768f073c5fe7a2a8b8bb','4a0212dd450607c1f659af7c2ab03336','','',0,'Earth',1,'Stephen','Crawford',0,0,0,1,0,'2013-10-25 06:23:00',NULL,'81.196.41.118','en_EN'),(648,'mc2test1646@mc2test.com','a036cecbd339bf8b4a959fd0311770bf9093bcbc','888b5180d86d2c80deedbffd0fb7b4fe','','',0,'Earth',1,'Wayne','Marshall',0,0,0,1,0,'2013-10-25 06:23:01',NULL,'81.196.41.118','en_EN'),(649,'mc2test1647@mc2test.com','a1773d34ede50b9537fb5767acf1cd2a0c309a26','97e82d064844ec0194466c030c6d8218','','',0,'Earth',1,'Patsy','Dickson',0,0,0,1,0,'2013-10-25 06:23:01',NULL,'81.196.41.118','en_EN'),(650,'mc2test1648@mc2test.com','880b81ed47a3705c86a5caa1f9cd3a218e7a0406','f169b360237dcfbf4add740c0a33be1b','','',0,'Earth',1,'Georgia','Woodard',0,0,0,1,0,'2013-10-25 06:23:01',NULL,'81.196.41.118','en_EN'),(651,'mc2test1649@mc2test.com','acd7ce8a19f947eb159220868bd93b4bc83a569d','c0e1454cfa4814c779bbb1d559c290e4','','',0,'Earth',1,'Joel','Perez',0,0,0,1,0,'2013-10-25 06:23:02',NULL,'81.196.41.118','en_EN'),(652,'mc2test1650@mc2test.com','49da272c64b6f0d910e643f1503e3e6b6e847708','593902a7aa5a3d46aa94ebc6e4ce90a9','','',0,'Earth',1,'Marcella','Lewis',0,0,0,1,0,'2013-10-25 06:23:02',NULL,'81.196.41.118','en_EN'),(653,'mc2test1651@mc2test.com','21f6d55d9b4940a37e5d6d9b90320d8c1aff7741','86a7512edb77e501c2297d8e9f8198e2','','',0,'Earth',1,'Harry','Wallace',0,0,0,1,0,'2013-10-25 06:23:02',NULL,'81.196.41.118','en_EN'),(654,'mc2test1652@mc2test.com','dbdf3529ca95ada889d68c60e8706438d780f324','087065611d71b4340256608541bfcd09','','',0,'Earth',1,'Randy','Bell',0,0,0,1,0,'2013-10-25 06:23:02',NULL,'81.196.41.118','en_EN'),(655,'mc2test1653@mc2test.com','20a7d803accad297764ff20761cc6b49062b8d66','ffb5a966f98ca12104b01bb631e1a983','','',0,'Earth',1,'Calvin','Osborne',0,0,0,1,0,'2013-10-25 06:23:03',NULL,'81.196.41.118','en_EN'),(656,'mc2test1654@mc2test.com','a0b4459a5c0fc8cdcfe1cbc54bd3e63725caa375','dd3611a3530587d5b26024f8c72fb9ba','','',0,'Earth',1,'Katherine','Melendez',0,0,0,1,0,'2013-10-25 06:23:03',NULL,'81.196.41.118','en_EN'),(657,'mc2test1655@mc2test.com','8a3e77f4930e2ea2c6cabf53885e69558d615d08','28c035e8b98641097dddade15bae147a','','',0,'Earth',1,'Jackie','Todd',0,0,0,1,0,'2013-10-25 06:23:03',NULL,'81.196.41.118','en_EN'),(658,'mc2test1656@mc2test.com','5913eaf1c873bbd7ab2aa41683b0573ee2baa0e1','180d0dbf86e6ec7c412edc6db84c39c7','','',0,'Earth',1,'Joan','Phillips',0,0,0,1,0,'2013-10-25 06:23:04',NULL,'81.196.41.118','en_EN'),(659,'mc2test1657@mc2test.com','7acfd749d1ce5dddfd461f9656e1c56773c6dc57','321232945e8aa2c693aca1eb2b92cdaa','','',0,'Earth',1,'Kelli','Chang',0,0,0,1,0,'2013-10-25 06:23:04',NULL,'81.196.41.118','en_EN'),(660,'mc2test1658@mc2test.com','d06399960c73c79ce1b2ef6524b60101abef8686','0f9ebd3775929d3d126c2224f01d67ef','','',0,'Earth',1,'Dora','Blanchard',0,0,0,1,0,'2013-10-25 06:23:04',NULL,'81.196.41.118','en_EN'),(661,'mc2test1659@mc2test.com','a36d1519cc8249f55697e6d7bef6efab7ac6865c','e1f5a96ad712206b3ecad24a94149c71','','',0,'Earth',1,'Viola','Valentine',0,0,0,1,0,'2013-10-25 06:23:05',NULL,'81.196.41.118','en_EN'),(662,'mc2test1661@mc2test.com','af87fcbeabfbb5cda42663986fe1e2b3e5bcd6d2','9bb94e743298e7aecca37c43e8343e46','','',0,'Earth',1,'Miguel','Costa',0,0,0,1,0,'2013-10-25 06:23:05',NULL,'81.196.41.118','en_EN'),(663,'mc2test1660@mc2test.com','b102b4ea3fc163dfedea4e40839c22a5b730ee7e','a88cecd18362922d29774384e05f88e9','','',0,'Earth',1,'Andrea','Neal',0,0,0,1,0,'2013-10-25 06:23:05',NULL,'81.196.41.118','en_EN'),(664,'mc2test1663@mc2test.com','cc8d801f90ee141c3845ea6e189afb540a606a7a','4aeeb106223d48701d5d7a0df151ed5b','','',0,'Earth',1,'Christopher','Webb',0,0,0,1,0,'2013-10-25 06:23:05',NULL,'81.196.41.118','en_EN'),(665,'mc2test1662@mc2test.com','60cb22f2d0c6d86941e050f25d83f1c6505c554e','3b957204d7619e2ced0f4b0c8d2a0040','','',0,'Earth',1,'Loretta','Dunn',0,0,0,1,0,'2013-10-25 06:23:05',NULL,'81.196.41.118','en_EN'),(666,'mc2test1664@mc2test.com','8b84f5378fd850f7380a4fe65241b0f867dfb016','b2fefab06bddb38b27c5a149d9e5ea9e','','',0,'Earth',1,'Micheal','Calhoun',0,0,0,1,0,'2013-10-25 06:23:06',NULL,'81.196.41.118','en_EN'),(667,'mc2test1665@mc2test.com','b995823bbaede315000eb3f3972894a88f2d835f','169815c3efedc99bd69c05a60494ae78','','',0,'Earth',1,'Jean','Mckinney',0,0,0,1,0,'2013-10-25 06:23:06',NULL,'81.196.41.118','en_EN'),(668,'mc2test1666@mc2test.com','1b1a14be430376d6825c251130a1e9f9d47fc6e9','2b42a241a9ea7d9e441b7fe121840476','','',0,'Earth',1,'Willie','Cook',0,0,0,1,0,'2013-10-25 06:23:06',NULL,'81.196.41.118','en_EN'),(669,'mc2test1668@mc2test.com','36abdf7e2df82097ae6f66dc032cd1d889dd7433','90be50a42d63527432f3dd989c40abe2','','',0,'Earth',1,'Hugh','Wells',0,0,0,1,0,'2013-10-25 06:23:07',NULL,'81.196.41.118','en_EN'),(670,'mc2test1667@mc2test.com','ac7096e63031681fffd70e645a831d4cd894c070','da5e912220007b72b4023bf95990b1e5','','',0,'Earth',1,'Roland','Maddox',0,0,0,1,0,'2013-10-25 06:23:07',NULL,'81.196.41.118','en_EN'),(671,'mc2test1669@mc2test.com','bbbe4d3130a8445394405c544171141f997108d7','0e109c142ea2c0d696ea6c495d11dd49','','',0,'Earth',1,'Joyce','Barajas',0,0,0,1,0,'2013-10-25 06:23:08',NULL,'81.196.41.118','en_EN'),(672,'mc2test1670@mc2test.com','18750b30573120beda7268199f70e1ccdf1525b5','67a9b447a8703cb9aaf7d52f8be88ee4','','',0,'Earth',1,'Terrence','Watkins',0,0,0,1,0,'2013-10-25 06:23:08',NULL,'81.196.41.118','en_EN'),(673,'mc2test1672@mc2test.com','9b39d532c6ba8c8a0965ef56b8921e6a6ea0cc93','dca8f231136b184cab9c9b61339fffd1','','',0,'Earth',1,'Meredith','Weaver',0,0,0,1,0,'2013-10-25 06:23:08',NULL,'81.196.41.118','en_EN'),(674,'mc2test1671@mc2test.com','e56282c8758c5597aadcedfe7e68168a06552c41','ec251fd52a3596a7d2b84e1c9f7cd8ee','','',0,'Earth',1,'Juanita','May',0,0,0,1,0,'2013-10-25 06:23:09',NULL,'81.196.41.118','en_EN'),(675,'mc2test1673@mc2test.com','2b0121644718c67d94f0adb6b209f2a27914dbc2','35dbc152b044043967c305896e21be4d','','',0,'Earth',1,'Doreen','Dickson',0,0,0,1,0,'2013-10-25 06:23:09',NULL,'81.196.41.118','en_EN'),(676,'mc2test1674@mc2test.com','133546a095aa7f15e84d0f49fa265bf7020e713b','4009f74deacb992e6fdabd50c17c1b2d','','',0,'Earth',1,'Richard','Lynch',0,0,0,1,0,'2013-10-25 06:23:09',NULL,'81.196.41.118','en_EN'),(677,'mc2test1676@mc2test.com','0e02254bc8b9a586beffefd2a78839667f278c2c','02f517dae6f460765eed30077ae0256e','','',0,'Earth',1,'Erica','Baker',0,0,0,1,0,'2013-10-25 06:23:10',NULL,'81.196.41.118','en_EN'),(678,'mc2test1675@mc2test.com','1dcc972f8f41d392ad6542f72a175e995fa87f2f','9e3eda2ea9cf28366a4680586a727034','','',0,'Earth',1,'Molly','Yoder',0,0,0,1,0,'2013-10-25 06:23:10',NULL,'81.196.41.118','en_EN'),(679,'mc2test1677@mc2test.com','5673762d16be0c3f1a64d80b98be4a4d0e629f22','a7a74e0b4e6f8bb811b65168b8be8b30','','',0,'Earth',1,'Bobby','Gates',0,0,0,1,0,'2013-10-25 06:23:10',NULL,'81.196.41.118','en_EN'),(680,'mc2test1678@mc2test.com','001269ba743b98487c0d71aa736764bd71caf8aa','5ed102cebe4e80a13a06026159693e30','','',0,'Earth',1,'Steven','Saunders',0,0,0,1,0,'2013-10-25 06:23:10',NULL,'81.196.41.118','en_EN'),(681,'mc2test1679@mc2test.com','2ea08043709badd13c44b65b62fb0f0218a4c435','60fe1d4a13900a0e214993d70aa86c19','','',0,'Earth',1,'Sharon','Steele',0,0,0,1,0,'2013-10-25 06:23:11',NULL,'81.196.41.118','en_EN'),(682,'mc2test1681@mc2test.com','966f19a7725240492a80bb3dc941b12bcdb556c2','801b2d45c69ac0720f63803ce3b9cd33','','',0,'Earth',1,'Travis','White',0,0,0,1,0,'2013-10-25 06:23:11',NULL,'81.196.41.118','en_EN'),(683,'mc2test1682@mc2test.com','632e63c9cdfcaa84aad1ee3932c0584f2947b1d0','88b143f222964944b6cb2d0cf5dd218a','','',0,'Earth',1,'Leticia','Walker',0,0,0,1,0,'2013-10-25 06:23:11',NULL,'81.196.41.118','en_EN'),(684,'mc2test1680@mc2test.com','4728280d8ad3235e37e4ca622c4c38e9b3a023be','4f288cad78f669ff2d3779245e7d436a','','',0,'Earth',1,'Tina','Collins',0,0,0,1,0,'2013-10-25 06:23:11',NULL,'81.196.41.118','en_EN'),(685,'mc2test1683@mc2test.com','65f53ef191ba762f7a2d74d8918faaa2736d5231','2df1a32be979679974e147a93b6f8c6c','','',0,'Earth',1,'Cassandra','Charles',0,0,0,1,0,'2013-10-25 06:23:12',NULL,'81.196.41.118','en_EN'),(686,'mc2test1684@mc2test.com','61cb2c98924d11d9d491ef665efc76f5e5ecfc0d','a9ca4883cf153a21ff6bb328e0e4d5a3','','',0,'Earth',1,'Mable','Peck',0,0,0,1,0,'2013-10-25 06:23:12',NULL,'81.196.41.118','en_EN'),(687,'mc2test1685@mc2test.com','310c74def32d9545669de6b5ba3ed7e163d62189','9bdac0e2ab80d282ba6942d5855fb866','','',0,'Earth',1,'Estelle','Pineda',0,0,0,1,0,'2013-10-25 06:23:12',NULL,'81.196.41.118','en_EN'),(688,'mc2test1686@mc2test.com','88f3c784ef6ecaa41a5ceaa3714d5983c86edc97','5e6cf1552dfaade24d94a08fff48eea4','','',0,'Earth',1,'Thelma','Mccullough',0,0,0,1,0,'2013-10-25 06:23:13',NULL,'81.196.41.118','en_EN'),(689,'mc2test1687@mc2test.com','cd03d3fafcf87fb84c7a9e4ff185f90ea802e654','4f4aaeda1f8b670948480c3672b8f39e','','',0,'Earth',1,'Mario','Mccarthy',0,0,0,1,0,'2013-10-25 06:23:13',NULL,'81.196.41.118','en_EN'),(690,'mc2test1688@mc2test.com','20ee81d854dbcde75c0f609a000681421127e361','865e11d58b571934f43b537c4138ecd6','','',0,'Earth',1,'Kelley','Raymond',0,0,0,1,0,'2013-10-25 06:23:13',NULL,'81.196.41.118','en_EN'),(691,'mc2test1689@mc2test.com','fadd659e6eacbecbd4251cff1498e028a18c6d8b','3ee712e414a7ac18bd6c340477447e12','','',0,'Earth',1,'Allan','Poole',0,0,0,1,0,'2013-10-25 06:23:13',NULL,'81.196.41.118','en_EN'),(692,'mc2test1690@mc2test.com','032e9ec8d7cb8c0b89e80b496fa905f802753340','e6a2c7704efd74d23b5fe09adc9a77ed','','',0,'Earth',1,'Hazel','Beck',0,0,0,1,0,'2013-10-25 06:23:14',NULL,'81.196.41.118','en_EN'),(693,'mc2test1691@mc2test.com','01a85bf4492242cf32b6645230ed951d7a0c9bf7','ad1cf2782d9506a72cd939f827277773','','',0,'Earth',1,'Ora','Huber',0,0,0,1,0,'2013-10-25 06:23:14',NULL,'81.196.41.118','en_EN'),(694,'mc2test1692@mc2test.com','362b0b6f5ba147ac4ad623969a2a9680d4171a6c','f5803ff5bef997771c8cd37882ffb53a','','',0,'Earth',1,'Terry','Craig',0,0,0,1,0,'2013-10-25 06:23:14',NULL,'81.196.41.118','en_EN'),(695,'mc2test1693@mc2test.com','5a0b17432dfe79bf31fc519ad93a534220cc3c39','4d10f2237b58282da59982ee7e39f506','','',0,'Earth',1,'Lynn','Watts',0,0,0,1,0,'2013-10-25 06:23:15',NULL,'81.196.41.118','en_EN'),(696,'mc2test1694@mc2test.com','a27dd4d1b554a7f2815829b29bf1cbaf8c40e968','66afb6f967d9f8149965b99271e47335','','',0,'Earth',1,'Christie','Gilmore',0,0,0,1,0,'2013-10-25 06:23:15',NULL,'81.196.41.118','en_EN'),(697,'mc2test1695@mc2test.com','9f28198ebfb951cafa9c9c8ba0e2c929bb7b7744','1bacb8306d297fa79506cb45bd46b6f7','','',0,'Earth',1,'Irene','Mcclain',0,0,0,1,0,'2013-10-25 06:23:15',NULL,'81.196.41.118','en_EN'),(698,'mc2test1696@mc2test.com','1b28081a2553115b94230d6bf1b27804e5ee8abe','4ecda6f68b53b6f692e15c6c6bcc2bb5','','',0,'Earth',1,'Alexandra','Bass',0,0,0,1,0,'2013-10-25 06:23:16',NULL,'81.196.41.118','en_EN'),(699,'mc2test1697@mc2test.com','c3d369c9f436c38a7ea3939fda471a1c619c507c','c6ce05803920e463e49f541f67023332','','',0,'Earth',1,'Melody','Park',0,0,0,1,0,'2013-10-25 06:23:16',NULL,'81.196.41.118','en_EN'),(700,'mc2test1698@mc2test.com','b762eab4404d66e1a359ee9299afad367c37e2ad','ba941e0d5164479124e86426cd9b389a','','',0,'Earth',1,'Annette','Barrett',0,0,0,1,0,'2013-10-25 06:23:17',NULL,'81.196.41.118','en_EN'),(701,'mc2test1700@mc2test.com','1d404c0ceead33ceee8a70002de5a835c05bd060','566385003264f0ef27ec026daf3fe374','','',0,'Earth',1,'Jessie','Atkinson',0,0,0,1,0,'2013-10-25 06:23:17',NULL,'81.196.41.118','en_EN'),(702,'mc2test1699@mc2test.com','d9d7139c597aac825476b2fbe3692f03153d9385','9d12c6303c8a1a7d052c6dc72bbf95eb','','',0,'Earth',1,'Glen','Parsons',0,0,0,1,0,'2013-10-25 06:23:17',NULL,'81.196.41.118','en_EN'),(703,'mc2test1701@mc2test.com','c0e08768d38d5af7f828d677911e269a70a5d642','00417c2b0a569aec3ffe6c514903708e','','',0,'Earth',1,'Bobby','Herrera',0,0,0,1,0,'2013-10-25 06:23:17',NULL,'81.196.41.118','en_EN'),(704,'mc2test1703@mc2test.com','c6edee3a270b250a44083234744f1f0d28c88e9d','14f7137f525987a557780ecba57f8a08','','',0,'Earth',1,'Vivian','Silva',0,0,0,1,0,'2013-10-25 06:23:18',NULL,'81.196.41.118','en_EN'),(705,'mc2test1702@mc2test.com','48c41f337e952b74eff07f3825cbe323065722d1','e787ad47aa908b7e9da59c95f8926322','','',0,'Earth',1,'Alice','Padilla',0,0,0,1,0,'2013-10-25 06:23:18',NULL,'81.196.41.118','en_EN'),(706,'mc2test1704@mc2test.com','5472c678ee782877a6dfd7c5c2349de55463bde7','ebc1a291770a6a38d08c0305d25772d5','','',0,'Earth',1,'Harvey','Hood',0,0,0,1,0,'2013-10-25 06:23:18',NULL,'81.196.41.118','en_EN'),(707,'mc2test1706@mc2test.com','684d647d2212ef25d43b71a79bc50e16deb776dd','261c4efe06af2e6c7d757fda830c9d7a','','',0,'Earth',1,'Kellie','Werner',0,0,0,1,0,'2013-10-25 06:23:18',NULL,'81.196.41.118','en_EN'),(708,'mc2test1705@mc2test.com','98732306a14c2749931cdffc1c82e646d063dbad','0973cdd2224086f56c0f7f40c4bb5509','','',0,'Earth',1,'Albert','Gross',0,0,0,1,0,'2013-10-25 06:23:19',NULL,'81.196.41.118','en_EN'),(709,'mc2test1707@mc2test.com','1f435f4fd81520a29d3c8877d8e9e4fdce89f8fd','f046bd397cc88c909de455138ce56bc3','','',0,'Earth',1,'Eula','Trujillo',0,0,0,1,0,'2013-10-25 06:23:19',NULL,'81.196.41.118','en_EN'),(710,'mc2test1708@mc2test.com','7de74c00ee74c416950e4a6d80ced7100ec45311','f24af81f2ce2e83fceeae87b475189c9','','',0,'Earth',1,'Joann','Brewer',0,0,0,1,0,'2013-10-25 06:23:19',NULL,'81.196.41.118','en_EN'),(711,'mc2test1709@mc2test.com','cf332ee4a9de6a145c780005c865b0c2c413e406','7e6c2cc9f61b37f8cdbc36624ee49523','','',0,'Earth',1,'Keith','Tanner',0,0,0,1,0,'2013-10-25 06:23:20',NULL,'81.196.41.118','en_EN'),(712,'mc2test1710@mc2test.com','c3f814b46ec6499e8099292a8c7ffee1996f0324','f2c447a2df6b4fc90e2a1390eea5cdb5','','',0,'Earth',1,'Daniel','Mcneil',0,0,0,1,0,'2013-10-25 06:23:20',NULL,'81.196.41.118','en_EN'),(713,'mc2test1712@mc2test.com','4d2d1c4e75e097ed581d5ba836757e2251e718b1','c5f56f3f577f48913d4890cfd9af573f','','',0,'Earth',1,'Dianna','Lucero',0,0,0,1,0,'2013-10-25 06:23:21',NULL,'81.196.41.118','en_EN'),(714,'mc2test1711@mc2test.com','946143d38ec3ee8a030234ab05c6fc57dd46294c','c33dfc78526b9776902200cdae3667c8','','',0,'Earth',1,'Ernest','Decker',0,0,0,1,0,'2013-10-25 06:23:21',NULL,'81.196.41.118','en_EN'),(715,'mc2test1713@mc2test.com','54fd1f9ae22b75079f3563c9af11b47d10f6c3a1','4907d8b82b728f87e173fe82fb603352','','',0,'Earth',1,'Lorene','David',0,0,0,1,0,'2013-10-25 06:23:21',NULL,'81.196.41.118','en_EN'),(716,'mc2test1714@mc2test.com','1c67aba6a8f9c323e502b379a9f76ba4024f5f3b','33da7100a7ac582ba3195e13e690d341','','',0,'Earth',1,'Sherri','Webster',0,0,0,1,0,'2013-10-25 06:23:21',NULL,'81.196.41.118','en_EN'),(717,'mc2test1715@mc2test.com','1a88c93ea4e4b7985f824c8ffbc6d4c20ee11df4','47016a17c57362919c36d81e713bce6c','','',0,'Earth',1,'Wayne','Cole',0,0,0,1,0,'2013-10-25 06:23:22',NULL,'81.196.41.118','en_EN'),(718,'mc2test1716@mc2test.com','122b6b03a240312d6f30d2bc47737f28d512af94','f84e364d9f202e305855caf8b5dac48f','','',0,'Earth',1,'Norma','Santiago',0,0,0,1,0,'2013-10-25 06:23:22',NULL,'81.196.41.118','en_EN'),(719,'mc2test1717@mc2test.com','1923353faf7a6b6b06aa8b6def5a13cc04f89a46','355bd325a8f03ba280399ae67bba09e5','','',0,'Earth',1,'Tiffany','Wagner',0,0,0,1,0,'2013-10-25 06:23:22',NULL,'81.196.41.118','en_EN'),(720,'mc2test1718@mc2test.com','818e8eddc6140690d14f8fb9db11fd0dd584d771','c3309ee6dede14bfe9dddedf9b57d312','','',0,'Earth',1,'Roxanne','Wood',0,0,0,1,0,'2013-10-25 06:23:23',NULL,'81.196.41.118','en_EN'),(721,'mc2test1719@mc2test.com','6d332a50b76be34398893bcbbc7d1d3d0fbd5ab9','ae2dd25c112d138acb35b7b51ec4b484','','',0,'Earth',1,'Eileen','Gallegos',0,0,0,1,0,'2013-10-25 06:23:23',NULL,'81.196.41.118','en_EN'),(722,'mc2test1720@mc2test.com','630af2073f2d99480747a1a6911de507d0204fe2','2193d97bc5b97a9349771de47b2006e8','','',0,'Earth',1,'Justin','Bradford',0,0,0,1,0,'2013-10-25 06:23:23',NULL,'81.196.41.118','en_EN'),(723,'mc2test1722@mc2test.com','5b071d2866a1314c71971a8269a3a22fc286327b','c12c24fc957b06c900bf7c6d8ad58fce','','',0,'Earth',1,'Jacqueline','Owen',0,0,0,1,0,'2013-10-25 06:23:24',NULL,'81.196.41.118','en_EN'),(724,'mc2test1721@mc2test.com','60dec1b5e3b90f903645b9fce028b21bb2dd1237','ca76312fae9a3d8d9baa413be4e4232b','','',0,'Earth',1,'Sheri','Mckay',0,0,0,1,0,'2013-10-25 06:23:24',NULL,'81.196.41.118','en_EN'),(725,'mc2test1723@mc2test.com','113060e4f511779cfabda4462d70f0174a5912eb','5f000a416d7a79c80862a2346381ec1d','','',0,'Earth',1,'Priscilla','Proctor',0,0,0,1,0,'2013-10-25 06:23:24',NULL,'81.196.41.118','en_EN'),(726,'mc2test1724@mc2test.com','6ebd622a20ccb0cea8a7271b4b3571e8f3d07c17','65d235c71053501a9ad919f6dde97102','','',0,'Earth',1,'Monica','Cortez',0,0,0,1,0,'2013-10-25 06:23:24',NULL,'81.196.41.118','en_EN'),(727,'mc2test1725@mc2test.com','60067c0c131e0310159f892377dd2e001334674c','b604af44c12c0e58eff201d67f0dcd67','','',0,'Earth',1,'Rochelle','Walters',0,0,0,1,0,'2013-10-25 06:23:25',NULL,'81.196.41.118','en_EN'),(728,'mc2test1726@mc2test.com','1d232b5863410959782ee0488247fe56af3b21c9','f9f5d630c45ceaec986bd91308e49bb7','','',0,'Earth',1,'Richard','Mercado',0,0,0,1,0,'2013-10-25 06:23:25',NULL,'81.196.41.118','en_EN'),(729,'mc2test1727@mc2test.com','fa3430ee0b2b6042dbd12ddeaa756f6c434ac7a1','d20bd30bcd2481c5fdfdc9b646cd0417','','',0,'Earth',1,'Lillian','Reese',0,0,0,1,0,'2013-10-25 06:23:25',NULL,'81.196.41.118','en_EN'),(730,'mc2test1728@mc2test.com','6481631a6610253b7c476849c8687c5569de5eaa','97c58fc65e81f136658ddf26c9db80b4','','',0,'Earth',1,'Miranda','Mooney',0,0,0,1,0,'2013-10-25 06:23:26',NULL,'81.196.41.118','en_EN'),(731,'mc2test1729@mc2test.com','ff8eb2124cb70a57242cf099dbab369205929f94','2b251b83bfbb88f4c3a41c03c2379bbb','','',0,'Earth',1,'Winifred','Brewer',0,0,0,1,0,'2013-10-25 06:23:26',NULL,'81.196.41.118','en_EN'),(732,'mc2test1730@mc2test.com','bb05b2d762059125bfe9cd578e0ac95a26b876ff','217936af0a3d684ece9b12fcd92fabc3','','',0,'Earth',1,'Sean','Mata',0,0,0,1,0,'2013-10-25 06:23:26',NULL,'81.196.41.118','en_EN'),(733,'mc2test1731@mc2test.com','1c357496427c17f2b7a416c16164fad5e0b5f19c','3106697a1b4310d4efa0fa0610a736b4','','',0,'Earth',1,'Gloria','Chang',0,0,0,1,0,'2013-10-25 06:23:26',NULL,'81.196.41.118','en_EN'),(734,'mc2test1732@mc2test.com','44a8df0287fa090473b45c1487f66d2f06c1aacb','b3a7b67b294106f4277cf8f101861925','','',0,'Earth',1,'Wade','Francis',0,0,0,1,0,'2013-10-25 06:23:27',NULL,'81.196.41.118','en_EN'),(735,'mc2test1733@mc2test.com','1a1e7df20728ad075e01d732142030707003e7bf','a9cf1bcd356606e393febbfdcda3f286','','',0,'Earth',1,'Silvia','Parker',0,0,0,1,0,'2013-10-25 06:23:27',NULL,'81.196.41.118','en_EN'),(736,'mc2test1734@mc2test.com','d61cd2a2ae8da459af4c3fdf0d34bdb05eb5792e','aee8af19946badeec094a2e62fe9e4e1','','',0,'Earth',1,'Lois','Baird',0,0,0,1,0,'2013-10-25 06:23:27',NULL,'81.196.41.118','en_EN'),(737,'mc2test1735@mc2test.com','ff7e63c2e32081efef246dd25cf89f4b6b66e9d2','846020a85604f93e5097c88b88bbb1f0','','',0,'Earth',1,'Mitchell','Smith',0,0,0,1,0,'2013-10-25 06:23:28',NULL,'81.196.41.118','en_EN'),(738,'mc2test1736@mc2test.com','cf1bd9cb49db4a93225cecc7a3e19d2c89038201','09c66bbac61886ea925554951b3c3112','','',0,'Earth',1,'Tracy','Chambers',0,0,0,1,0,'2013-10-25 06:23:28',NULL,'81.196.41.118','en_EN'),(739,'mc2test1737@mc2test.com','1b1b05e7d87df36f45dc2bce453228cbfa8249d6','ab543652ae920444ebdc3a9925f1e7f1','','',0,'Earth',1,'Hope','Hancock',0,0,0,1,0,'2013-10-25 06:23:28',NULL,'81.196.41.118','en_EN'),(740,'mc2test1738@mc2test.com','a1a109fa95d3d84c11e613a1f769ffa0c7dc665a','bd9f77616fdbe56543462bc878057cf8','','',0,'Earth',1,'Mona','Bridges',0,0,0,1,0,'2013-10-25 06:23:28',NULL,'81.196.41.118','en_EN'),(741,'mc2test1740@mc2test.com','31840fb55d14e3c14ed7aa17c126867ca91751f7','821ead7de6a36a19ca48ebef275c97d8','','',0,'Earth',1,'Melvin','Rivers',0,0,0,1,0,'2013-10-25 06:23:29',NULL,'81.196.41.118','en_EN'),(742,'mc2test1739@mc2test.com','b8e7b18267ee9526f51ea1aad7b23be3e313fb13','7fd62be46977ccb435d55faa6e3ecebf','','',0,'Earth',1,'Lewis','Higgins',0,0,0,1,0,'2013-10-25 06:23:29',NULL,'81.196.41.118','en_EN'),(743,'mc2test1742@mc2test.com','d67460325ed71eae3cf07e6c733f80c3f836d2dd','425ebb92598308ae9b7bdc5489e8929e','','',0,'Earth',1,'Marcia','Barton',0,0,0,1,0,'2013-10-25 06:23:30',NULL,'81.196.41.118','en_EN'),(744,'mc2test1741@mc2test.com','e4f6e8b95f85ec1b9b362ff3d5004a70bcff5ae5','c4786e01c3e6e62c6fdd7011f996877d','','',0,'Earth',1,'Todd','Maxwell',0,0,0,1,0,'2013-10-25 06:23:30',NULL,'81.196.41.118','en_EN'),(745,'mc2test1743@mc2test.com','f640f9b91cff9785061ad2a1c0d84bb476c90d56','3967447ca912e9b56df5b7dbfe97c5e0','','',0,'Earth',1,'Adam','Vazquez',0,0,0,1,0,'2013-10-25 06:23:30',NULL,'81.196.41.118','en_EN'),(746,'mc2test1744@mc2test.com','a5eb6e89f0191a2f7b42d6d1181d9b5495bfedd8','cea006aa0efb41480c76a3ea16a4369a','','',0,'Earth',1,'Jesse','Forbes',0,0,0,1,0,'2013-10-25 06:23:30',NULL,'81.196.41.118','en_EN'),(747,'mc2test1745@mc2test.com','8cefde26f5d71beebfcff9e3e9de423b204e47a6','f45ea003d3cfbfdfbf2f596553544eb6','','',0,'Earth',1,'Isaac','Wheeler',0,0,0,1,0,'2013-10-25 06:23:30',NULL,'81.196.41.118','en_EN'),(748,'mc2test1747@mc2test.com','b35065ebfe59fafba988d748fb33cb8334fa4562','474fdcc9e1225085e1af939406888d07','','',0,'Earth',1,'Angel','Pitts',0,0,0,1,0,'2013-10-25 06:23:31',NULL,'81.196.41.118','en_EN'),(749,'mc2test1746@mc2test.com','390f4d504b633c2d9424b92758590145b5eab746','71a9e629facc8656037b0bd2482c4133','','',0,'Earth',1,'Meredith','Ware',0,0,0,1,0,'2013-10-25 06:23:31',NULL,'81.196.41.118','en_EN'),(750,'mc2test1748@mc2test.com','203ce71fe88c1e23e15f20186f8e6372d82b19fe','b6f2ce3fa16b76ebfbe73895daecd32d','','',0,'Earth',1,'Johnnie','Randolph',0,0,0,1,0,'2013-10-25 06:23:32',NULL,'81.196.41.118','en_EN'),(751,'mc2test1749@mc2test.com','c936e5b601c40adf219d0c69a74aee4898d96b6b','03d1d35ae8a45ee8ef1e4252fccedfaf','','',0,'Earth',1,'Veronica','Raymond',0,0,0,1,0,'2013-10-25 06:23:32',NULL,'81.196.41.118','en_EN'),(752,'mc2test1750@mc2test.com','3c4b840c5b304323a37b4dd37706b978e8597051','6c080147d112b30803d618b5d930d22f','','',0,'Earth',1,'Howard','Wood',0,0,0,1,0,'2013-10-25 06:23:32',NULL,'81.196.41.118','en_EN'),(753,'mc2test1751@mc2test.com','fc6f4b7277a94f9be3efed526ef7ef9ba0386bd8','080d99f499a1fd246a26325dd728c101','','',0,'Earth',1,'Luz','Levine',0,0,0,1,0,'2013-10-25 06:23:32',NULL,'81.196.41.118','en_EN'),(754,'mc2test1752@mc2test.com','f4e610a0644978e6049b0ca0e6da3e15004f5f65','9023a130b6bb4f9c7cf71cb7878fe532','','',0,'Earth',1,'Cassandra','Obrien',0,0,0,1,0,'2013-10-25 06:23:33',NULL,'81.196.41.118','en_EN'),(755,'mc2test1753@mc2test.com','6ea44e43ada1a35a9b49ee2fc24faff4501b15c0','30fceee953a46a5148378dad254a1dbc','','',0,'Earth',1,'Walter','Frank',0,0,0,1,0,'2013-10-25 06:23:33',NULL,'81.196.41.118','en_EN'),(756,'mc2test1754@mc2test.com','b9c680f7ddec0972984cc5eee9a1b308173093ee','609a205c8e01175f22b3918d1bb53c84','','',0,'Earth',1,'Melba','Carson',0,0,0,1,0,'2013-10-25 06:23:33',NULL,'81.196.41.118','en_EN'),(757,'mc2test1755@mc2test.com','537acccd7a378bdc3fbe868149f86798ae8194b5','8a40339ac627eae7c1759b797d442fe0','','',0,'Earth',1,'Jamie','Charles',0,0,0,1,0,'2013-10-25 06:23:34',NULL,'81.196.41.118','en_EN'),(758,'mc2test1756@mc2test.com','4b5c449033ca267d375cb7b1949607903cb32ac2','ca32b6f427418f1e640d991315862d61','','',0,'Earth',1,'Valerie','Rojas',0,0,0,1,0,'2013-10-25 06:23:34',NULL,'81.196.41.118','en_EN'),(759,'mc2test1757@mc2test.com','b516b3f9abfcfced5a290759b9fbb91ba198e16e','5f52fb21491a3428d42ef35937879e75','','',0,'Earth',1,'Delores','Henderson',0,0,0,1,0,'2013-10-25 06:23:34',NULL,'81.196.41.118','en_EN'),(760,'mc2test1758@mc2test.com','9042faa0b604b26a81c6c3c0cfa4ee52c51b47a1','28caf494079cc7e716f7eafea8711ad1','','',0,'Earth',1,'Christopher','Adkins',0,0,0,1,0,'2013-10-25 06:23:34',NULL,'81.196.41.118','en_EN'),(761,'mc2test1760@mc2test.com','6f634e8f82f8eda08295e2927165ca34a5625739','b0925b0592afb11a61327d0152874e37','','',0,'Earth',1,'Kate','Castillo',0,0,0,1,0,'2013-10-25 06:23:35',NULL,'81.196.41.118','en_EN'),(762,'mc2test1759@mc2test.com','5c7ba200626920488eab8068ad47981dba8606ef','b32bdd58fab560c69085c499cc990b5e','','',0,'Earth',1,'Betty','Tucker',0,0,0,1,0,'2013-10-25 06:23:35',NULL,'81.196.41.118','en_EN'),(763,'mc2test1761@mc2test.com','35efa5e63754ae4789525af6222cf119cbcdba63','481dd363aa7efcd23c3552fb13a1ec78','','',0,'Earth',1,'Juan','Reilly',0,0,0,1,0,'2013-10-25 06:23:35',NULL,'81.196.41.118','en_EN'),(764,'mc2test1762@mc2test.com','769c54e8c5ffdbd517b2039a27e335869fc483bf','e2d4354eda6564b08260ce3faec9b759','','',0,'Earth',1,'Francis','Johnson',0,0,0,1,0,'2013-10-25 06:23:36',NULL,'81.196.41.118','en_EN'),(765,'mc2test1763@mc2test.com','318e8cdd8179826b9c13b87f94af92a0c72bcddb','443fceed016692c8410d3e00cdf80071','','',0,'Earth',1,'Lucille','Mcneil',0,0,0,1,0,'2013-10-25 06:23:36',NULL,'81.196.41.118','en_EN'),(766,'mc2test1764@mc2test.com','7057fddf869cd11352382fe6b874534f82a4c588','fc0011f9fbd50ffb82ca399194d77471','','',0,'Earth',1,'Javier','Stephens',0,0,0,1,0,'2013-10-25 06:23:36',NULL,'81.196.41.118','en_EN'),(767,'mc2test1765@mc2test.com','adcca1e44395758728b3811a39c55a3528487b5a','079d7038ce67fddbdedb5165f17b8384','','',0,'Earth',1,'Dustin','Matthews',0,0,0,1,0,'2013-10-25 06:23:36',NULL,'81.196.41.118','en_EN'),(768,'mc2test1766@mc2test.com','b9ff0f84b64c617e89ef4528ef0cbeda08cbd029','b58be0f2ee48db809c3c4fbbad98912b','','',0,'Earth',1,'Iris','Waller',0,0,0,1,0,'2013-10-25 06:23:36',NULL,'81.196.41.118','en_EN'),(769,'mc2test1768@mc2test.com','36ac8b91a6a06bec1be20e2837213068999579ae','d24162930f4d201ec7d94d98a63ef438','','',0,'Earth',1,'Billie','Weaver',0,0,0,1,0,'2013-10-25 06:23:37',NULL,'81.196.41.118','en_EN'),(770,'mc2test1767@mc2test.com','98b27dfebee74522a9fdb6bdd0eb9f036ea53f13','9113b428e435d3fada397e5a39deb8c0','','',0,'Earth',1,'Laurie','Sloan',0,0,0,1,0,'2013-10-25 06:23:37',NULL,'81.196.41.118','en_EN'),(771,'mc2test1769@mc2test.com','9ecd5d3e68e204d6de4689246a09dabc8c0e2bd9','51bbef5073c343ed6bd31a3122de71e3','','',0,'Earth',1,'Renee','Rodriguez',0,0,0,1,0,'2013-10-25 06:23:38',NULL,'81.196.41.118','en_EN'),(772,'mc2test1770@mc2test.com','a20793f98c738b33582318d680813978bc704b27','94fec162da27eb0e5c9566239a694aaf','','',0,'Earth',1,'Sam','Bryan',0,0,0,1,0,'2013-10-25 06:23:38',NULL,'81.196.41.118','en_EN'),(773,'mc2test1771@mc2test.com','24c5ccc48726b8cb3da99300422e9c6c5d7d1fff','4b9e9aaa26567b5868ddbebc267db638','','',0,'Earth',1,'Vera','Snow',0,0,0,1,0,'2013-10-25 06:23:38',NULL,'81.196.41.118','en_EN'),(774,'mc2test1772@mc2test.com','b3c20fda8abed079a7e4a0c8a61ed96dd0f9de77','c0e2baa7066147045f3d94c0ab3dbd2f','','',0,'Earth',1,'Claire','Lara',0,0,0,1,0,'2013-10-25 06:23:38',NULL,'81.196.41.118','en_EN'),(775,'mc2test1773@mc2test.com','e7b36cf4821d9b48e305892c16de152d35087ecc','5eabe9eedaa2d6382c39638c50f2bbd7','','',0,'Earth',1,'Benjamin','Mendoza',0,0,0,1,0,'2013-10-25 06:23:39',NULL,'81.196.41.118','en_EN'),(776,'mc2test1774@mc2test.com','ced4311138f1c492e6ff36e7cb0ba5a0d6207f79','c0af6796bdcfbfa9b25abe31acceadbb','','',0,'Earth',1,'Ryan','Tran',0,0,0,1,0,'2013-10-25 06:23:39',NULL,'81.196.41.118','en_EN'),(777,'mc2test1775@mc2test.com','fee386b0f5515bc00def02583f8ee49116429f2a','1daa7d3d2f3b01359db1209159d8d4ed','','',0,'Earth',1,'Lillie','Drake',0,0,0,1,0,'2013-10-25 06:23:39',NULL,'81.196.41.118','en_EN'),(778,'mc2test1776@mc2test.com','0f19113ef3618aa5065faaa073e8c900f3ec3434','7e977775f3e09753dafc2fad050dc06e','','',0,'Earth',1,'Melba','Chan',0,0,0,1,0,'2013-10-25 06:23:40',NULL,'81.196.41.118','en_EN'),(779,'mc2test1777@mc2test.com','a8878535631f592bfd817e0fa99730befb8cebe8','981dfad438f4d65b2ee421665b02bb59','','',0,'Earth',1,'Shelly','Moses',0,0,0,1,0,'2013-10-25 06:23:40',NULL,'81.196.41.118','en_EN'),(780,'mc2test1778@mc2test.com','e512257eff50bcb3a70e0ea33bdb63c5b78d94c8','7b74bf6116c8f61aa8193a8ada76eb32','','',0,'Earth',1,'Carmen','Mcmahon',0,0,0,1,0,'2013-10-25 06:23:40',NULL,'81.196.41.118','en_EN'),(781,'mc2test1779@mc2test.com','2158e6f069c86d29590949bf1b3ed246fa9c3880','4aabe25a5a5bdb94c8db269aa91f21a5','','',0,'Earth',1,'Kristi','Allen',0,0,0,1,0,'2013-10-25 06:23:41',NULL,'81.196.41.118','en_EN'),(782,'mc2test1781@mc2test.com','5a64428865c58fe9a27aa863c48ae77b0d83eaba','e76c7039b38ba1b683282358d9f84e2c','','',0,'Earth',1,'Martin','Richards',0,0,0,1,0,'2013-10-25 06:23:41',NULL,'81.196.41.118','en_EN'),(783,'mc2test1782@mc2test.com','a96afa3e3cd64e3fe44065af84019b0dfe512796','c71cad49207012fb73d8a4f8326c2e7a','','',0,'Earth',1,'Alice','Young',0,0,0,1,0,'2013-10-25 06:23:42',NULL,'81.196.41.118','en_EN'),(784,'mc2test1780@mc2test.com','1a9f632d99119b5d64633f5672d6f65b637cd70c','2d06aa4c4cd49755e5e301f3a8d98175','','',0,'Earth',1,'Renee','Copeland',0,0,0,1,0,'2013-10-25 06:23:42',NULL,'81.196.41.118','en_EN'),(785,'mc2test1783@mc2test.com','737fc5720a07c0c87451ae4e22d436f85b47ba5c','ef90c7b43ea94080016e6e23145c424b','','',0,'Earth',1,'Nicholas','Cummings',0,0,0,1,0,'2013-10-25 06:23:42',NULL,'81.196.41.118','en_EN'),(786,'mc2test1784@mc2test.com','6de8d4d8f98fc5fee911410793aa66ef104f48ae','e1a2d3a02e14d97d825ca23110a18911','','',0,'Earth',1,'Virgil','Fitzgerald',0,0,0,1,0,'2013-10-25 06:23:42',NULL,'81.196.41.118','en_EN'),(787,'mc2test1785@mc2test.com','322314c71fddd16d95c29d3a51988079d5d0c5e1','0432bfd3c098811d37418893a716e154','','',0,'Earth',1,'Todd','Young',0,0,0,1,0,'2013-10-25 06:23:42',NULL,'81.196.41.118','en_EN'),(788,'mc2test1786@mc2test.com','3c1700b8dfd31fe239931da7d16561ec48c3d55e','4cc10575eab9ce8244f1dd96eb4ff9ec','','',0,'Earth',1,'Marcella','Meyers',0,0,0,1,0,'2013-10-25 06:23:43',NULL,'81.196.41.118','en_EN'),(789,'mc2test1787@mc2test.com','25c8808c77b74dbd647f2bc3bf2d8c36d74f2e5d','1206eae7df8a8f4023759a54defce80c','','',0,'Earth',1,'Josefina','Larsen',0,0,0,1,0,'2013-10-25 06:23:43',NULL,'81.196.41.118','en_EN'),(790,'mc2test1789@mc2test.com','c8824b9c53673ad750a1a1ade83b7354d1792cf7','aaff33f5ef579b242c4821cfc6515275','','',0,'Earth',1,'Andrew','Gibson',0,0,0,1,0,'2013-10-25 06:23:44',NULL,'81.196.41.118','en_EN'),(791,'mc2test1788@mc2test.com','dbc48c89444204e6da7c61a6e34ddb0160aac862','a673c572d6919363e6018eefcd0b332d','','',0,'Earth',1,'Tabitha','Ryan',0,0,0,1,0,'2013-10-25 06:23:44',NULL,'81.196.41.118','en_EN'),(792,'mc2test1790@mc2test.com','93935be8a2f72b406d8fde21fcf9a2f290e2d200','a3616a36f9e1280c04b9c2651582f092','','',0,'Earth',1,'Annie','Robles',0,0,0,1,0,'2013-10-25 06:23:44',NULL,'81.196.41.118','en_EN'),(793,'mc2test1791@mc2test.com','c75472211ef8be63ace5999572ced520ca25607f','c14cd9452587f00b2abb8dcf5c280f86','','',0,'Earth',1,'Charlotte','Mullins',0,0,0,1,0,'2013-10-25 06:23:44',NULL,'81.196.41.118','en_EN'),(794,'mc2test1793@mc2test.com','6d652fa25be7b0843f11954b6a9cb8ddb8cd6fbd','1b4837765abd52b9cb72ed7941826378','','',0,'Earth',1,'Darryl','Sharp',0,0,0,1,0,'2013-10-25 06:23:45',NULL,'81.196.41.118','en_EN'),(795,'mc2test1792@mc2test.com','fb2dd0246190f815645135949b188f048a743a4d','44eae93bc7fc30ddf6f42419d0414ecf','','',0,'Earth',1,'Ray','Crane',0,0,0,1,0,'2013-10-25 06:23:45',NULL,'81.196.41.118','en_EN'),(796,'mc2test1794@mc2test.com','301170df17149367d7c3e04aa56d0e151b6a9b1d','c5b1228162d23689ac382b00db68ec8e','','',0,'Earth',1,'Charlie','Church',0,0,0,1,0,'2013-10-25 06:23:46',NULL,'81.196.41.118','en_EN'),(797,'mc2test1795@mc2test.com','b0865e0e452824abede192ab6adce389f98c0756','d35b37b97b8031bc55c1993fffb28bbf','','',0,'Earth',1,'Adrienne','Schwartz',0,0,0,1,0,'2013-10-25 06:23:46',NULL,'81.196.41.118','en_EN'),(798,'mc2test1797@mc2test.com','2a1216a0e23dd811936990254c79fff50301250f','4d1f20bd81f88c5ec55d6e4e5c2d9483','','',0,'Earth',1,'Willie','Camacho',0,0,0,1,0,'2013-10-25 06:23:46',NULL,'81.196.41.118','en_EN'),(799,'mc2test1796@mc2test.com','d9b33c4fb5d53671c14832aa06c36a1f75af28f2','9d0a8b99933ae1197cdb5408db82fc5b','','',0,'Earth',1,'Freda','Gutierrez',0,0,0,1,0,'2013-10-25 06:23:47',NULL,'81.196.41.118','en_EN'),(800,'mc2test1798@mc2test.com','18b37f42829f7946290cef851e1fccc92629d4fe','c2e5336c78bd31751d8fb2e4ce0d364d','','',0,'Earth',1,'Elvira','Pruitt',0,0,0,1,0,'2013-10-25 06:23:47',NULL,'81.196.41.118','en_EN'),(801,'mc2test1799@mc2test.com','f048018b603116ab749addce5e4def4fd44caf8b','ca4b55bc744f0e60fbcf9db8558eee54','','',0,'Earth',1,'Craig','Orr',0,0,0,1,0,'2013-10-25 06:23:47',NULL,'81.196.41.118','en_EN'),(802,'mc2test1800@mc2test.com','df72e04fb5957f3e3aad7d87853f1d9be91baaba','c5b68a4b36a0875f2f89c497ccb67aa3','','',0,'Earth',1,'Paula','Flores',0,0,0,1,0,'2013-10-25 06:23:47',NULL,'81.196.41.118','en_EN'),(803,'mc2test1801@mc2test.com','af66a5cf02dab8b51bbdb4474a2addcf4751bdc7','70cc577ed75cb5f4ad5bb8da39a1fcf1','','',0,'Earth',1,'Henry','Simpson',0,0,0,1,0,'2013-10-25 06:23:48',NULL,'81.196.41.118','en_EN'),(804,'mc2test1802@mc2test.com','7d9da9ad42b989af568fb2833c6ba810d15b860c','73e70071ab2c5ae89408ca7a1e201512','','',0,'Earth',1,'Sarah','Shepherd',0,0,0,1,0,'2013-10-25 06:23:48',NULL,'81.196.41.118','en_EN'),(805,'mc2test1804@mc2test.com','1b61bf2343bde8265544dfb030e5f6703983e0d0','e4d2d0b3dba8509d359083e188e3f954','','',0,'Earth',1,'Mae','Nunez',0,0,0,1,0,'2013-10-25 06:23:48',NULL,'81.196.41.118','en_EN'),(806,'mc2test1803@mc2test.com','a7136dace9a2f2118a1541e5c2bc2d8a487edee2','a74b2d929a0c607aecffebb44b6865eb','','',0,'Earth',1,'William','Houston',0,0,0,1,0,'2013-10-25 06:23:48',NULL,'81.196.41.118','en_EN'),(807,'mc2test1806@mc2test.com','5f71ef4d88f38d8e03609c361044eaaf25047f5d','41e581840994400d0cb819ef8b82977a','','',0,'Earth',1,'Deanna','Wilkinson',0,0,0,1,0,'2013-10-25 06:23:49',NULL,'81.196.41.118','en_EN'),(808,'mc2test1805@mc2test.com','9fd91da4b6864e9432bfb79f27a1721d14ea628d','59e37c249c4a1f2a9516b822a6830932','','',0,'Earth',1,'Corey','Foley',0,0,0,1,0,'2013-10-25 06:23:49',NULL,'81.196.41.118','en_EN'),(809,'mc2test1807@mc2test.com','255d9f35c8edf87848635f16c1610c358aba2146','049a520ad277ca973fc87dfd8eacaf05','','',0,'Earth',1,'Mona','Hendricks',0,0,0,1,0,'2013-10-25 06:23:49',NULL,'81.196.41.118','en_EN'),(810,'mc2test1809@mc2test.com','22dd5e5bcd9b9e321e74e4cbbbcd0b92c0b33f37','553423d94f9824f996ebeab103a2101c','','',0,'Earth',1,'Harold','Macias',0,0,0,1,0,'2013-10-25 06:23:49',NULL,'81.196.41.118','en_EN'),(811,'mc2test1808@mc2test.com','9f78d7c1e483de66bb26f03409c1e48f2ffd4ac3','bf1478748865d261dec2f403a387ebc7','','',0,'Earth',1,'Silvia','Strickland',0,0,0,1,0,'2013-10-25 06:23:50',NULL,'81.196.41.118','en_EN'),(812,'mc2test1810@mc2test.com','cdf2edaaab02494172c318602a3f6e07709ebd16','2b5d71cae798b05ca12b871c89bbe69e','','',0,'Earth',1,'Chris','Wheeler',0,0,0,1,0,'2013-10-25 06:23:50',NULL,'81.196.41.118','en_EN'),(813,'mc2test1811@mc2test.com','19535429409b43f3d7815deb8c13ee1a0917a2d8','794b152f44de39f5b2e8efb3fd1a4da0','','',0,'Earth',1,'Elsa','Ellis',0,0,0,1,0,'2013-10-25 06:23:50',NULL,'81.196.41.118','en_EN'),(814,'mc2test1812@mc2test.com','7cd865882047490cf846f11029c89a4ff9655dfa','4671489e0b7de3697f7dd7b0af0eeb4f','','',0,'Earth',1,'Lola','Montoya',0,0,0,1,0,'2013-10-25 06:23:51',NULL,'81.196.41.118','en_EN'),(815,'mc2test1813@mc2test.com','7b0980ac0ce14d57d12d4b423631c1b66bbd3862','841ba17fac608785c3962c8c035143cc','','',0,'Earth',1,'Josefina','Bowers',0,0,0,1,0,'2013-10-25 06:23:51',NULL,'81.196.41.118','en_EN'),(816,'mc2test1814@mc2test.com','16ce8e5f4fc3fd05ba5a1653b1f214b9a954f3b2','ec844b796a6c1cb563f6abf0c293eb95','','',0,'Earth',1,'Louis','Vance',0,0,0,1,0,'2013-10-25 06:23:51',NULL,'81.196.41.118','en_EN'),(817,'mc2test1815@mc2test.com','b7e44ecfbaa313900a808aa8ff8d3f0f4bbcae1b','95393b98080711cd0daf6c76e72e805c','','',0,'Earth',1,'Ida','West',0,0,0,1,0,'2013-10-25 06:23:51',NULL,'81.196.41.118','en_EN'),(818,'mc2test1816@mc2test.com','a32fe1e01079ee74ea03b44b46c28333ea5e5f3e','36e21d84e6b2ab97ea6d398a8f23492d','','',0,'Earth',1,'Verna','Harrington',0,0,0,1,0,'2013-10-25 06:23:52',NULL,'81.196.41.118','en_EN'),(819,'mc2test1817@mc2test.com','60e781907af0929189be48d491eaa73e9f8f3293','04883b49341af1c31bb17a33e151a0e3','','',0,'Earth',1,'Norman','Cooper',0,0,0,1,0,'2013-10-25 06:23:52',NULL,'81.196.41.118','en_EN'),(820,'mc2test1818@mc2test.com','74fc357329c65eeedb181b03f5427dbe12b10ece','a49a583912585176c9e84e8a07a655b6','','',0,'Earth',1,'Edward','Dixon',0,0,0,1,0,'2013-10-25 06:23:52',NULL,'81.196.41.118','en_EN'),(821,'mc2test1819@mc2test.com','5bb711264f860ac0668ee1b0746997a8a944b204','f51df9ae0b769261a0ffcf3588d60782','','',0,'Earth',1,'Rosemary','Barnes',0,0,0,1,0,'2013-10-25 06:23:53',NULL,'81.196.41.118','en_EN'),(822,'mc2test1820@mc2test.com','7d719b91a8807993cd85f115067a9a091b186683','aeaa2665a1021ca63c8d8da3dbf8c0e4','','',0,'Earth',1,'Shari','Ali',0,0,0,1,0,'2013-10-25 06:23:53',NULL,'81.196.41.118','en_EN'),(823,'mc2test1821@mc2test.com','a881efbf2e6d343f302be27699bf17816d92fa75','e7b6447c68b7a3eaae8c1cf093824e17','','',0,'Earth',1,'Katrina','Ortega',0,0,0,1,0,'2013-10-25 06:23:53',NULL,'81.196.41.118','en_EN'),(824,'mc2test1822@mc2test.com','665cb982d28b7fff90f2cad29244556a60e47a32','0f54d8d6c049f1c77727f721ea570837','','',0,'Earth',1,'Bill','Schultz',0,0,0,1,0,'2013-10-25 06:23:54',NULL,'81.196.41.118','en_EN'),(825,'mc2test1823@mc2test.com','d930c4cbaa56c5f8d5eef55f7bb263b2cb38ee6f','61c3e33619a59af71e85aa9a61ed920d','','',0,'Earth',1,'Susan','Brady',0,0,0,1,0,'2013-10-25 06:23:54',NULL,'81.196.41.118','en_EN'),(826,'mc2test1824@mc2test.com','94de3578a78c3f4433df38635e755d6b8247df5a','03f0cdc9eaaf7b1bc963612709593184','','',0,'Earth',1,'Cecelia','Crosby',0,0,0,1,0,'2013-10-25 06:23:54',NULL,'81.196.41.118','en_EN'),(827,'mc2test1825@mc2test.com','31a9c71174578d81ca3a46fec3d77ac2bb5e3572','31d1918f308509e7f30e90fefad938c4','','',0,'Earth',1,'Samuel','Hartman',0,0,0,1,0,'2013-10-25 06:23:54',NULL,'81.196.41.118','en_EN'),(828,'mc2test1826@mc2test.com','3a7b7cc5da57e9e1fb7c1e552727d1ecf5247bf1','89537c7ea4da121ffd2ed5a678755c4c','','',0,'Earth',1,'Tyrone','Terry',0,0,0,1,0,'2013-10-25 06:23:55',NULL,'81.196.41.118','en_EN'),(829,'mc2test1827@mc2test.com','119e3199e62fb0f9f86ab0850aa2a2cbdfb9ca22','12a3b1be34924a24aa567fe59b5f8de1','','',0,'Earth',1,'Erik','Bryant',0,0,0,1,0,'2013-10-25 06:23:55',NULL,'81.196.41.118','en_EN'),(830,'mc2test1828@mc2test.com','2d6c3984611b84695349cff7f251ce28559f79b0','227d6718b8453df2eb3a7ce7c38a7da5','','',0,'Earth',1,'Iris','Fowler',0,0,0,1,0,'2013-10-25 06:23:55',NULL,'81.196.41.118','en_EN'),(831,'mc2test1829@mc2test.com','935e5745e208a89a607582f36a1573b0e2f813c2','f925a1cbdf7757dde22b2d9b0ab57b99','','',0,'Earth',1,'Jerry','Roach',0,0,0,1,0,'2013-10-25 06:23:55',NULL,'81.196.41.118','en_EN'),(832,'mc2test1830@mc2test.com','e222f94c2582bbb7e5b3f3ab38127e10fb60917d','2872c7f2376479b032064e5d85aee5a8','','',0,'Earth',1,'Clayton','Carr',0,0,0,1,0,'2013-10-25 06:23:56',NULL,'81.196.41.118','en_EN'),(833,'mc2test1831@mc2test.com','2b4686adc21daddd38763d3e7c470c2af234f38b','aea8d4217155ecf098cec0e6b227f870','','',0,'Earth',1,'Sarah','Callahan',0,0,0,1,0,'2013-10-25 06:23:56',NULL,'81.196.41.118','en_EN'),(834,'mc2test1832@mc2test.com','f497390fc392185f8cccc9cab84e6abf26c80286','45babcaede55fa19781d91f6faa543e1','','',0,'Earth',1,'Sara','Baldwin',0,0,0,1,0,'2013-10-25 06:23:56',NULL,'81.196.41.118','en_EN'),(835,'mc2test1833@mc2test.com','f33896cf1d63d6d5699bcccb54b95ed2646e930e','3b4218f91d9fa80f15a59c7d0b617dd8','','',0,'Earth',1,'Dawn','Conner',0,0,0,1,0,'2013-10-25 06:23:57',NULL,'81.196.41.118','en_EN'),(836,'mc2test1834@mc2test.com','9994b3741b19281496cebea17782c889f710c984','74c090019c21e6d4058aa887d2ff8ec2','','',0,'Earth',1,'Cecilia','Miller',0,0,0,1,0,'2013-10-25 06:23:57',NULL,'81.196.41.118','en_EN'),(837,'mc2test1835@mc2test.com','8b2a77bb3914a9ccf695aca0f53f3e81701a9a30','6049d79ab3721a904f53856f5dc05ddf','','',0,'Earth',1,'Annie','Conrad',0,0,0,1,0,'2013-10-25 06:23:57',NULL,'81.196.41.118','en_EN'),(838,'mc2test1836@mc2test.com','0c7fc0936a7b8df493d60a352724a3bb40e825b0','9ccabd76eb2c5361f2e9297418661f25','','',0,'Earth',1,'Walter','Dalton',0,0,0,1,0,'2013-10-25 06:23:58',NULL,'81.196.41.118','en_EN'),(839,'mc2test1837@mc2test.com','d54d6109ae867487184507a3b33aed3f072205cb','eddb617b0f9cb35dc1adb5adbb4d3264','','',0,'Earth',1,'Jacob','Miller',0,0,0,1,0,'2013-10-25 06:23:58',NULL,'81.196.41.118','en_EN'),(840,'mc2test1838@mc2test.com','5029d3fbba52c70ac98cc105582dd724f820c1b9','b84a2e503325518b83400858ece43646','','',0,'Earth',1,'Jackie','Berry',0,0,0,1,0,'2013-10-25 06:23:58',NULL,'81.196.41.118','en_EN'),(841,'mc2test1839@mc2test.com','2ce9051f7decf917bda5cca6c036473ff71d3c02','3af2827d54e7630d8d7cbabdce2fb3be','','',0,'Earth',1,'Ramon','Cole',0,0,0,1,0,'2013-10-25 06:23:58',NULL,'81.196.41.118','en_EN'),(842,'mc2test1840@mc2test.com','9c305659718e57f09d52701ed7d3bd478be3bfde','c212731e1418ea510018d5bd5a04e4d7','','',0,'Earth',1,'Gary','Livingston',0,0,0,1,0,'2013-10-25 06:23:59',NULL,'81.196.41.118','en_EN'),(843,'mc2test1841@mc2test.com','14bfec133807a0216a1e535c96f53550bcdfdccf','1f25653216e038cf321e586b1e891abd','','',0,'Earth',1,'Erin','Gutierrez',0,0,0,1,0,'2013-10-25 06:23:59',NULL,'81.196.41.118','en_EN'),(844,'mc2test1842@mc2test.com','572566e178edf25bd9f3e71e3bcba834b0966f7c','fa1a6b1cf1cbea073c99697925d1203e','','',0,'Earth',1,'Armando','Nguyen',0,0,0,1,0,'2013-10-25 06:23:59',NULL,'81.196.41.118','en_EN'),(845,'mc2test1843@mc2test.com','9e4c34a17371d77f69f24652c595eb2c8ddc5ec0','290358926659dcdc6c8f213a59fd4918','','',0,'Earth',1,'Gary','Quinn',0,0,0,1,0,'2013-10-25 06:24:00',NULL,'81.196.41.118','en_EN'),(846,'mc2test1844@mc2test.com','e11637ae241528d7e1fb1ff86e15f1ed798a7987','c3ae884896cfd54355d03a9c1893a25c','','',0,'Earth',1,'Dwight','Duran',0,0,0,1,0,'2013-10-25 06:24:00',NULL,'81.196.41.118','en_EN'),(847,'mc2test1845@mc2test.com','5727bd55fc147ba957d15c72508928dd7aee5cd7','a1b594276dbaec4d929ff0997e9b6594','','',0,'Earth',1,'Ida','Gregory',0,0,0,1,0,'2013-10-25 06:24:00',NULL,'81.196.41.118','en_EN'),(848,'mc2test1846@mc2test.com','8f1e02b1061bee2fab7eff69d5f0219ed53c6529','45b2d7823cd6890cbbfe84cfccb0c797','','',0,'Earth',1,'Sean','Mcknight',0,0,0,1,0,'2013-10-25 06:24:00',NULL,'81.196.41.118','en_EN'),(849,'mc2test1847@mc2test.com','037e1affde354e1af126e8b5da9e8967f6f4e1bf','692478b7d34098bfd41717e868f369f9','','',0,'Earth',1,'Tom','Woodard',0,0,0,1,0,'2013-10-25 06:24:01',NULL,'81.196.41.118','en_EN'),(850,'mc2test1848@mc2test.com','da83e6c53a9a9873013ba5fee432f5f3cae17040','c813577392881b0d287f9e7f3dc27e3a','','',0,'Earth',1,'Stacy','Hall',0,0,0,1,0,'2013-10-25 06:24:01',NULL,'81.196.41.118','en_EN'),(851,'mc2test1849@mc2test.com','56ad03d3359269c81ead994facb57a172987186f','08d76f4cf48b42817ba52f7f077c025a','','',0,'Earth',1,'Chelsea','Pacheco',0,0,0,1,0,'2013-10-25 06:24:01',NULL,'81.196.41.118','en_EN'),(852,'mc2test1850@mc2test.com','2e4fee5bfc53125f71940f3d04aae662a8dec30c','5e140f3a1d7dc85e181c3ef6d0294343','','',0,'Earth',1,'Roger','Page',0,0,0,1,0,'2013-10-25 06:24:02',NULL,'81.196.41.118','en_EN'),(853,'mc2test1851@mc2test.com','3e616fa9bfdd3ab79c78a4703d4abe068c93f022','85366ad144db1bc32b2e93c6d40a9e2a','','',0,'Earth',1,'Kathryn','Rowe',0,0,0,1,0,'2013-10-25 06:24:02',NULL,'81.196.41.118','en_EN'),(854,'mc2test1852@mc2test.com','8c9c5adef3f62500239c8779c64947878aa9dfdc','31c03b510bd77adc3fe9b39538ecd6bd','','',0,'Earth',1,'Esther','Sweeney',0,0,0,1,0,'2013-10-25 06:24:02',NULL,'81.196.41.118','en_EN'),(855,'mc2test1854@mc2test.com','265eba2d9ad3b20c719e8c8e6cb9f12b3c3e8340','0701aa9448a1f2f6d92a2f0b354fab14','','',0,'Earth',1,'Ricky','Brennan',0,0,0,1,0,'2013-10-25 06:24:03',NULL,'81.196.41.118','en_EN'),(856,'mc2test1853@mc2test.com','aa8c37d13684999099faa80dc2f5812916b63462','e6e39c321387fd01940cb10f2d367367','','',0,'Earth',1,'Laura','Miranda',0,0,0,1,0,'2013-10-25 06:24:03',NULL,'81.196.41.118','en_EN'),(857,'mc2test1855@mc2test.com','c1d19e9bdb10dc8d6f818a1b6344af41c5567943','4ac2332331c3ea2d1476af330671a374','','',0,'Earth',1,'Benjamin','Jarvis',0,0,0,1,0,'2013-10-25 06:24:03',NULL,'81.196.41.118','en_EN'),(858,'mc2test1856@mc2test.com','8bd1b587b67d8b206b50e15f7f0e74d374f4618c','6f8e659073cc472b3d839e91ed033a60','','',0,'Earth',1,'Marta','Barron',0,0,0,1,0,'2013-10-25 06:24:03',NULL,'81.196.41.118','en_EN'),(859,'mc2test1857@mc2test.com','d8ddc8d8ededae3e82de852c29ac8c0180be6f57','f4b46e84c058b76aa06d72852a9ecb67','','',0,'Earth',1,'Bessie','Yates',0,0,0,1,0,'2013-10-25 06:24:04',NULL,'81.196.41.118','en_EN'),(860,'mc2test1858@mc2test.com','abf1985b0cb010884df821ccc4947038d36d55a9','2f18f702fec5e49b9bf41b0c942bfa00','','',0,'Earth',1,'Ora','Douglas',0,0,0,1,0,'2013-10-25 06:24:04',NULL,'81.196.41.118','en_EN'),(861,'mc2test1859@mc2test.com','a3eb5273666424bf7e4294f762e1ba2d03bccd3e','20eb90948f60ab91367b6ce2a471f4ee','','',0,'Earth',1,'Christian','Washington',0,0,0,1,0,'2013-10-25 06:24:04',NULL,'81.196.41.118','en_EN'),(862,'mc2test1860@mc2test.com','d1300eacf60cc49a6608722b00e02ea2b9baaf27','b70e7cf380b29dc42d426ca4c075f419','','',0,'Earth',1,'Ginger','Anderson',0,0,0,1,0,'2013-10-25 06:24:05',NULL,'81.196.41.118','en_EN'),(863,'mc2test1862@mc2test.com','d2b6884fd6756f06e0906639f996b6b8dba7aba2','6e3aa8e0080b045758c67f42a775f1aa','','',0,'Earth',1,'Margie','Wolf',0,0,0,1,0,'2013-10-25 06:24:05',NULL,'81.196.41.118','en_EN'),(864,'mc2test1863@mc2test.com','1625a89f64c1acf0a6fa3aad01d1ed44e0f1e0a6','b4f546a4c400fe493893f169e35bfd7b','','',0,'Earth',1,'Clyde','Rios',0,0,0,1,0,'2013-10-25 06:24:05',NULL,'81.196.41.118','en_EN'),(865,'mc2test1861@mc2test.com','9c55f833daad1e39e8a171c8ee765f7f8655174c','80cfa34d02d38edd70e546840f6e6087','','',0,'Earth',1,'Jack','Wiley',0,0,0,1,0,'2013-10-25 06:24:05',NULL,'81.196.41.118','en_EN'),(866,'mc2test1864@mc2test.com','1cc2286566696ed6700a4633d420e451091b98bc','fe09c916b6c12635d22ffd6ac3e4926a','','',0,'Earth',1,'Elaine','Knapp',0,0,0,1,0,'2013-10-25 06:24:06',NULL,'81.196.41.118','en_EN'),(867,'mc2test1865@mc2test.com','0e10c7035a25ba2972aa80f8296416c101a35908','033e1998cc7aadd7a94a555cd17318c1','','',0,'Earth',1,'Beatrice','Spence',0,0,0,1,0,'2013-10-25 06:24:06',NULL,'81.196.41.118','en_EN'),(868,'mc2test1866@mc2test.com','9ac03e341eb9b3203bb10c42348bfb1bd8cccd10','ee50bcba5ad63887f4bc5f2a448a5c7b','','',0,'Earth',1,'Bruce','Bird',0,0,0,1,0,'2013-10-25 06:24:06',NULL,'81.196.41.118','en_EN'),(869,'mc2test1867@mc2test.com','001c4ab06d44eca217ab019b2a2c357e57da7fb5','7430693c14e8eca04d62aa2c00b43dbe','','',0,'Earth',1,'Ollie','Farley',0,0,0,1,0,'2013-10-25 06:24:07',NULL,'81.196.41.118','en_EN'),(870,'mc2test1868@mc2test.com','ff374dac2be903a88a6fb5cba455a229116fb4f6','8554a28cecae2360604ed9bbbddbb101','','',0,'Earth',1,'Jennifer','Nielsen',0,0,0,1,0,'2013-10-25 06:24:07',NULL,'81.196.41.118','en_EN'),(871,'mc2test1869@mc2test.com','258e481dc0a07dc777e6b1f4d2acb0071f32ee8c','94ba9ad21bc85c7290ed7f2f223a1e74','','',0,'Earth',1,'Doris','Parker',0,0,0,1,0,'2013-10-25 06:24:07',NULL,'81.196.41.118','en_EN'),(872,'mc2test1870@mc2test.com','0163d6783509d7d45827e46500e1640ddea1522f','ad95e3fe4de83f4fcb8e78f58bb69985','','',0,'Earth',1,'Bernadette','Molina',0,0,0,1,0,'2013-10-25 06:24:07',NULL,'81.196.41.118','en_EN'),(873,'mc2test1871@mc2test.com','96e6a2df1f53d5e94f56f94acc14cff3fa9a607b','50e8a361919060f8c7c71c71a9676c55','','',0,'Earth',1,'Wendy','Paul',0,0,0,1,0,'2013-10-25 06:24:08',NULL,'81.196.41.118','en_EN'),(874,'mc2test1872@mc2test.com','dccb048cbbf520498532cbc94b1bd1b5fec8675d','1bba94c46a484040594705818e5b9b2d','','',0,'Earth',1,'Kurt','Stanley',0,0,0,1,0,'2013-10-25 06:24:08',NULL,'81.196.41.118','en_EN'),(875,'mc2test1873@mc2test.com','8373a131b3160cb4c3c3bbdc0bc3a15f91158da0','f25a0861aef1d4a105361e6a7ca3c89a','','',0,'Earth',1,'Elsie','Gray',0,0,0,1,0,'2013-10-25 06:24:08',NULL,'81.196.41.118','en_EN'),(876,'mc2test1874@mc2test.com','623ebc8399f1a8c2cf494aa12626b0d37642ab93','4f83d59f569f535699731acf53e12f32','','',0,'Earth',1,'Marion','Olsen',0,0,0,1,0,'2013-10-25 06:24:09',NULL,'81.196.41.118','en_EN'),(877,'mc2test1875@mc2test.com','f28b59277f225610335e4a39d268e074be30dd46','d9b3a25965095db479dbf52185edf267','','',0,'Earth',1,'Dixie','Mccullough',0,0,0,1,0,'2013-10-25 06:24:09',NULL,'81.196.41.118','en_EN'),(878,'mc2test1877@mc2test.com','951cc1586f63945658cf68a8f81f3b4c286779f9','5d5fae77d7c3d11bbe81a310a7dd8d02','','',0,'Earth',1,'Anthony','Santiago',0,0,0,1,0,'2013-10-25 06:24:10',NULL,'81.196.41.118','en_EN'),(879,'mc2test1876@mc2test.com','6b745941eb520c1610bae756d2428c7f0776556c','a52b1732597ed6d25ed3d528898aecae','','',0,'Earth',1,'James','Lee',0,0,0,1,0,'2013-10-25 06:24:10',NULL,'81.196.41.118','en_EN'),(880,'mc2test1878@mc2test.com','f2ac134422b58be139b3c624dc1987edca8e20f3','fb8d15e3202f4b075037a3b8627b3193','','',0,'Earth',1,'Freda','Barr',0,0,0,1,0,'2013-10-25 06:24:10',NULL,'81.196.41.118','en_EN'),(881,'mc2test1879@mc2test.com','5118b54aaf9d9c67d69e0b2599e0292da46ac425','58cde6be750d4eebe9cb76e40bf80ff6','','',0,'Earth',1,'Roy','Velasquez',0,0,0,1,0,'2013-10-25 06:24:10',NULL,'81.196.41.118','en_EN'),(882,'mc2test1881@mc2test.com','4118df3ef967b6336d7ceea7d2dd4659bacfbd88','3e94ae78a89860864317148d3fad3892','','',0,'Earth',1,'Gabriel','Kirby',0,0,0,1,0,'2013-10-25 06:24:11',NULL,'81.196.41.118','en_EN'),(883,'mc2test1880@mc2test.com','d09a7c26f49607d344dd4836f2a1446e7034ee38','0a8782c54a1f92dabed36ed17ace62a9','','',0,'Earth',1,'Jim','Neal',0,0,0,1,0,'2013-10-25 06:24:11',NULL,'81.196.41.118','en_EN'),(884,'mc2test1882@mc2test.com','b2fa696e2b0ee9644f9a8118acd6e533157a1e59','3b396ed08207f2fd3ee5bbd7edc99432','','',0,'Earth',1,'Judy','Dunn',0,0,0,1,0,'2013-10-25 06:24:11',NULL,'81.196.41.118','en_EN'),(885,'mc2test1883@mc2test.com','ab372b050206efc4a75c7b58c3caccd0466daedd','edf2b7828671107c6ce5bf78b39d60cf','','',0,'Earth',1,'Jill','Day',0,0,0,1,0,'2013-10-25 06:24:12',NULL,'81.196.41.118','en_EN'),(886,'mc2test1884@mc2test.com','31007491b078a3db19db53a18d6d3d38f6dba59a','7921d81c0e3f64caaf88120b9a9c00fc','','',0,'Earth',1,'Kay','Mayo',0,0,0,1,0,'2013-10-25 06:24:12',NULL,'81.196.41.118','en_EN'),(887,'mc2test1885@mc2test.com','dfd124cb4d52152f64aa7e6c0c78acd2193b8436','79c36b598305b76e77e186d5b9fb736c','','',0,'Earth',1,'Crystal','Pugh',0,0,0,1,0,'2013-10-25 06:24:12',NULL,'81.196.41.118','en_EN'),(888,'mc2test1886@mc2test.com','4a6d0321969ac634ce8ec2ef5d1a13101c7b057c','908574d8a932bb81556262c2f2716130','','',0,'Earth',1,'Joshua','Poole',0,0,0,1,0,'2013-10-25 06:24:12',NULL,'81.196.41.118','en_EN'),(889,'mc2test1887@mc2test.com','e683cf1269c6cf820d9c59f218c355da1cb95cb3','5e8582cc9ed9e4cba9227a22ff92dc08','','',0,'Earth',1,'Enrique','Morse',0,0,0,1,0,'2013-10-25 06:24:13',NULL,'81.196.41.118','en_EN'),(890,'mc2test1888@mc2test.com','0b253c232e766c7b58202c62a3167ee3b235dcec','64232fe72b417ed9e36843b2169af4c0','','',0,'Earth',1,'Alison','Alvarado',0,0,0,1,0,'2013-10-25 06:24:13',NULL,'81.196.41.118','en_EN'),(891,'mc2test1889@mc2test.com','b29b815c082233961602a5bc334ff5b0dcea21af','b214b84061270e7f6a45d33d8e499560','','',0,'Earth',1,'Nichole','Rosario',0,0,0,1,0,'2013-10-25 06:24:13',NULL,'81.196.41.118','en_EN'),(892,'mc2test1890@mc2test.com','1ea89d2cc5d78e1f0cd4e5b1725dd17ff46d9bc7','c0ec3b826dd5f6b39872f87ac4e258e6','','',0,'Earth',1,'Mercedes','Escobar',0,0,0,1,0,'2013-10-25 06:24:14',NULL,'81.196.41.118','en_EN'),(893,'mc2test1891@mc2test.com','3283d757e4641e962cc74b52f15dd22bedd3dd52','a2326d3cd777a26a109cb443d3b514cd','','',0,'Earth',1,'Virgil','Christensen',0,0,0,1,0,'2013-10-25 06:24:14',NULL,'81.196.41.118','en_EN'),(894,'mc2test1892@mc2test.com','fc08a32f84f95ae4a9fb3c5c4af0ce88107a3e4a','c6c07a7d46267ee99e79c245bb27c18b','','',0,'Earth',1,'Harriet','Reid',0,0,0,1,0,'2013-10-25 06:24:14',NULL,'81.196.41.118','en_EN'),(895,'mc2test1893@mc2test.com','b6d57b66aab595319655a7ccd64ff416cba5c861','dbccd88f136498a32c6949220742ca6c','','',0,'Earth',1,'Francis','Baxter',0,0,0,1,0,'2013-10-25 06:24:15',NULL,'81.196.41.118','en_EN'),(896,'mc2test1894@mc2test.com','e2cba77d93dfc5c5c17d21a6692b1d79a1fdd59f','f69cb28faf86b7a898d1e77978277af1','','',0,'Earth',1,'Kathleen','Mccall',0,0,0,1,0,'2013-10-25 06:24:15',NULL,'81.196.41.118','en_EN'),(897,'mc2test1895@mc2test.com','643dca58efdbc49d535263565dff0c63be0952a4','0d42b7b280f1bd36fc4174bd45de5c08','','',0,'Earth',1,'Jo','Lang',0,0,0,1,0,'2013-10-25 06:24:15',NULL,'81.196.41.118','en_EN'),(898,'mc2test1896@mc2test.com','3904fcf2f8f71d45fb049ed4aae029425368500b','9c51819e294e067822c8631e63e52efe','','',0,'Earth',1,'Jenna','Nelson',0,0,0,1,0,'2013-10-25 06:24:15',NULL,'81.196.41.118','en_EN'),(899,'mc2test1897@mc2test.com','9a1e71f12e5f2044f132f8108177996e5a651088','4225a11d8ebd3b1345e812b18b0897b0','','',0,'Earth',1,'Katie','Dougherty',0,0,0,1,0,'2013-10-25 06:24:16',NULL,'81.196.41.118','en_EN'),(900,'mc2test1899@mc2test.com','4f825c75c8779a9daf4015b43ac6adb06be222c2','e837af36f7f7545a03ab013adf2282cd','','',0,'Earth',1,'Ernestine','Hines',0,0,0,1,0,'2013-10-25 06:24:16',NULL,'81.196.41.118','en_EN'),(901,'mc2test1898@mc2test.com','3cc0d5bde39fd302bb11160f06cc75a027a3a344','379e1e6665469d19922c6bfd66f921e2','','',0,'Earth',1,'Kristina','Mclaughlin',0,0,0,1,0,'2013-10-25 06:24:17',NULL,'81.196.41.118','en_EN'),(902,'mc2test1900@mc2test.com','b3adee82dd27ad2af3d3bf4be5daf25f8b0b05bd','680a2265be3a4053f78e0f0cb02ddf4e','','',0,'Earth',1,'Adrian','Maxwell',0,0,0,1,0,'2013-10-25 06:24:17',NULL,'81.196.41.118','en_EN'),(903,'mc2test1901@mc2test.com','48c53850db1662850081ecdda79ca91d3ea3c79d','94b16df3c22bb7fa8ba72db993d384e0','','',0,'Earth',1,'Anita','Rhodes',0,0,0,1,0,'2013-10-25 06:24:17',NULL,'81.196.41.118','en_EN'),(904,'mc2test1902@mc2test.com','c69c26babdce915fa70b551c3f10db95a562ff43','c5d8f56731539215d3ae5271df6f0b87','','',0,'Earth',1,'Carole','Washington',0,0,0,1,0,'2013-10-25 06:24:17',NULL,'81.196.41.118','en_EN'),(905,'mc2test1904@mc2test.com','78abf576fc122ea04495a463d9cc7949f7e72406','2f3dd9c10acd7e4bd355554987e2bad2','','',0,'Earth',1,'Rhonda','Soto',0,0,0,1,0,'2013-10-25 06:24:18',NULL,'81.196.41.118','en_EN'),(906,'mc2test1903@mc2test.com','582bf2422a5c92d7b6e01e7fae50410aaca01af0','ff42e447ce57a4e6dfe08700bac2298c','','',0,'Earth',1,'Claire','Grimes',0,0,0,1,0,'2013-10-25 06:24:18',NULL,'81.196.41.118','en_EN'),(907,'mc2test1905@mc2test.com','f4da50c3cb8e8c7e0affde386823947978e94168','d75a3ed7ca682f504ca8579ae89c4bb9','','',0,'Earth',1,'Alberta','Day',0,0,0,1,0,'2013-10-25 06:24:18',NULL,'81.196.41.118','en_EN'),(908,'mc2test1906@mc2test.com','4dd93d119b7f5088971a6d61f418d54ca64f9aac','16bcc32d58453c8e18756d6fdbe7bbed','','',0,'Earth',1,'Jeffrey','Maddox',0,0,0,1,0,'2013-10-25 06:24:18',NULL,'81.196.41.118','en_EN'),(909,'mc2test1907@mc2test.com','17a270d2892016f1f66ffd75a7796d8578d771c4','b993c2c52ad1c41441fe5b7b509f4342','','',0,'Earth',1,'Jasmine','Horton',0,0,0,1,0,'2013-10-25 06:24:19',NULL,'81.196.41.118','en_EN'),(910,'mc2test1908@mc2test.com','bedc6cd0c0dcc9a75b7862a309ab3f52bf20b6a6','27e1b0dbdd5b5cc5459761e3e10772da','','',0,'Earth',1,'Norman','Hooper',0,0,0,1,0,'2013-10-25 06:24:19',NULL,'81.196.41.118','en_EN'),(911,'mc2test1909@mc2test.com','c8ab621906a99fc0dbff38e1149f5b75847ed32e','9a5dbed250e37c085fb19896f9b41329','','',0,'Earth',1,'Dixie','Oneill',0,0,0,1,0,'2013-10-25 06:24:19',NULL,'81.196.41.118','en_EN'),(912,'mc2test1910@mc2test.com','c6b63b9c014ff282c37c2a94915b322fa2360ce4','4c2679b494869001fe969cb8e0c6d237','','',0,'Earth',1,'Kristy','Lowery',0,0,0,1,0,'2013-10-25 06:24:20',NULL,'81.196.41.118','en_EN'),(913,'mc2test1912@mc2test.com','32755da8fbd5995ea316bc5790f4e35f7533d852','1a10bb763da86462d764c212c516138d','','',0,'Earth',1,'Ruth','Villanueva',0,0,0,1,0,'2013-10-25 06:24:20',NULL,'81.196.41.118','en_EN'),(914,'mc2test1911@mc2test.com','0e16ddd78dc47e006c3923e30d59b549419eae5a','88bb5fcb68d2bf7d8734f62bbc688066','','',0,'Earth',1,'Blanche','Wise',0,0,0,1,0,'2013-10-25 06:24:20',NULL,'81.196.41.118','en_EN'),(915,'mc2test1913@mc2test.com','7df9c9bf2b82e95eb45342e8e896ed2552b9b377','02b2bf05c1b7e155aefea3098c0767e5','','',0,'Earth',1,'Shawn','Odom',0,0,0,1,0,'2013-10-25 06:24:21',NULL,'81.196.41.118','en_EN'),(916,'mc2test1914@mc2test.com','abeead00668d9380eb663d357e09eb162d82175e','f49267db45f32df5840e07b3c50ef980','','',0,'Earth',1,'Hector','Cervantes',0,0,0,1,0,'2013-10-25 06:24:21',NULL,'81.196.41.118','en_EN'),(917,'mc2test1915@mc2test.com','490de077a403fdc782738aabe47c37263733f631','409926fdc7c1e65829aeb945dec88482','','',0,'Earth',1,'Kathryn','Fischer',0,0,0,1,0,'2013-10-25 06:24:21',NULL,'81.196.41.118','en_EN'),(918,'mc2test1916@mc2test.com','4ce13fb3698536ea54a13774a5cae6cf46607e9f','e6451f575a19a5453a3ac01f5c1a6206','','',0,'Earth',1,'Jan','James',0,0,0,1,0,'2013-10-25 06:24:21',NULL,'81.196.41.118','en_EN'),(919,'mc2test1917@mc2test.com','306d83873845c3efc6bbecc24c6fee408e00f44f','eda187d1fc86b6d24ad2dad4bb747bfa','','',0,'Earth',1,'Sonja','Scott',0,0,0,1,0,'2013-10-25 06:24:22',NULL,'81.196.41.118','en_EN'),(920,'mc2test1919@mc2test.com','d29bef87054d2aae60df9d5895e9996302daf961','aba83667533e73fb2d9b8cade5b1dbd1','','',0,'Earth',1,'Fernando','Levine',0,0,0,1,0,'2013-10-25 06:24:22',NULL,'81.196.41.118','en_EN'),(921,'mc2test1918@mc2test.com','c008397ada0e7e9c35597709535df3870f07f513','856f8c89c956779615c52e3129e412df','','',0,'Earth',1,'Marian','Jefferson',0,0,0,1,0,'2013-10-25 06:24:22',NULL,'81.196.41.118','en_EN'),(922,'mc2test1920@mc2test.com','6a1d06b343269a70d3be84b85a03b11b398a9d43','c7a27762dd909bff7bc53b30363e09f1','','',0,'Earth',1,'Kim','Moon',0,0,0,1,0,'2013-10-25 06:24:22',NULL,'81.196.41.118','en_EN'),(923,'mc2test1922@mc2test.com','8eec3b0078f522995c6f7146c58fa37b41c5183c','ff9b1290c3f99779468147ce9b452131','','',0,'Earth',1,'Rosa','Skinner',0,0,0,1,0,'2013-10-25 06:24:23',NULL,'81.196.41.118','en_EN'),(924,'mc2test1921@mc2test.com','4427ea7caea95bc1b67cc0fc61a44de2e26cc017','178d5b3144620fc9eaf0370d6e022ed5','','',0,'Earth',1,'Gerald','Villa',0,0,0,1,0,'2013-10-25 06:24:23',NULL,'81.196.41.118','en_EN'),(925,'mc2test1923@mc2test.com','53f8bf90a105f1cc430ae32684847591318381d9','6571b1c4c3805398bacaae557718783e','','',0,'Earth',1,'Leslie','Mclaughlin',0,0,0,1,0,'2013-10-25 06:24:23',NULL,'81.196.41.118','en_EN'),(926,'mc2test1924@mc2test.com','c330e65604301efff2e30580cd7a54c24b91b455','d0a12417ac7b6403c4d9d30c99b67353','','',0,'Earth',1,'Julie','Rush',0,0,0,1,0,'2013-10-25 06:24:24',NULL,'81.196.41.118','en_EN'),(927,'mc2test1925@mc2test.com','bc93880940dd04fe3ef034b7852776a2eee7e99c','9a4d561b5eb1034c3a6fdf71b19c2d43','','',0,'Earth',1,'Tami','Mcgrath',0,0,0,1,0,'2013-10-25 06:24:24',NULL,'81.196.41.118','en_EN'),(928,'mc2test1926@mc2test.com','bd44b4e65eb5bd180446cb1754cccb5ab96c36bd','f00e560d45cbb48a3e54c3c032bbe44b','','',0,'Earth',1,'Brenda','Cervantes',0,0,0,1,0,'2013-10-25 06:24:24',NULL,'81.196.41.118','en_EN'),(929,'mc2test1927@mc2test.com','76a8e7cbdd6e99aad895e630bf42f46bd0da3ba6','a913c0f2dbfe5acb9dbe360000361fa8','','',0,'Earth',1,'Freda','Mccormick',0,0,0,1,0,'2013-10-25 06:24:25',NULL,'81.196.41.118','en_EN'),(930,'mc2test1928@mc2test.com','5d12a71fb01540047cf2a7716b5b0caa3729d168','2d7477630ac3126a671608a2dba53695','','',0,'Earth',1,'Allison','Norton',0,0,0,1,0,'2013-10-25 06:24:25',NULL,'81.196.41.118','en_EN'),(931,'mc2test1929@mc2test.com','7162c78997de276d5666c7f861b96ddc0042ad4a','8b96272c8b189c5f13c0dd6fdb4bad60','','',0,'Earth',1,'Leslie','Mcintosh',0,0,0,1,0,'2013-10-25 06:24:25',NULL,'81.196.41.118','en_EN'),(932,'mc2test1930@mc2test.com','87d19c3e5f50cfd39c29a6b621f023f787902fc6','54d7bde351e461f4edf60e4d5422bdcb','','',0,'Earth',1,'Harvey','Lozano',0,0,0,1,0,'2013-10-25 06:24:25',NULL,'81.196.41.118','en_EN'),(933,'mc2test1931@mc2test.com','3c0d374940b9413b8c3f0bbc7d8d17564ff2030e','cbeacbb182dd4e2983894646361a0d94','','',0,'Earth',1,'Frank','Frederick',0,0,0,1,0,'2013-10-25 06:24:26',NULL,'81.196.41.118','en_EN'),(934,'mc2test1932@mc2test.com','3bd5e093781932f30cd7122e07d356d9dccde67c','da3507ccfc6a41e0308a74d50006dc1f','','',0,'Earth',1,'Roy','Clay',0,0,0,1,0,'2013-10-25 06:24:26',NULL,'81.196.41.118','en_EN'),(935,'mc2test1933@mc2test.com','6fc21e33d3937ec9f5700e38dacda09c9faa3fd1','46b0c39a61a35b70dcfd6a9dde9ebc45','','',0,'Earth',1,'Jenna','Barber',0,0,0,1,0,'2013-10-25 06:24:26',NULL,'81.196.41.118','en_EN'),(936,'mc2test1934@mc2test.com','92ef018e8cecadbc3e820bdb04a3f7387bbb2dcb','8a39793c5b75f04d9898f0f0e030a5bb','','',0,'Earth',1,'Larry','Santana',0,0,0,1,0,'2013-10-25 06:24:27',NULL,'81.196.41.118','en_EN'),(937,'mc2test1935@mc2test.com','396e2ede9a20aa8d97ae027845479c13f2cb7338','daedc06afd7c7b7b59eda9af705fa915','','',0,'Earth',1,'Leah','Fields',0,0,0,1,0,'2013-10-25 06:24:27',NULL,'81.196.41.118','en_EN'),(938,'mc2test1936@mc2test.com','0f1d2d9084e52f78bd1bd28f17da15ee75ad9fe7','212bae8544a32c81d595ab8c65baa901','','',0,'Earth',1,'Tracy','Whitehead',0,0,0,1,0,'2013-10-25 06:24:27',NULL,'81.196.41.118','en_EN'),(939,'mc2test1937@mc2test.com','fdad3c4870568663b603f5b2858d56fa844911b5','e223391aa663be1c72f5de3e2e22a774','','',0,'Earth',1,'Jenny','Jordan',0,0,0,1,0,'2013-10-25 06:24:27',NULL,'81.196.41.118','en_EN'),(940,'mc2test1938@mc2test.com','1e9f66e2e737e9a6560a1c8f0b4614a8b59d2fcf','552b948b15712451fee973ee592f941a','','',0,'Earth',1,'Hannah','Dawson',0,0,0,1,0,'2013-10-25 06:24:28',NULL,'81.196.41.118','en_EN'),(941,'mc2test1939@mc2test.com','0077a01e4298788059ec139c9d3f518d9381a137','0db6bff5f63b6d206bf958e639ae0b94','','',0,'Earth',1,'Bobby','Rodgers',0,0,0,1,0,'2013-10-25 06:24:28',NULL,'81.196.41.118','en_EN'),(942,'mc2test1940@mc2test.com','5d5e1eb2a33f705d452d1656f3a268022c8d8939','6655c392a64ef6413c2f7b2af684ea4f','','',0,'Earth',1,'Aaron','Hunter',0,0,0,1,0,'2013-10-25 06:24:28',NULL,'81.196.41.118','en_EN'),(943,'mc2test1941@mc2test.com','030c54f79917be560fb374ef030c97b9484a88e0','5b648f4102a88c7a04c7dfaae88eb774','','',0,'Earth',1,'Ebony','Solomon',0,0,0,1,0,'2013-10-25 06:24:29',NULL,'81.196.41.118','en_EN'),(944,'mc2test1942@mc2test.com','302561357c228a22e9d5247046b03f948693622f','6961d9ed444d854d98e3b48d97a42ec6','','',0,'Earth',1,'Marlene','Choi',0,0,0,1,0,'2013-10-25 06:24:29',NULL,'81.196.41.118','en_EN'),(945,'mc2test1944@mc2test.com','1d6d805bbdcd73e8a183583f844110f23dbec442','f0cafd48feced0f260a9bdd3ed9dd56a','','',0,'Earth',1,'Donald','Morton',0,0,0,1,0,'2013-10-25 06:24:30',NULL,'81.196.41.118','en_EN'),(946,'mc2test1943@mc2test.com','bf9ed9c69eea778656829903e34dd4f330ca3a0c','91f1c8d450b57f866a734d9eea05bbb4','','',0,'Earth',1,'Marcia','Neal',0,0,0,1,0,'2013-10-25 06:24:30',NULL,'81.196.41.118','en_EN'),(947,'mc2test1945@mc2test.com','d213461f5c16b1b3c68e9e5b9ace3e4b5859d4aa','5e6118229d5138d7a27eb823ad9f84e3','','',0,'Earth',1,'Kelli','Rubio',0,0,0,1,0,'2013-10-25 06:24:30',NULL,'81.196.41.118','en_EN'),(948,'mc2test1946@mc2test.com','2be865502663aec3ff1a5ff47dab2be510eca44a','66fd2002c024760c0ad87ab6768fdec2','','',0,'Earth',1,'Sherry','Briggs',0,0,0,1,0,'2013-10-25 06:24:30',NULL,'81.196.41.118','en_EN'),(949,'mc2test1947@mc2test.com','2b3501bd54999fe053333056ce9db19802db5bf5','2f2aeb9421ba3c71c91fa79cf625c31e','','',0,'Earth',1,'Leonard','Savage',0,0,0,1,0,'2013-10-25 06:24:31',NULL,'81.196.41.118','en_EN'),(950,'mc2test1948@mc2test.com','2490fca123f19a5104f381e235e487ec5a925d36','d17753a0a695c197f8ab20f7046ac7e8','','',0,'Earth',1,'Lora','Cervantes',0,0,0,1,0,'2013-10-25 06:24:31',NULL,'81.196.41.118','en_EN'),(951,'mc2test1949@mc2test.com','bd8d751c22a3029ca83d8bbff83a6feddba0dc00','047c97e88fdc705a9a2d3845de0fb475','','',0,'Earth',1,'Oscar','Avila',0,0,0,1,0,'2013-10-25 06:24:31',NULL,'81.196.41.118','en_EN'),(952,'mc2test1950@mc2test.com','5496b0218604bd4886e91782c7c37e17cd4ddddd','fb1bf2781d3f2ab59424df10a86535b5','','',0,'Earth',1,'Louis','Gonzalez',0,0,0,1,0,'2013-10-25 06:24:32',NULL,'81.196.41.118','en_EN'),(953,'mc2test1951@mc2test.com','5c958f77ea1cf904dc79fc3920fefc21971a86e3','b60655753367a13a868f26bfb9ae425c','','',0,'Earth',1,'Dan','Gay',0,0,0,1,0,'2013-10-25 06:24:32',NULL,'81.196.41.118','en_EN'),(954,'mc2test1952@mc2test.com','3a693aba18209cacf1d04d1d86e05ca287bfddd2','59552dfcfd3b30d378aeee2b2b625c92','','',0,'Earth',1,'Dorothy','Hickman',0,0,0,1,0,'2013-10-25 06:24:32',NULL,'81.196.41.118','en_EN'),(955,'mc2test1953@mc2test.com','0bdeab0bbe169a3bd5a6955dad7666e95aa0575e','9fb713a6a902ad6942924a7b4c693bbd','','',0,'Earth',1,'Priscilla','Garrison',0,0,0,1,0,'2013-10-25 06:24:33',NULL,'81.196.41.118','en_EN'),(956,'mc2test1954@mc2test.com','054911f86a2bf96350dd283660b5bd96afa02115','01db8405ddf07860e1d315de117ee75a','','',0,'Earth',1,'Raul','Conrad',0,0,0,1,0,'2013-10-25 06:24:33',NULL,'81.196.41.118','en_EN'),(957,'mc2test1955@mc2test.com','28b553b61b567597fa133de1d398988033547dc4','facc18fd1c7d8ba041169a499da99dc2','','',0,'Earth',1,'Sonja','Mckenzie',0,0,0,1,0,'2013-10-25 06:24:33',NULL,'81.196.41.118','en_EN'),(958,'mc2test1956@mc2test.com','89b78ffea6ee2b4caeb0b85360c8e39a0ba27656','bae5814628e7acb30d8d2a8b1c61bda1','','',0,'Earth',1,'Edna','Faulkner',0,0,0,1,0,'2013-10-25 06:24:33',NULL,'81.196.41.118','en_EN'),(959,'mc2test1957@mc2test.com','42a87760760dc4e470a203729240c954ee34a071','c1a5d342f5ea8c11327729f1fa9d2a70','','',0,'Earth',1,'Sheryl','Phelps',0,0,0,1,0,'2013-10-25 06:24:34',NULL,'81.196.41.118','en_EN'),(960,'mc2test1958@mc2test.com','575ad8656d59c03183819fea42055318491d62fa','0e3f8f9571a374d6190fed199f8a7ae8','','',0,'Earth',1,'Alexander','Hammond',0,0,0,1,0,'2013-10-25 06:24:34',NULL,'81.196.41.118','en_EN'),(961,'mc2test1959@mc2test.com','91d31c5a3efee87ac673679d8d500ed9c1468596','6a48c11d40a4c6c3fcbdcef77fa27b11','','',0,'Earth',1,'Fred','Holt',0,0,0,1,0,'2013-10-25 06:24:34',NULL,'81.196.41.118','en_EN'),(962,'mc2test1960@mc2test.com','23c44f7dcaf496782213545cdd0941cff2187872','54a9df42aff9a4b730cd4a2cc4895380','','',0,'Earth',1,'Bruce','Burns',0,0,0,1,0,'2013-10-25 06:24:34',NULL,'81.196.41.118','en_EN'),(963,'mc2test1962@mc2test.com','1d1c79ad5517e5b007228d4a57bf99cacfd752dd','a036458515314edb2c3e101b7b5ac2c2','','',0,'Earth',1,'Sandra','Hale',0,0,0,1,0,'2013-10-25 06:24:35',NULL,'81.196.41.118','en_EN'),(964,'mc2test1961@mc2test.com','e7f994c0610edfa4e51c59bceca70625645170ad','bb2f2e60396a156faaa58e52a3471abc','','',0,'Earth',1,'Tasha','Quinn',0,0,0,1,0,'2013-10-25 06:24:35',NULL,'81.196.41.118','en_EN'),(965,'mc2test1963@mc2test.com','2ae30f9576cf5a116ef63c31b17532bb82de57f9','ff84216fb6a7ee777651fafafe1809b3','','',0,'Earth',1,'Daniel','House',0,0,0,1,0,'2013-10-25 06:24:35',NULL,'81.196.41.118','en_EN'),(966,'mc2test1964@mc2test.com','4558232249b8f22ec03336d6e95149e80069b142','3bb3e021ac3c58e6585455f15db446ad','','',0,'Earth',1,'Ricky','Clayton',0,0,0,1,0,'2013-10-25 06:24:36',NULL,'81.196.41.118','en_EN'),(967,'mc2test1965@mc2test.com','d1f14ed7be3b54775d64f4ef62bdc9d714f248db','789c12df5f5ad31800e36ad1c09fdf34','','',0,'Earth',1,'Bridget','Gamble',0,0,0,1,0,'2013-10-25 06:24:36',NULL,'81.196.41.118','en_EN'),(968,'mc2test1966@mc2test.com','8a3ae558ed7876f1c7cdf76f0d8ad32900e3b3af','563b8152bbae3f8f0073dd52a2d7ee8c','','',0,'Earth',1,'Earp','Mercado',0,0,0,1,0,'2013-10-25 06:24:36',NULL,'81.196.41.118','en_EN'),(969,'mc2test1967@mc2test.com','2ac312182fc1975d1b5d9e1f5565b0867360b8eb','4fdd6091ddb62c54a6095f110acabb69','','',0,'Earth',1,'Jasmine','Benson',0,0,0,1,0,'2013-10-25 06:24:37',NULL,'81.196.41.118','en_EN'),(970,'mc2test1968@mc2test.com','c8de453559464dcd2648a24205289e8e8af5c36e','4391eeceb096b40caf9ab5c10f55ca12','','',0,'Earth',1,'Larry','Lowe',0,0,0,1,0,'2013-10-25 06:24:37',NULL,'81.196.41.118','en_EN'),(971,'mc2test1969@mc2test.com','e169245336dccc84ca191dec132aaa704c2074ed','2cedfd8a31d3c39fd5274c9775f26811','','',0,'Earth',1,'Mona','Pope',0,0,0,1,0,'2013-10-25 06:24:37',NULL,'81.196.41.118','en_EN'),(972,'mc2test1970@mc2test.com','0c789b1128eb443b9b8247f4717c458fdb1f9cd8','075b647a1228c3f9c369d5e2796f6c30','','',0,'Earth',1,'Juanita','Gregory',0,0,0,1,0,'2013-10-25 06:24:37',NULL,'81.196.41.118','en_EN'),(973,'mc2test1971@mc2test.com','d0817ae3bda858528175373502829807fbba9918','93b4a43aed3dd54e64aa22321e78f72e','','',0,'Earth',1,'Brett','Mccoy',0,0,0,1,0,'2013-10-25 06:24:38',NULL,'81.196.41.118','en_EN'),(974,'mc2test1972@mc2test.com','40e9dceef0d1df98c3f576854b0a79c74af54f08','c24117969b119e159678aefc5a1f39a7','','',0,'Earth',1,'Francisco','Mueller',0,0,0,1,0,'2013-10-25 06:24:38',NULL,'81.196.41.118','en_EN'),(975,'mc2test1973@mc2test.com','c8a126937aae19b702a7d6bd55c7d222ab4e38f3','144883d86cacc31906a943f671041fd6','','',0,'Earth',1,'Carol','Hahn',0,0,0,1,0,'2013-10-25 06:24:38',NULL,'81.196.41.118','en_EN'),(976,'mc2test1974@mc2test.com','21e884107db713de78df584fc1ac9b9b4c374ca0','574a59e7b6e0a6e982d90c6c2322ff28','','',0,'Earth',1,'Peter','Stanton',0,0,0,1,0,'2013-10-25 06:24:38',NULL,'81.196.41.118','en_EN'),(977,'mc2test1975@mc2test.com','de0c966cc6adda2568f3df2f5f7164dc63698369','54a6ba96250c955b1a4a65d107aeb9d5','','',0,'Earth',1,'Opal','Little',0,0,0,1,0,'2013-10-25 06:24:39',NULL,'81.196.41.118','en_EN'),(978,'mc2test1976@mc2test.com','937a619931a4ee5d1623a199e8e6ac946c818b5f','4f2dbe3ba1caab69c8ceb3100e3758de','','',0,'Earth',1,'Rene','Walter',0,0,0,1,0,'2013-10-25 06:24:39',NULL,'81.196.41.118','en_EN'),(979,'mc2test1977@mc2test.com','b77139d48e1e046c8679c8775264d2cc59725097','71987d9d3f22090019885a40c33653c5','','',0,'Earth',1,'Brooke','Gomez',0,0,0,1,0,'2013-10-25 06:24:39',NULL,'81.196.41.118','en_EN'),(980,'mc2test1978@mc2test.com','e83a7d558875f9d5c1afe03719b1853beffe7ec5','cc25678aa9de5d140fb2bafd4beda038','','',0,'Earth',1,'Clara','Cuevas',0,0,0,1,0,'2013-10-25 06:24:40',NULL,'81.196.41.118','en_EN'),(981,'mc2test1979@mc2test.com','b262231b84d35a407e6a833f8ba1b99614dc4eb7','0c801762d96999f72b46a063ba2b9b97','','',0,'Earth',1,'Dixie','Carney',0,0,0,1,0,'2013-10-25 06:24:40',NULL,'81.196.41.118','en_EN'),(982,'mc2test1980@mc2test.com','afa9a853e2e51d77fc83096964a5955676794e4f','d19882b77737e40093e394eb2136dfc4','','',0,'Earth',1,'Ollie','Bender',0,0,0,1,0,'2013-10-25 06:24:40',NULL,'81.196.41.118','en_EN'),(983,'mc2test1981@mc2test.com','8af6720124dcda3cb21862ce11206f242cfc2988','7ff3d8e2a8e969ef4dd0adacc5fd61b7','','',0,'Earth',1,'Melba','Ruiz',0,0,0,1,0,'2013-10-25 06:24:41',NULL,'81.196.41.118','en_EN'),(984,'mc2test1982@mc2test.com','f89a705e4114b05ecf5a3656953762d742e0cc94','15a5e9c3689859f1cf321e7312732aaf','','',0,'Earth',1,'Guy','Blackwell',0,0,0,1,0,'2013-10-25 06:24:41',NULL,'81.196.41.118','en_EN'),(985,'mc2test1983@mc2test.com','caf8d1d0a279cab7b13071078da541a462fc6a39','20b8db5f1289196c9d710b3efd37c81f','','',0,'Earth',1,'Margie','Best',0,0,0,1,0,'2013-10-25 06:24:41',NULL,'81.196.41.118','en_EN'),(986,'mc2test1984@mc2test.com','bc51a60107f3b0857173c71699f0751a7f3cb787','209a6304d871d4616499ab97d9190f8a','','',0,'Earth',1,'Jody','Williamson',0,0,0,1,0,'2013-10-25 06:24:41',NULL,'81.196.41.118','en_EN'),(987,'mc2test1986@mc2test.com','77803d7eaafba685092e2c85ea5a6cd679547a59','0a01bea63354fe4d6f8c5a069ea65f92','','',0,'Earth',1,'Desiree','David',0,0,0,1,0,'2013-10-25 06:24:42',NULL,'81.196.41.118','en_EN'),(988,'mc2test1985@mc2test.com','81d1be01ebe8be98e24ac3c70ab8c4da21fc983b','0ce7f3371fccc14afd981654a4b8d620','','',0,'Earth',1,'Alvin','Calderon',0,0,0,1,0,'2013-10-25 06:24:42',NULL,'81.196.41.118','en_EN'),(989,'mc2test1987@mc2test.com','7c4bd64e476b9a9af7fbae32ab4d0ecf884214de','73de496b6761e14e1e0de576b4a64f56','','',0,'Earth',1,'Paul','Love',0,0,0,1,0,'2013-10-25 06:24:43',NULL,'81.196.41.118','en_EN'),(990,'mc2test1988@mc2test.com','8e4d7a7ef8005c83566dc22c2b55cdc49489cab3','4ad5452f720c1863719fe96d87c89210','','',0,'Earth',1,'Doreen','Jarvis',0,0,0,1,0,'2013-10-25 06:24:43',NULL,'81.196.41.118','en_EN'),(991,'mc2test1989@mc2test.com','160ec43873484586b90009628af0de69f5a91528','7dc3528dc68525bb5df6e2e3cbf446a3','','',0,'Earth',1,'Jo','Wiggins',0,0,0,1,0,'2013-10-25 06:24:43',NULL,'81.196.41.118','en_EN'),(992,'mc2test1990@mc2test.com','0755926b97bb880c29f04376f9adaba1f7fda37f','5b08c2c1a4733f591fb9922793b1663d','','',0,'Earth',1,'Rosie','Tanner',0,0,0,1,0,'2013-10-25 06:24:44',NULL,'81.196.41.118','en_EN'),(993,'mc2test1992@mc2test.com','46fff14a1af4bcf5482f6e6ef32aaf445108646f','5add45d135e2e04487cd603b39540a0f','','',0,'Earth',1,'Renee','Briggs',0,0,0,1,0,'2013-10-25 06:24:45',NULL,'81.196.41.118','en_EN'),(994,'mc2test1991@mc2test.com','a3e3a0186611c35e0c749d5f00006fcabe54570b','db28c72ca06d093b13ee94008b253bec','','',0,'Earth',1,'Tracey','Shea',0,0,0,1,0,'2013-10-25 06:24:45',NULL,'81.196.41.118','en_EN'),(995,'mc2test1993@mc2test.com','7f90568ea7e7b413378f9b479d6062315178395e','e104a7fb272ffe2c053b70da8118b195','','',0,'Earth',1,'Dixie','Rivera',0,0,0,1,0,'2013-10-25 06:24:46',NULL,'81.196.41.118','en_EN'),(996,'mc2test1994@mc2test.com','7bf6d18a1ef621a0dd9dc4bdf71b4e10ec303c89','6105ac2784ecebf9fe86ac578aa38442','','',0,'Earth',1,'Esther','Hanson',0,0,0,1,0,'2013-10-25 06:24:46',NULL,'81.196.41.118','en_EN'),(997,'mc2test1995@mc2test.com','4bad250e6b53fc2210951ff956fb6c6805864e9e','0536435d16f67385397fd90d1c08563a','','',0,'Earth',1,'Nichole','Burgess',0,0,0,1,0,'2013-10-25 06:24:47',NULL,'81.196.41.118','en_EN'),(998,'mc2test1996@mc2test.com','82dc72733c2640f2261f13a3453a622d12330a1f','426db33ad4092f9012729b48b572c5a3','','',0,'Earth',1,'Elisa','Welch',0,0,0,1,0,'2013-10-25 06:24:48',NULL,'81.196.41.118','en_EN'),(999,'mc2test1997@mc2test.com','0cadc2ceed6f9680bc45213370394811ae0e7850','14fbf5a66ba4914976ef15982135f507','','',0,'Earth',1,'Kari','Harvey',0,0,0,1,0,'2013-10-25 06:24:49',NULL,'81.196.41.118','en_EN'),(1000,'mc2test1998@mc2test.com','4bb0ee2c05c3b98ef4d9c6a9a730ac1e9de9acb6','859aae58570190e7ba5e51e9c7f2ff69','','',0,'Earth',1,'Brent','Morse',0,0,0,1,0,'2013-10-25 06:24:49',NULL,'81.196.41.118','en_EN'),(1001,'mc2test1999@mc2test.com','d0fe9ec8e4bbe2c86dec0d2c5da65c0650a01785','0a35e93b5873b320e1955983bf4925d9','','',0,'Earth',1,'Randy','Lawrence',0,0,0,1,0,'2013-10-25 06:24:50',NULL,'81.196.41.118','en_EN');
/*!40000 ALTER TABLE `user` ENABLE KEYS */;
UNLOCK TABLES;

--
-- Table structure for table `user_achievements`
--

DROP TABLE IF EXISTS `user_achievements`;
/*!40101 SET @saved_cs_client     = @@character_set_client */;
/*!40101 SET character_set_client = utf8 */;
CREATE TABLE `user_achievements` (
  `id` int(11) NOT NULL AUTO_INCREMENT,
  `user_id` int(11) DEFAULT NULL,
  `achievement_id` int(11) DEFAULT NULL,
  `description` longtext COLLATE utf8_unicode_ci NOT NULL,
  `award_date` datetime NOT NULL,
  `quest_id` int(11) DEFAULT NULL,
  `stage_id` int(11) DEFAULT NULL,
  PRIMARY KEY (`id`),
  KEY `IDX_51EE02FCA76ED395` (`user_id`),
  KEY `IDX_51EE02FCB3EC99FE` (`achievement_id`),
  KEY `IDX_51EE02FC209E9EF4` (`quest_id`),
  KEY `IDX_51EE02FC2298D193` (`stage_id`),
  CONSTRAINT `FK_51EE02FC2298D193` FOREIGN KEY (`stage_id`) REFERENCES `stage` (`id`) ON DELETE CASCADE,
  CONSTRAINT `FK_51EE02FC209E9EF4` FOREIGN KEY (`quest_id`) REFERENCES `quest` (`id`) ON DELETE CASCADE,
  CONSTRAINT `FK_51EE02FCA76ED395` FOREIGN KEY (`user_id`) REFERENCES `user` (`id`) ON DELETE CASCADE,
  CONSTRAINT `FK_51EE02FCB3EC99FE` FOREIGN KEY (`achievement_id`) REFERENCES `achievement` (`id`)
) ENGINE=InnoDB AUTO_INCREMENT=100 DEFAULT CHARSET=utf8 COLLATE=utf8_unicode_ci;
/*!40101 SET character_set_client = @saved_cs_client */;

--
-- Dumping data for table `user_achievements`
--

LOCK TABLES `user_achievements` WRITE;
/*!40000 ALTER TABLE `user_achievements` DISABLE KEYS */;
INSERT INTO `user_achievements` VALUES (1,33,2,'You\'ve completed your first Microaction.','2013-10-25 09:35:02',NULL,NULL),(2,37,2,'You\'ve completed your first Microaction.','2013-10-25 09:35:59',NULL,NULL),(3,40,2,'You\'ve completed your first Microaction.','2013-10-25 09:37:06',NULL,NULL),(4,41,2,'You\'ve completed your first Microaction.','2013-10-25 09:38:17',NULL,NULL),(5,42,2,'You\'ve completed your first Microaction.','2013-10-25 09:39:05',NULL,NULL),(6,45,2,'You\'ve completed your first Microaction.','2013-10-25 09:39:18',NULL,NULL),(7,49,2,'You\'ve completed your first Microaction.','2013-10-25 09:40:15',NULL,NULL),(8,50,2,'You\'ve completed your first Microaction.','2013-10-25 09:40:30',NULL,NULL),(9,56,2,'You\'ve completed your first Microaction.','2013-10-25 09:41:33',NULL,NULL),(10,58,2,'You\'ve completed your first Microaction.','2013-10-25 09:41:42',NULL,NULL),(11,57,2,'You\'ve completed your first Microaction.','2013-10-25 09:43:01',NULL,NULL),(12,59,2,'You\'ve completed your first Microaction.','2013-10-25 09:43:05',NULL,NULL),(13,61,2,'You\'ve completed your first Microaction.','2013-10-25 09:44:01',NULL,NULL),(14,64,2,'You\'ve completed your first Microaction.','2013-10-25 09:44:20',NULL,NULL),(15,62,2,'You\'ve completed your first Microaction.','2013-10-25 09:44:22',NULL,NULL),(16,68,2,'You\'ve completed your first Microaction.','2013-10-25 09:45:19',NULL,NULL),(17,70,2,'You\'ve completed your first Microaction.','2013-10-25 09:45:36',NULL,NULL),(18,76,2,'You\'ve completed your first Microaction.','2013-10-25 09:46:42',NULL,NULL),(19,75,2,'You\'ve completed your first Microaction.','2013-10-25 09:46:44',NULL,NULL),(20,77,2,'You\'ve completed your first Microaction.','2013-10-25 09:47:54',NULL,NULL),(21,78,2,'You\'ve completed your first Microaction.','2013-10-25 09:47:59',NULL,NULL),(22,79,2,'You\'ve completed your first Microaction.','2013-10-25 09:48:59',NULL,NULL),(23,83,2,'You\'ve completed your first Microaction.','2013-10-25 09:49:11',NULL,NULL),(24,81,2,'You\'ve completed your first Microaction.','2013-10-25 09:49:12',NULL,NULL),(25,89,2,'You\'ve completed your first Microaction.','2013-10-25 09:50:17',NULL,NULL),(26,88,2,'You\'ve completed your first Microaction.','2013-10-25 09:50:31',NULL,NULL),(27,91,2,'You\'ve completed your first Microaction.','2013-10-25 09:50:31',NULL,NULL),(28,96,2,'You\'ve completed your first Microaction.','2013-10-25 09:51:31',NULL,NULL),(29,95,2,'You\'ve completed your first Microaction.','2013-10-25 09:51:48',NULL,NULL),(30,97,2,'You\'ve completed your first Microaction.','2013-10-25 09:52:35',NULL,NULL),(31,98,2,'You\'ve completed your first Microaction.','2013-10-25 09:53:05',NULL,NULL),(32,99,2,'You\'ve completed your first Microaction.','2013-10-25 09:53:50',NULL,NULL),(33,102,2,'You\'ve completed your first Microaction.','2013-10-25 09:54:05',NULL,NULL),(34,101,2,'You\'ve completed your first Microaction.','2013-10-25 09:54:27',NULL,NULL),(35,107,2,'You\'ve completed your first Microaction.','2013-10-25 09:55:05',NULL,NULL),(36,109,2,'You\'ve completed your first Microaction.','2013-10-25 09:55:07',NULL,NULL),(37,111,2,'You\'ve completed your first Microaction.','2013-10-25 09:55:44',NULL,NULL),(38,116,2,'You\'ve completed your first Microaction.','2013-10-25 09:56:14',NULL,NULL),(39,115,2,'You\'ve completed your first Microaction.','2013-10-25 09:56:26',NULL,NULL),(40,117,2,'You\'ve completed your first Microaction.','2013-10-25 09:57:22',NULL,NULL),(41,118,2,'You\'ve completed your first Microaction.','2013-10-25 09:57:45',NULL,NULL),(42,119,2,'You\'ve completed your first Microaction.','2013-10-25 09:58:48',NULL,NULL),(43,120,2,'You\'ve completed your first Microaction.','2013-10-25 09:59:02',NULL,NULL),(44,121,2,'You\'ve completed your first Microaction.','2013-10-25 09:59:13',NULL,NULL),(45,126,2,'You\'ve completed your first Microaction.','2013-10-25 10:00:13',NULL,NULL),(46,129,2,'You\'ve completed your first Microaction.','2013-10-25 10:00:31',NULL,NULL),(47,128,2,'You\'ve completed your first Microaction.','2013-10-25 10:00:37',NULL,NULL),(48,135,2,'You\'ve completed your first Microaction.','2013-10-25 10:01:54',NULL,NULL),(49,136,2,'You\'ve completed your first Microaction.','2013-10-25 10:02:11',NULL,NULL),(50,138,2,'You\'ve completed your first Microaction.','2013-10-25 10:03:06',NULL,NULL),(51,137,2,'You\'ve completed your first Microaction.','2013-10-25 10:03:34',NULL,NULL),(52,139,2,'You\'ve completed your first Microaction.','2013-10-25 10:03:59',NULL,NULL),(53,142,2,'You\'ve completed your first Microaction.','2013-10-25 10:04:27',NULL,NULL),(54,145,2,'You\'ve completed your first Microaction.','2013-10-25 10:04:51',NULL,NULL),(55,146,2,'You\'ve completed your first Microaction.','2013-10-25 10:05:19',NULL,NULL),(56,149,2,'You\'ve completed your first Microaction.','2013-10-25 10:05:45',NULL,NULL),(57,152,2,'You\'ve completed your first Microaction.','2013-10-25 10:06:04',NULL,NULL),(58,155,2,'You\'ve completed your first Microaction.','2013-10-25 10:06:38',NULL,NULL),(59,156,2,'You\'ve completed your first Microaction.','2013-10-25 10:07:08',NULL,NULL),(60,157,2,'You\'ve completed your first Microaction.','2013-10-25 10:07:54',NULL,NULL),(61,158,2,'You\'ve completed your first Microaction.','2013-10-25 10:08:28',NULL,NULL),(62,161,2,'You\'ve completed your first Microaction.','2013-10-25 10:09:09',NULL,NULL),(63,160,2,'You\'ve completed your first Microaction.','2013-10-25 10:09:13',NULL,NULL),(64,165,2,'You\'ve completed your first Microaction.','2013-10-25 10:09:57',NULL,NULL),(65,168,2,'You\'ve completed your first Microaction.','2013-10-25 10:10:20',NULL,NULL),(66,169,2,'You\'ve completed your first Microaction.','2013-10-25 10:10:25',NULL,NULL),(67,174,2,'You\'ve completed your first Microaction.','2013-10-25 10:11:12',NULL,NULL),(68,175,2,'You\'ve completed your first Microaction.','2013-10-25 10:11:36',NULL,NULL),(69,176,2,'You\'ve completed your first Microaction.','2013-10-25 10:11:39',NULL,NULL),(70,179,2,'You\'ve completed your first Microaction.','2013-10-25 10:12:42',NULL,NULL),(71,177,2,'You\'ve completed your first Microaction.','2013-10-25 10:13:01',NULL,NULL),(72,178,2,'You\'ve completed your first Microaction.','2013-10-25 10:13:42',NULL,NULL),(73,181,2,'You\'ve completed your first Microaction.','2013-10-25 10:14:05',NULL,NULL),(74,184,2,'You\'ve completed your first Microaction.','2013-10-25 10:14:20',NULL,NULL),(75,185,2,'You\'ve completed your first Microaction.','2013-10-25 10:14:55',NULL,NULL),(76,188,2,'You\'ve completed your first Microaction.','2013-10-25 10:15:16',NULL,NULL),(77,190,2,'You\'ve completed your first Microaction.','2013-10-25 10:15:22',NULL,NULL),(78,195,2,'You\'ve completed your first Microaction.','2013-10-25 10:16:39',NULL,NULL),(79,196,2,'You\'ve completed your first Microaction.','2013-10-25 10:16:45',NULL,NULL),(80,198,2,'You\'ve completed your first Microaction.','2013-10-25 10:17:53',NULL,NULL),(81,197,2,'You\'ve completed your first Microaction.','2013-10-25 10:18:07',NULL,NULL),(82,202,2,'You\'ve completed your first Microaction.','2013-10-25 10:18:57',NULL,NULL),(83,203,2,'You\'ve completed your first Microaction.','2013-10-25 10:19:14',NULL,NULL),(84,200,2,'You\'ve completed your first Microaction.','2013-10-25 10:19:15',NULL,NULL),(85,207,2,'You\'ve completed your first Microaction.','2013-10-25 10:20:14',NULL,NULL),(86,210,2,'You\'ve completed your first Microaction.','2013-10-25 10:20:34',NULL,NULL),(87,211,2,'You\'ve completed your first Microaction.','2013-10-25 10:20:35',NULL,NULL),(88,216,2,'You\'ve completed your first Microaction.','2013-10-25 10:21:53',NULL,NULL),(89,215,2,'You\'ve completed your first Microaction.','2013-10-25 10:21:57',NULL,NULL),(90,218,2,'You\'ve completed your first Microaction.','2013-10-25 10:23:03',NULL,NULL),(91,217,2,'You\'ve completed your first Microaction.','2013-10-25 10:23:13',NULL,NULL),(92,220,2,'You\'ve completed your first Microaction.','2013-10-25 10:24:24',NULL,NULL),(93,219,2,'You\'ve completed your first Microaction.','2013-10-25 10:24:33',NULL,NULL),(94,221,2,'You\'ve completed your first Microaction.','2013-10-25 10:25:40',NULL,NULL),(95,224,2,'You\'ve completed your first Microaction.','2013-10-25 10:25:44',NULL,NULL),(96,222,2,'You\'ve completed your first Microaction.','2013-10-25 10:26:46',NULL,NULL),(97,223,2,'You\'ve completed your first Microaction.','2013-10-25 10:28:04',NULL,NULL),(98,225,2,'You\'ve completed your first Microaction.','2013-10-25 10:29:22',NULL,NULL),(99,226,2,'You\'ve completed your first Microaction.','2013-10-25 10:30:42',NULL,NULL);
/*!40000 ALTER TABLE `user_achievements` ENABLE KEYS */;
UNLOCK TABLES;

--
-- Table structure for table `user_achievements_translation`
--

DROP TABLE IF EXISTS `user_achievements_translation`;
/*!40101 SET @saved_cs_client     = @@character_set_client */;
/*!40101 SET character_set_client = utf8 */;
CREATE TABLE `user_achievements_translation` (
  `id` int(11) NOT NULL AUTO_INCREMENT,
  `user_achievements_id` int(11) DEFAULT NULL,
  `locale` varchar(8) COLLATE utf8_unicode_ci NOT NULL,
  `field` varchar(32) COLLATE utf8_unicode_ci NOT NULL,
  `content` longtext COLLATE utf8_unicode_ci,
  PRIMARY KEY (`id`),
  UNIQUE KEY `unique_user_achievements_translation_idx` (`locale`,`user_achievements_id`,`field`),
  KEY `IDX_BF3D8532AF1BE228` (`user_achievements_id`),
  CONSTRAINT `FK_BF3D8532AF1BE228` FOREIGN KEY (`user_achievements_id`) REFERENCES `user_achievements` (`id`) ON DELETE CASCADE
) ENGINE=InnoDB AUTO_INCREMENT=199 DEFAULT CHARSET=utf8 COLLATE=utf8_unicode_ci;
/*!40101 SET character_set_client = @saved_cs_client */;

--
-- Dumping data for table `user_achievements_translation`
--

LOCK TABLES `user_achievements_translation` WRITE;
/*!40000 ALTER TABLE `user_achievements_translation` DISABLE KEYS */;
INSERT INTO `user_achievements_translation` VALUES (1,1,'fr_FR','description','Vous avez complété votre première Microaction!'),(2,1,'zh_CN','description','你完成了首个微任务！'),(3,2,'fr_FR','description','Vous avez complété votre première Microaction!'),(4,2,'zh_CN','description','你完成了首个微任务！'),(5,3,'fr_FR','description','Vous avez complété votre première Microaction!'),(6,3,'zh_CN','description','你完成了首个微任务！'),(7,4,'fr_FR','description','Vous avez complété votre première Microaction!'),(8,4,'zh_CN','description','你完成了首个微任务！'),(9,5,'fr_FR','description','Vous avez complété votre première Microaction!'),(10,5,'zh_CN','description','你完成了首个微任务！'),(11,6,'fr_FR','description','Vous avez complété votre première Microaction!'),(12,6,'zh_CN','description','你完成了首个微任务！'),(13,7,'fr_FR','description','Vous avez complété votre première Microaction!'),(14,7,'zh_CN','description','你完成了首个微任务！'),(15,8,'fr_FR','description','Vous avez complété votre première Microaction!'),(16,8,'zh_CN','description','你完成了首个微任务！'),(17,9,'fr_FR','description','Vous avez complété votre première Microaction!'),(18,9,'zh_CN','description','你完成了首个微任务！'),(19,10,'fr_FR','description','Vous avez complété votre première Microaction!'),(20,10,'zh_CN','description','你完成了首个微任务！'),(21,11,'fr_FR','description','Vous avez complété votre première Microaction!'),(22,11,'zh_CN','description','你完成了首个微任务！'),(23,12,'fr_FR','description','Vous avez complété votre première Microaction!'),(24,12,'zh_CN','description','你完成了首个微任务！'),(25,13,'fr_FR','description','Vous avez complété votre première Microaction!'),(26,13,'zh_CN','description','你完成了首个微任务！'),(27,14,'fr_FR','description','Vous avez complété votre première Microaction!'),(28,14,'zh_CN','description','你完成了首个微任务！'),(29,15,'fr_FR','description','Vous avez complété votre première Microaction!'),(30,15,'zh_CN','description','你完成了首个微任务！'),(31,16,'fr_FR','description','Vous avez complété votre première Microaction!'),(32,16,'zh_CN','description','你完成了首个微任务！'),(33,17,'fr_FR','description','Vous avez complété votre première Microaction!'),(34,17,'zh_CN','description','你完成了首个微任务！'),(35,18,'fr_FR','description','Vous avez complété votre première Microaction!'),(36,18,'zh_CN','description','你完成了首个微任务！'),(37,19,'fr_FR','description','Vous avez complété votre première Microaction!'),(38,19,'zh_CN','description','你完成了首个微任务！'),(39,20,'fr_FR','description','Vous avez complété votre première Microaction!'),(40,20,'zh_CN','description','你完成了首个微任务！'),(41,21,'fr_FR','description','Vous avez complété votre première Microaction!'),(42,21,'zh_CN','description','你完成了首个微任务！'),(43,22,'fr_FR','description','Vous avez complété votre première Microaction!'),(44,22,'zh_CN','description','你完成了首个微任务！'),(45,23,'fr_FR','description','Vous avez complété votre première Microaction!'),(46,23,'zh_CN','description','你完成了首个微任务！'),(47,24,'fr_FR','description','Vous avez complété votre première Microaction!'),(48,24,'zh_CN','description','你完成了首个微任务！'),(49,25,'fr_FR','description','Vous avez complété votre première Microaction!'),(50,25,'zh_CN','description','你完成了首个微任务！'),(51,26,'fr_FR','description','Vous avez complété votre première Microaction!'),(52,26,'zh_CN','description','你完成了首个微任务！'),(53,27,'fr_FR','description','Vous avez complété votre première Microaction!'),(54,27,'zh_CN','description','你完成了首个微任务！'),(55,28,'fr_FR','description','Vous avez complété votre première Microaction!'),(56,28,'zh_CN','description','你完成了首个微任务！'),(57,29,'fr_FR','description','Vous avez complété votre première Microaction!'),(58,29,'zh_CN','description','你完成了首个微任务！'),(59,30,'fr_FR','description','Vous avez complété votre première Microaction!'),(60,30,'zh_CN','description','你完成了首个微任务！'),(61,31,'fr_FR','description','Vous avez complété votre première Microaction!'),(62,31,'zh_CN','description','你完成了首个微任务！'),(63,32,'fr_FR','description','Vous avez complété votre première Microaction!'),(64,32,'zh_CN','description','你完成了首个微任务！'),(65,33,'fr_FR','description','Vous avez complété votre première Microaction!'),(66,33,'zh_CN','description','你完成了首个微任务！'),(67,34,'fr_FR','description','Vous avez complété votre première Microaction!'),(68,34,'zh_CN','description','你完成了首个微任务！'),(69,35,'fr_FR','description','Vous avez complété votre première Microaction!'),(70,35,'zh_CN','description','你完成了首个微任务！'),(71,36,'fr_FR','description','Vous avez complété votre première Microaction!'),(72,36,'zh_CN','description','你完成了首个微任务！'),(73,37,'fr_FR','description','Vous avez complété votre première Microaction!'),(74,37,'zh_CN','description','你完成了首个微任务！'),(75,38,'fr_FR','description','Vous avez complété votre première Microaction!'),(76,38,'zh_CN','description','你完成了首个微任务！'),(77,39,'fr_FR','description','Vous avez complété votre première Microaction!'),(78,39,'zh_CN','description','你完成了首个微任务！'),(79,40,'fr_FR','description','Vous avez complété votre première Microaction!'),(80,40,'zh_CN','description','你完成了首个微任务！'),(81,41,'fr_FR','description','Vous avez complété votre première Microaction!'),(82,41,'zh_CN','description','你完成了首个微任务！'),(83,42,'fr_FR','description','Vous avez complété votre première Microaction!'),(84,42,'zh_CN','description','你完成了首个微任务！'),(85,43,'fr_FR','description','Vous avez complété votre première Microaction!'),(86,43,'zh_CN','description','你完成了首个微任务！'),(87,44,'fr_FR','description','Vous avez complété votre première Microaction!'),(88,44,'zh_CN','description','你完成了首个微任务！'),(89,45,'fr_FR','description','Vous avez complété votre première Microaction!'),(90,45,'zh_CN','description','你完成了首个微任务！'),(91,46,'fr_FR','description','Vous avez complété votre première Microaction!'),(92,46,'zh_CN','description','你完成了首个微任务！'),(93,47,'fr_FR','description','Vous avez complété votre première Microaction!'),(94,47,'zh_CN','description','你完成了首个微任务！'),(95,48,'fr_FR','description','Vous avez complété votre première Microaction!'),(96,48,'zh_CN','description','你完成了首个微任务！'),(97,49,'fr_FR','description','Vous avez complété votre première Microaction!'),(98,49,'zh_CN','description','你完成了首个微任务！'),(99,50,'fr_FR','description','Vous avez complété votre première Microaction!'),(100,50,'zh_CN','description','你完成了首个微任务！'),(101,51,'fr_FR','description','Vous avez complété votre première Microaction!'),(102,51,'zh_CN','description','你完成了首个微任务！'),(103,52,'fr_FR','description','Vous avez complété votre première Microaction!'),(104,52,'zh_CN','description','你完成了首个微任务！'),(105,53,'fr_FR','description','Vous avez complété votre première Microaction!'),(106,53,'zh_CN','description','你完成了首个微任务！'),(107,54,'fr_FR','description','Vous avez complété votre première Microaction!'),(108,54,'zh_CN','description','你完成了首个微任务！'),(109,55,'fr_FR','description','Vous avez complété votre première Microaction!'),(110,55,'zh_CN','description','你完成了首个微任务！'),(111,56,'fr_FR','description','Vous avez complété votre première Microaction!'),(112,56,'zh_CN','description','你完成了首个微任务！'),(113,57,'fr_FR','description','Vous avez complété votre première Microaction!'),(114,57,'zh_CN','description','你完成了首个微任务！'),(115,58,'fr_FR','description','Vous avez complété votre première Microaction!'),(116,58,'zh_CN','description','你完成了首个微任务！'),(117,59,'fr_FR','description','Vous avez complété votre première Microaction!'),(118,59,'zh_CN','description','你完成了首个微任务！'),(119,60,'fr_FR','description','Vous avez complété votre première Microaction!'),(120,60,'zh_CN','description','你完成了首个微任务！'),(121,61,'fr_FR','description','Vous avez complété votre première Microaction!'),(122,61,'zh_CN','description','你完成了首个微任务！'),(123,62,'fr_FR','description','Vous avez complété votre première Microaction!'),(124,62,'zh_CN','description','你完成了首个微任务！'),(125,63,'fr_FR','description','Vous avez complété votre première Microaction!'),(126,63,'zh_CN','description','你完成了首个微任务！'),(127,64,'fr_FR','description','Vous avez complété votre première Microaction!'),(128,64,'zh_CN','description','你完成了首个微任务！'),(129,65,'fr_FR','description','Vous avez complété votre première Microaction!'),(130,65,'zh_CN','description','你完成了首个微任务！'),(131,66,'fr_FR','description','Vous avez complété votre première Microaction!'),(132,66,'zh_CN','description','你完成了首个微任务！'),(133,67,'fr_FR','description','Vous avez complété votre première Microaction!'),(134,67,'zh_CN','description','你完成了首个微任务！'),(135,68,'fr_FR','description','Vous avez complété votre première Microaction!'),(136,68,'zh_CN','description','你完成了首个微任务！'),(137,69,'fr_FR','description','Vous avez complété votre première Microaction!'),(138,69,'zh_CN','description','你完成了首个微任务！'),(139,70,'fr_FR','description','Vous avez complété votre première Microaction!'),(140,70,'zh_CN','description','你完成了首个微任务！'),(141,71,'fr_FR','description','Vous avez complété votre première Microaction!'),(142,71,'zh_CN','description','你完成了首个微任务！'),(143,72,'fr_FR','description','Vous avez complété votre première Microaction!'),(144,72,'zh_CN','description','你完成了首个微任务！'),(145,73,'fr_FR','description','Vous avez complété votre première Microaction!'),(146,73,'zh_CN','description','你完成了首个微任务！'),(147,74,'fr_FR','description','Vous avez complété votre première Microaction!'),(148,74,'zh_CN','description','你完成了首个微任务！'),(149,75,'fr_FR','description','Vous avez complété votre première Microaction!'),(150,75,'zh_CN','description','你完成了首个微任务！'),(151,76,'fr_FR','description','Vous avez complété votre première Microaction!'),(152,76,'zh_CN','description','你完成了首个微任务！'),(153,77,'fr_FR','description','Vous avez complété votre première Microaction!'),(154,77,'zh_CN','description','你完成了首个微任务！'),(155,78,'fr_FR','description','Vous avez complété votre première Microaction!'),(156,78,'zh_CN','description','你完成了首个微任务！'),(157,79,'fr_FR','description','Vous avez complété votre première Microaction!'),(158,79,'zh_CN','description','你完成了首个微任务！'),(159,80,'fr_FR','description','Vous avez complété votre première Microaction!'),(160,80,'zh_CN','description','你完成了首个微任务！'),(161,81,'fr_FR','description','Vous avez complété votre première Microaction!'),(162,81,'zh_CN','description','你完成了首个微任务！'),(163,82,'fr_FR','description','Vous avez complété votre première Microaction!'),(164,82,'zh_CN','description','你完成了首个微任务！'),(165,83,'fr_FR','description','Vous avez complété votre première Microaction!'),(166,83,'zh_CN','description','你完成了首个微任务！'),(167,84,'fr_FR','description','Vous avez complété votre première Microaction!'),(168,84,'zh_CN','description','你完成了首个微任务！'),(169,85,'fr_FR','description','Vous avez complété votre première Microaction!'),(170,85,'zh_CN','description','你完成了首个微任务！'),(171,86,'fr_FR','description','Vous avez complété votre première Microaction!'),(172,86,'zh_CN','description','你完成了首个微任务！'),(173,87,'fr_FR','description','Vous avez complété votre première Microaction!'),(174,87,'zh_CN','description','你完成了首个微任务！'),(175,88,'fr_FR','description','Vous avez complété votre première Microaction!'),(176,88,'zh_CN','description','你完成了首个微任务！'),(177,89,'fr_FR','description','Vous avez complété votre première Microaction!'),(178,89,'zh_CN','description','你完成了首个微任务！'),(179,90,'fr_FR','description','Vous avez complété votre première Microaction!'),(180,90,'zh_CN','description','你完成了首个微任务！'),(181,91,'fr_FR','description','Vous avez complété votre première Microaction!'),(182,91,'zh_CN','description','你完成了首个微任务！'),(183,92,'fr_FR','description','Vous avez complété votre première Microaction!'),(184,92,'zh_CN','description','你完成了首个微任务！'),(185,93,'fr_FR','description','Vous avez complété votre première Microaction!'),(186,93,'zh_CN','description','你完成了首个微任务！'),(187,94,'fr_FR','description','Vous avez complété votre première Microaction!'),(188,94,'zh_CN','description','你完成了首个微任务！'),(189,95,'fr_FR','description','Vous avez complété votre première Microaction!'),(190,95,'zh_CN','description','你完成了首个微任务！'),(191,96,'fr_FR','description','Vous avez complété votre première Microaction!'),(192,96,'zh_CN','description','你完成了首个微任务！'),(193,97,'fr_FR','description','Vous avez complété votre première Microaction!'),(194,97,'zh_CN','description','你完成了首个微任务！'),(195,98,'fr_FR','description','Vous avez complété votre première Microaction!'),(196,98,'zh_CN','description','你完成了首个微任务！'),(197,99,'fr_FR','description','Vous avez complété votre première Microaction!'),(198,99,'zh_CN','description','你完成了首个微任务！');
/*!40000 ALTER TABLE `user_achievements_translation` ENABLE KEYS */;
UNLOCK TABLES;

--
-- Table structure for table `user_microaction`
--

DROP TABLE IF EXISTS `user_microaction`;
/*!40101 SET @saved_cs_client     = @@character_set_client */;
/*!40101 SET character_set_client = utf8 */;
CREATE TABLE `user_microaction` (
  `id` int(11) NOT NULL AUTO_INCREMENT,
  `user_id` int(11) DEFAULT NULL,
  `microaction_id` int(11) DEFAULT NULL,
  `completed` tinyint(1) NOT NULL,
  `completed_date` datetime DEFAULT NULL,
  `fb_id` varchar(255) COLLATE utf8_unicode_ci DEFAULT NULL,
  `tw_id` varchar(255) COLLATE utf8_unicode_ci DEFAULT NULL,
  `url_visited` tinyint(1) DEFAULT NULL,
  `image` varchar(255) COLLATE utf8_unicode_ci DEFAULT NULL,
  PRIMARY KEY (`id`),
  KEY `IDX_7445B64DA76ED395` (`user_id`),
  KEY `IDX_7445B64DC1AFB8AF` (`microaction_id`),
  CONSTRAINT `FK_7445B64DC1AFB8AF` FOREIGN KEY (`microaction_id`) REFERENCES `microaction` (`id`) ON DELETE CASCADE,
  CONSTRAINT `FK_7445B64DA76ED395` FOREIGN KEY (`user_id`) REFERENCES `user` (`id`)
) ENGINE=InnoDB AUTO_INCREMENT=3179 DEFAULT CHARSET=utf8 COLLATE=utf8_unicode_ci;
/*!40101 SET character_set_client = @saved_cs_client */;

--
-- Dumping data for table `user_microaction`
--

LOCK TABLES `user_microaction` WRITE;
/*!40000 ALTER TABLE `user_microaction` DISABLE KEYS */;
INSERT INTO `user_microaction` VALUES (1,2,1,0,NULL,NULL,NULL,NULL,NULL),(2,2,2,0,NULL,NULL,NULL,NULL,NULL),(3,2,3,0,NULL,NULL,NULL,NULL,NULL),(4,3,1,0,NULL,NULL,NULL,NULL,NULL),(6,3,3,0,NULL,NULL,NULL,NULL,NULL),(7,4,1,0,NULL,NULL,NULL,NULL,NULL),(8,4,2,0,NULL,NULL,NULL,NULL,NULL),(9,4,3,0,NULL,NULL,NULL,NULL,NULL),(10,5,1,0,NULL,NULL,NULL,NULL,NULL),(11,5,2,0,NULL,NULL,NULL,NULL,NULL),(12,5,3,0,NULL,NULL,NULL,NULL,NULL),(13,6,1,0,NULL,NULL,NULL,NULL,NULL),(14,6,2,0,NULL,NULL,NULL,NULL,NULL),(15,6,3,0,NULL,NULL,NULL,NULL,NULL),(16,7,1,0,NULL,NULL,NULL,NULL,NULL),(17,7,2,0,NULL,NULL,NULL,NULL,NULL),(18,7,3,0,NULL,NULL,NULL,NULL,NULL),(19,8,1,0,NULL,NULL,NULL,NULL,NULL),(20,8,2,0,NULL,NULL,NULL,NULL,NULL),(21,8,3,0,NULL,NULL,NULL,NULL,NULL),(22,9,1,0,NULL,NULL,NULL,NULL,NULL),(23,9,2,0,NULL,NULL,NULL,NULL,NULL),(24,9,3,0,NULL,NULL,NULL,NULL,NULL),(25,10,1,0,NULL,NULL,NULL,NULL,NULL),(26,10,2,0,NULL,NULL,NULL,NULL,NULL),(27,10,3,0,NULL,NULL,NULL,NULL,NULL),(28,11,1,0,NULL,NULL,NULL,NULL,NULL),(29,11,2,0,NULL,NULL,NULL,NULL,NULL),(30,11,3,0,NULL,NULL,NULL,NULL,NULL),(31,12,1,0,NULL,NULL,NULL,NULL,NULL),(32,12,2,0,NULL,NULL,NULL,NULL,NULL),(33,12,3,0,NULL,NULL,NULL,NULL,NULL),(34,13,1,0,NULL,NULL,NULL,NULL,NULL),(35,13,2,0,NULL,NULL,NULL,NULL,NULL),(37,14,1,0,NULL,NULL,NULL,NULL,NULL),(38,14,2,0,NULL,NULL,NULL,NULL,NULL),(39,14,3,0,NULL,NULL,NULL,NULL,NULL),(40,15,1,0,NULL,NULL,NULL,NULL,NULL),(41,15,2,0,NULL,NULL,NULL,NULL,NULL),(42,15,3,0,NULL,NULL,NULL,NULL,NULL),(43,16,1,0,NULL,NULL,NULL,NULL,NULL),(44,16,2,0,NULL,NULL,NULL,NULL,NULL),(45,16,3,0,NULL,NULL,NULL,NULL,NULL),(46,17,1,0,NULL,NULL,NULL,NULL,NULL),(47,17,2,0,NULL,NULL,NULL,NULL,NULL),(48,17,3,0,NULL,NULL,NULL,NULL,NULL),(49,18,1,0,NULL,NULL,NULL,NULL,NULL),(50,18,2,0,NULL,NULL,NULL,NULL,NULL),(51,18,3,0,NULL,NULL,NULL,NULL,NULL),(52,19,1,0,NULL,NULL,NULL,NULL,NULL),(53,19,2,0,NULL,NULL,NULL,NULL,NULL),(54,19,3,0,NULL,NULL,NULL,NULL,NULL),(55,20,1,0,NULL,NULL,NULL,NULL,NULL),(56,20,2,0,NULL,NULL,NULL,NULL,NULL),(57,20,3,0,NULL,NULL,NULL,NULL,NULL),(58,21,1,0,NULL,NULL,NULL,NULL,NULL),(59,21,2,0,NULL,NULL,NULL,NULL,NULL),(60,21,3,0,NULL,NULL,NULL,NULL,NULL),(61,22,1,0,NULL,NULL,NULL,NULL,NULL),(62,22,2,0,NULL,NULL,NULL,NULL,NULL),(63,22,3,0,NULL,NULL,NULL,NULL,NULL),(64,23,1,0,NULL,NULL,NULL,NULL,NULL),(65,23,2,0,NULL,NULL,NULL,NULL,NULL),(66,23,3,0,NULL,NULL,NULL,NULL,NULL),(67,24,1,0,NULL,NULL,NULL,NULL,NULL),(68,24,2,0,NULL,NULL,NULL,NULL,NULL),(69,24,3,0,NULL,NULL,NULL,NULL,NULL),(70,25,1,0,NULL,NULL,NULL,NULL,NULL),(71,25,2,0,NULL,NULL,NULL,NULL,NULL),(72,25,3,0,NULL,NULL,NULL,NULL,NULL),(73,26,1,0,NULL,NULL,NULL,NULL,NULL),(74,26,2,0,NULL,NULL,NULL,NULL,NULL),(75,26,3,0,NULL,NULL,NULL,NULL,NULL),(76,27,1,0,NULL,NULL,NULL,NULL,NULL),(77,27,2,0,NULL,NULL,NULL,NULL,NULL),(78,27,3,0,NULL,NULL,NULL,NULL,NULL),(79,28,1,0,NULL,NULL,NULL,NULL,NULL),(80,28,2,0,NULL,NULL,NULL,NULL,NULL),(82,29,1,0,NULL,NULL,NULL,NULL,NULL),(83,29,2,0,NULL,NULL,NULL,NULL,NULL),(84,29,3,0,NULL,NULL,NULL,NULL,NULL),(85,30,1,0,NULL,NULL,NULL,NULL,NULL),(86,30,2,0,NULL,NULL,NULL,NULL,NULL),(87,30,3,0,NULL,NULL,NULL,NULL,NULL),(88,31,1,0,NULL,NULL,NULL,NULL,NULL),(89,31,2,0,NULL,NULL,NULL,NULL,NULL),(90,31,3,0,NULL,NULL,NULL,NULL,NULL),(91,32,1,0,NULL,NULL,NULL,NULL,NULL),(92,32,2,0,NULL,NULL,NULL,NULL,NULL),(93,32,3,0,NULL,NULL,NULL,NULL,NULL),(94,33,1,0,NULL,NULL,NULL,NULL,NULL),(95,33,2,0,NULL,NULL,NULL,NULL,NULL),(97,34,1,0,NULL,NULL,NULL,NULL,NULL),(98,34,2,0,NULL,NULL,NULL,NULL,NULL),(99,34,3,0,NULL,NULL,NULL,NULL,NULL),(100,35,1,0,NULL,NULL,NULL,NULL,NULL),(101,35,2,0,NULL,NULL,NULL,NULL,NULL),(102,35,3,0,NULL,NULL,NULL,NULL,NULL),(103,36,1,0,NULL,NULL,NULL,NULL,NULL),(104,36,2,0,NULL,NULL,NULL,NULL,NULL),(105,36,3,0,NULL,NULL,NULL,NULL,NULL),(106,37,1,0,NULL,NULL,NULL,NULL,NULL),(107,37,2,0,NULL,NULL,NULL,NULL,NULL),(109,38,1,0,NULL,NULL,NULL,NULL,NULL),(110,38,2,0,NULL,NULL,NULL,NULL,NULL),(111,38,3,0,NULL,NULL,NULL,NULL,NULL),(112,39,1,0,NULL,NULL,NULL,NULL,NULL),(113,39,2,0,NULL,NULL,NULL,NULL,NULL),(114,39,3,0,NULL,NULL,NULL,NULL,NULL),(115,40,1,0,NULL,NULL,NULL,NULL,NULL),(116,40,2,0,NULL,NULL,NULL,NULL,NULL),(117,40,3,0,NULL,NULL,NULL,NULL,NULL),(118,41,1,0,NULL,NULL,NULL,NULL,NULL),(119,41,2,0,NULL,NULL,NULL,NULL,NULL),(121,42,1,0,NULL,NULL,NULL,NULL,NULL),(123,42,3,0,NULL,NULL,NULL,NULL,NULL),(124,43,1,0,NULL,NULL,NULL,NULL,NULL),(125,43,2,0,NULL,NULL,NULL,NULL,NULL),(126,43,3,0,NULL,NULL,NULL,NULL,NULL),(127,44,1,0,NULL,NULL,NULL,NULL,NULL),(128,44,2,0,NULL,NULL,NULL,NULL,NULL),(129,44,3,0,NULL,NULL,NULL,NULL,NULL),(130,45,1,0,NULL,NULL,NULL,NULL,NULL),(131,45,2,0,NULL,NULL,NULL,NULL,NULL),(132,45,3,0,NULL,NULL,NULL,NULL,NULL),(133,46,1,0,NULL,NULL,NULL,NULL,NULL),(134,46,2,0,NULL,NULL,NULL,NULL,NULL),(135,46,3,0,NULL,NULL,NULL,NULL,NULL),(136,47,1,0,NULL,NULL,NULL,NULL,NULL),(137,47,2,0,NULL,NULL,NULL,NULL,NULL),(138,47,3,0,NULL,NULL,NULL,NULL,NULL),(139,48,1,0,NULL,NULL,NULL,NULL,NULL),(140,48,2,0,NULL,NULL,NULL,NULL,NULL),(141,48,3,0,NULL,NULL,NULL,NULL,NULL),(142,49,1,0,NULL,NULL,NULL,NULL,NULL),(143,49,2,0,NULL,NULL,NULL,NULL,NULL),(144,49,3,0,NULL,NULL,NULL,NULL,NULL),(145,50,1,0,NULL,NULL,NULL,NULL,NULL),(146,50,2,0,NULL,NULL,NULL,NULL,NULL),(147,50,3,0,NULL,NULL,NULL,NULL,NULL),(148,51,1,0,NULL,NULL,NULL,NULL,NULL),(149,51,2,0,NULL,NULL,NULL,NULL,NULL),(150,51,3,0,NULL,NULL,NULL,NULL,NULL),(151,52,1,0,NULL,NULL,NULL,NULL,NULL),(152,52,2,0,NULL,NULL,NULL,NULL,NULL),(153,52,3,0,NULL,NULL,NULL,NULL,NULL),(154,53,1,0,NULL,NULL,NULL,NULL,NULL),(155,53,2,0,NULL,NULL,NULL,NULL,NULL),(156,53,3,0,NULL,NULL,NULL,NULL,NULL),(157,54,1,0,NULL,NULL,NULL,NULL,NULL),(158,54,2,0,NULL,NULL,NULL,NULL,NULL),(159,54,3,0,NULL,NULL,NULL,NULL,NULL),(160,55,1,0,NULL,NULL,NULL,NULL,NULL),(161,55,2,0,NULL,NULL,NULL,NULL,NULL),(162,55,3,0,NULL,NULL,NULL,NULL,NULL),(163,56,1,0,NULL,NULL,NULL,NULL,NULL),(164,56,2,0,NULL,NULL,NULL,NULL,NULL),(166,57,1,0,NULL,NULL,NULL,NULL,NULL),(167,57,2,0,NULL,NULL,NULL,NULL,NULL),(169,58,1,0,NULL,NULL,NULL,NULL,NULL),(170,58,2,0,NULL,NULL,NULL,NULL,NULL),(171,58,3,0,NULL,NULL,NULL,NULL,NULL),(172,59,1,0,NULL,NULL,NULL,NULL,NULL),(173,59,2,0,NULL,NULL,NULL,NULL,NULL),(174,59,3,0,NULL,NULL,NULL,NULL,NULL),(175,60,1,0,NULL,NULL,NULL,NULL,NULL),(176,60,2,0,NULL,NULL,NULL,NULL,NULL),(177,60,3,0,NULL,NULL,NULL,NULL,NULL),(178,61,1,0,NULL,NULL,NULL,NULL,NULL),(179,61,2,0,NULL,NULL,NULL,NULL,NULL),(180,61,3,0,NULL,NULL,NULL,NULL,NULL),(181,62,1,0,NULL,NULL,NULL,NULL,NULL),(182,62,2,0,NULL,NULL,NULL,NULL,NULL),(183,62,3,0,NULL,NULL,NULL,NULL,NULL),(184,63,1,0,NULL,NULL,NULL,NULL,NULL),(185,63,2,0,NULL,NULL,NULL,NULL,NULL),(186,63,3,0,NULL,NULL,NULL,NULL,NULL),(187,64,1,0,NULL,NULL,NULL,NULL,NULL),(188,64,2,0,NULL,NULL,NULL,NULL,NULL),(189,64,3,0,NULL,NULL,NULL,NULL,NULL),(190,65,1,0,NULL,NULL,NULL,NULL,NULL),(191,65,2,0,NULL,NULL,NULL,NULL,NULL),(192,65,3,0,NULL,NULL,NULL,NULL,NULL),(193,66,1,0,NULL,NULL,NULL,NULL,NULL),(194,66,2,0,NULL,NULL,NULL,NULL,NULL),(195,66,3,0,NULL,NULL,NULL,NULL,NULL),(196,67,1,0,NULL,NULL,NULL,NULL,NULL),(197,67,2,0,NULL,NULL,NULL,NULL,NULL),(198,67,3,0,NULL,NULL,NULL,NULL,NULL),(199,68,1,0,NULL,NULL,NULL,NULL,NULL),(200,69,1,0,NULL,NULL,NULL,NULL,NULL),(201,69,2,0,NULL,NULL,NULL,NULL,NULL),(202,69,3,0,NULL,NULL,NULL,NULL,NULL),(203,68,2,0,NULL,NULL,NULL,NULL,NULL),(204,68,3,0,NULL,NULL,NULL,NULL,NULL),(205,70,1,0,NULL,NULL,NULL,NULL,NULL),(206,70,2,0,NULL,NULL,NULL,NULL,NULL),(207,70,3,0,NULL,NULL,NULL,NULL,NULL),(208,71,1,0,NULL,NULL,NULL,NULL,NULL),(209,71,2,0,NULL,NULL,NULL,NULL,NULL),(210,71,3,0,NULL,NULL,NULL,NULL,NULL),(211,72,1,0,NULL,NULL,NULL,NULL,NULL),(212,72,2,0,NULL,NULL,NULL,NULL,NULL),(213,72,3,0,NULL,NULL,NULL,NULL,NULL),(214,73,1,0,NULL,NULL,NULL,NULL,NULL),(215,73,2,0,NULL,NULL,NULL,NULL,NULL),(216,73,3,0,NULL,NULL,NULL,NULL,NULL),(217,74,1,0,NULL,NULL,NULL,NULL,NULL),(218,74,2,0,NULL,NULL,NULL,NULL,NULL),(219,74,3,0,NULL,NULL,NULL,NULL,NULL),(221,75,2,0,NULL,NULL,NULL,NULL,NULL),(222,75,3,0,NULL,NULL,NULL,NULL,NULL),(223,76,1,0,NULL,NULL,NULL,NULL,NULL),(224,76,2,0,NULL,NULL,NULL,NULL,NULL),(225,76,3,0,NULL,NULL,NULL,NULL,NULL),(226,77,1,0,NULL,NULL,NULL,NULL,NULL),(227,77,2,0,NULL,NULL,NULL,NULL,NULL),(229,78,1,0,NULL,NULL,NULL,NULL,NULL),(230,78,2,0,NULL,NULL,NULL,NULL,NULL),(231,78,3,0,NULL,NULL,NULL,NULL,NULL),(232,79,1,0,NULL,NULL,NULL,NULL,NULL),(233,79,2,0,NULL,NULL,NULL,NULL,NULL),(234,79,3,0,NULL,NULL,NULL,NULL,NULL),(235,80,1,0,NULL,NULL,NULL,NULL,NULL),(236,80,2,0,NULL,NULL,NULL,NULL,NULL),(237,80,3,0,NULL,NULL,NULL,NULL,NULL),(238,81,1,0,NULL,NULL,NULL,NULL,NULL),(239,81,2,0,NULL,NULL,NULL,NULL,NULL),(240,81,3,0,NULL,NULL,NULL,NULL,NULL),(241,82,1,0,NULL,NULL,NULL,NULL,NULL),(242,82,2,0,NULL,NULL,NULL,NULL,NULL),(243,82,3,0,NULL,NULL,NULL,NULL,NULL),(244,83,1,0,NULL,NULL,NULL,NULL,NULL),(245,83,2,0,NULL,NULL,NULL,NULL,NULL),(246,83,3,0,NULL,NULL,NULL,NULL,NULL),(247,84,1,0,NULL,NULL,NULL,NULL,NULL),(248,84,2,0,NULL,NULL,NULL,NULL,NULL),(249,84,3,0,NULL,NULL,NULL,NULL,NULL),(250,85,1,0,NULL,NULL,NULL,NULL,NULL),(251,85,2,0,NULL,NULL,NULL,NULL,NULL),(252,85,3,0,NULL,NULL,NULL,NULL,NULL),(253,86,1,0,NULL,NULL,NULL,NULL,NULL),(254,86,2,0,NULL,NULL,NULL,NULL,NULL),(255,86,3,0,NULL,NULL,NULL,NULL,NULL),(256,87,1,0,NULL,NULL,NULL,NULL,NULL),(257,87,2,0,NULL,NULL,NULL,NULL,NULL),(258,87,3,0,NULL,NULL,NULL,NULL,NULL),(260,88,2,0,NULL,NULL,NULL,NULL,NULL),(261,88,3,0,NULL,NULL,NULL,NULL,NULL),(262,89,1,0,NULL,NULL,NULL,NULL,NULL),(263,89,2,0,NULL,NULL,NULL,NULL,NULL),(264,89,3,0,NULL,NULL,NULL,NULL,NULL),(265,90,1,0,NULL,NULL,NULL,NULL,NULL),(266,90,2,0,NULL,NULL,NULL,NULL,NULL),(267,90,3,0,NULL,NULL,NULL,NULL,NULL),(268,91,1,0,NULL,NULL,NULL,NULL,NULL),(269,91,2,0,NULL,NULL,NULL,NULL,NULL),(270,91,3,0,NULL,NULL,NULL,NULL,NULL),(271,92,1,0,NULL,NULL,NULL,NULL,NULL),(272,92,2,0,NULL,NULL,NULL,NULL,NULL),(273,92,3,0,NULL,NULL,NULL,NULL,NULL),(274,93,1,0,NULL,NULL,NULL,NULL,NULL),(275,93,2,0,NULL,NULL,NULL,NULL,NULL),(276,93,3,0,NULL,NULL,NULL,NULL,NULL),(277,94,1,0,NULL,NULL,NULL,NULL,NULL),(278,94,2,0,NULL,NULL,NULL,NULL,NULL),(279,94,3,0,NULL,NULL,NULL,NULL,NULL),(280,95,1,0,NULL,NULL,NULL,NULL,NULL),(281,95,2,0,NULL,NULL,NULL,NULL,NULL),(282,95,3,0,NULL,NULL,NULL,NULL,NULL),(283,96,1,0,NULL,NULL,NULL,NULL,NULL),(284,96,2,0,NULL,NULL,NULL,NULL,NULL),(285,96,3,0,NULL,NULL,NULL,NULL,NULL),(286,97,1,0,NULL,NULL,NULL,NULL,NULL),(287,97,2,0,NULL,NULL,NULL,NULL,NULL),(288,97,3,0,NULL,NULL,NULL,NULL,NULL),(289,98,1,0,NULL,NULL,NULL,NULL,NULL),(290,98,2,0,NULL,NULL,NULL,NULL,NULL),(291,98,3,0,NULL,NULL,NULL,NULL,NULL),(292,99,1,0,NULL,NULL,NULL,NULL,NULL),(293,99,2,0,NULL,NULL,NULL,NULL,NULL),(294,100,1,0,NULL,NULL,NULL,NULL,NULL),(295,99,3,0,NULL,NULL,NULL,NULL,NULL),(296,100,2,0,NULL,NULL,NULL,NULL,NULL),(297,100,3,0,NULL,NULL,NULL,NULL,NULL),(299,101,2,0,NULL,NULL,NULL,NULL,NULL),(300,101,3,0,NULL,NULL,NULL,NULL,NULL),(301,102,1,0,NULL,NULL,NULL,NULL,NULL),(302,102,2,0,NULL,NULL,NULL,NULL,NULL),(303,102,3,0,NULL,NULL,NULL,NULL,NULL),(304,103,1,0,NULL,NULL,NULL,NULL,NULL),(305,103,2,0,NULL,NULL,NULL,NULL,NULL),(306,103,3,0,NULL,NULL,NULL,NULL,NULL),(307,104,1,0,NULL,NULL,NULL,NULL,NULL),(308,104,2,0,NULL,NULL,NULL,NULL,NULL),(309,104,3,0,NULL,NULL,NULL,NULL,NULL),(310,105,1,0,NULL,NULL,NULL,NULL,NULL),(311,105,2,0,NULL,NULL,NULL,NULL,NULL),(312,105,3,0,NULL,NULL,NULL,NULL,NULL),(313,106,1,0,NULL,NULL,NULL,NULL,NULL),(314,106,2,0,NULL,NULL,NULL,NULL,NULL),(315,106,3,0,NULL,NULL,NULL,NULL,NULL),(316,107,1,0,NULL,NULL,NULL,NULL,NULL),(318,107,3,0,NULL,NULL,NULL,NULL,NULL),(319,108,1,0,NULL,NULL,NULL,NULL,NULL),(320,108,2,0,NULL,NULL,NULL,NULL,NULL),(321,108,3,0,NULL,NULL,NULL,NULL,NULL),(322,109,1,0,NULL,NULL,NULL,NULL,NULL),(323,109,2,0,NULL,NULL,NULL,NULL,NULL),(324,109,3,0,NULL,NULL,NULL,NULL,NULL),(325,110,1,0,NULL,NULL,NULL,NULL,NULL),(326,110,2,0,NULL,NULL,NULL,NULL,NULL),(327,110,3,0,NULL,NULL,NULL,NULL,NULL),(328,111,1,0,NULL,NULL,NULL,NULL,NULL),(330,111,3,0,NULL,NULL,NULL,NULL,NULL),(331,112,1,0,NULL,NULL,NULL,NULL,NULL),(332,112,2,0,NULL,NULL,NULL,NULL,NULL),(333,112,3,0,NULL,NULL,NULL,NULL,NULL),(334,113,1,0,NULL,NULL,NULL,NULL,NULL),(335,113,2,0,NULL,NULL,NULL,NULL,NULL),(336,113,3,0,NULL,NULL,NULL,NULL,NULL),(337,114,1,0,NULL,NULL,NULL,NULL,NULL),(338,114,2,0,NULL,NULL,NULL,NULL,NULL),(339,114,3,0,NULL,NULL,NULL,NULL,NULL),(341,115,2,0,NULL,NULL,NULL,NULL,NULL),(342,115,3,0,NULL,NULL,NULL,NULL,NULL),(343,116,1,0,NULL,NULL,NULL,NULL,NULL),(344,116,2,0,NULL,NULL,NULL,NULL,NULL),(346,117,1,0,NULL,NULL,NULL,NULL,NULL),(347,117,2,0,NULL,NULL,NULL,NULL,NULL),(348,117,3,0,NULL,NULL,NULL,NULL,NULL),(350,118,2,0,NULL,NULL,NULL,NULL,NULL),(351,118,3,0,NULL,NULL,NULL,NULL,NULL),(353,119,2,0,NULL,NULL,NULL,NULL,NULL),(354,119,3,0,NULL,NULL,NULL,NULL,NULL),(355,120,1,0,NULL,NULL,NULL,NULL,NULL),(357,120,3,0,NULL,NULL,NULL,NULL,NULL),(358,121,1,0,NULL,NULL,NULL,NULL,NULL),(359,121,2,0,NULL,NULL,NULL,NULL,NULL),(361,122,1,0,NULL,NULL,NULL,NULL,NULL),(362,122,2,0,NULL,NULL,NULL,NULL,NULL),(363,122,3,0,NULL,NULL,NULL,NULL,NULL),(364,123,1,0,NULL,NULL,NULL,NULL,NULL),(365,123,2,0,NULL,NULL,NULL,NULL,NULL),(366,123,3,0,NULL,NULL,NULL,NULL,NULL),(367,124,1,0,NULL,NULL,NULL,NULL,NULL),(368,125,1,0,NULL,NULL,NULL,NULL,NULL),(369,125,2,0,NULL,NULL,NULL,NULL,NULL),(370,124,2,0,NULL,NULL,NULL,NULL,NULL),(371,125,3,0,NULL,NULL,NULL,NULL,NULL),(372,124,3,0,NULL,NULL,NULL,NULL,NULL),(373,126,1,0,NULL,NULL,NULL,NULL,NULL),(374,126,2,0,NULL,NULL,NULL,NULL,NULL),(375,126,3,0,NULL,NULL,NULL,NULL,NULL),(376,127,1,0,NULL,NULL,NULL,NULL,NULL),(377,127,2,0,NULL,NULL,NULL,NULL,NULL),(378,127,3,0,NULL,NULL,NULL,NULL,NULL),(379,128,1,0,NULL,NULL,NULL,NULL,NULL),(381,128,3,0,NULL,NULL,NULL,NULL,NULL),(383,129,2,0,NULL,NULL,NULL,NULL,NULL),(384,129,3,0,NULL,NULL,NULL,NULL,NULL),(385,130,1,0,NULL,NULL,NULL,NULL,NULL),(386,130,2,0,NULL,NULL,NULL,NULL,NULL),(387,130,3,0,NULL,NULL,NULL,NULL,NULL),(388,131,1,0,NULL,NULL,NULL,NULL,NULL),(389,131,2,0,NULL,NULL,NULL,NULL,NULL),(390,131,3,0,NULL,NULL,NULL,NULL,NULL),(391,132,1,0,NULL,NULL,NULL,NULL,NULL),(392,132,2,0,NULL,NULL,NULL,NULL,NULL),(393,132,3,0,NULL,NULL,NULL,NULL,NULL),(394,133,1,0,NULL,NULL,NULL,NULL,NULL),(395,133,2,0,NULL,NULL,NULL,NULL,NULL),(396,133,3,0,NULL,NULL,NULL,NULL,NULL),(397,134,1,0,NULL,NULL,NULL,NULL,NULL),(398,134,2,0,NULL,NULL,NULL,NULL,NULL),(399,134,3,0,NULL,NULL,NULL,NULL,NULL),(400,135,1,0,NULL,NULL,NULL,NULL,NULL),(401,135,2,0,NULL,NULL,NULL,NULL,NULL),(402,135,3,0,NULL,NULL,NULL,NULL,NULL),(403,136,1,0,NULL,NULL,NULL,NULL,NULL),(404,136,2,0,NULL,NULL,NULL,NULL,NULL),(405,136,3,0,NULL,NULL,NULL,NULL,NULL),(406,137,1,0,NULL,NULL,NULL,NULL,NULL),(407,137,2,0,NULL,NULL,NULL,NULL,NULL),(409,138,1,0,NULL,NULL,NULL,NULL,NULL),(410,138,2,0,NULL,NULL,NULL,NULL,NULL),(411,138,3,0,NULL,NULL,NULL,NULL,NULL),(412,139,1,0,NULL,NULL,NULL,NULL,NULL),(413,139,2,0,NULL,NULL,NULL,NULL,NULL),(414,139,3,0,NULL,NULL,NULL,NULL,NULL),(415,140,1,0,NULL,NULL,NULL,NULL,NULL),(416,140,2,0,NULL,NULL,NULL,NULL,NULL),(417,140,3,0,NULL,NULL,NULL,NULL,NULL),(418,141,1,0,NULL,NULL,NULL,NULL,NULL),(419,141,2,0,NULL,NULL,NULL,NULL,NULL),(420,141,3,0,NULL,NULL,NULL,NULL,NULL),(421,142,1,0,NULL,NULL,NULL,NULL,NULL),(422,142,2,0,NULL,NULL,NULL,NULL,NULL),(423,142,3,0,NULL,NULL,NULL,NULL,NULL),(424,143,1,0,NULL,NULL,NULL,NULL,NULL),(425,143,2,0,NULL,NULL,NULL,NULL,NULL),(426,143,3,0,NULL,NULL,NULL,NULL,NULL),(427,144,1,0,NULL,NULL,NULL,NULL,NULL),(428,144,2,0,NULL,NULL,NULL,NULL,NULL),(429,144,3,0,NULL,NULL,NULL,NULL,NULL),(430,145,1,0,NULL,NULL,NULL,NULL,NULL),(431,145,2,0,NULL,NULL,NULL,NULL,NULL),(432,145,3,0,NULL,NULL,NULL,NULL,NULL),(433,146,1,0,NULL,NULL,NULL,NULL,NULL),(434,146,2,0,NULL,NULL,NULL,NULL,NULL),(435,146,3,0,NULL,NULL,NULL,NULL,NULL),(436,147,1,0,NULL,NULL,NULL,NULL,NULL),(437,147,2,0,NULL,NULL,NULL,NULL,NULL),(438,147,3,0,NULL,NULL,NULL,NULL,NULL),(439,148,1,0,NULL,NULL,NULL,NULL,NULL),(440,148,2,0,NULL,NULL,NULL,NULL,NULL),(441,148,3,0,NULL,NULL,NULL,NULL,NULL),(442,150,1,0,NULL,NULL,NULL,NULL,NULL),(443,150,2,0,NULL,NULL,NULL,NULL,NULL),(444,150,3,0,NULL,NULL,NULL,NULL,NULL),(445,149,1,0,NULL,NULL,NULL,NULL,NULL),(446,149,2,0,NULL,NULL,NULL,NULL,NULL),(447,149,3,0,NULL,NULL,NULL,NULL,NULL),(448,151,1,0,NULL,NULL,NULL,NULL,NULL),(449,151,2,0,NULL,NULL,NULL,NULL,NULL),(450,151,3,0,NULL,NULL,NULL,NULL,NULL),(451,152,1,0,NULL,NULL,NULL,NULL,NULL),(452,152,2,0,NULL,NULL,NULL,NULL,NULL),(453,152,3,0,NULL,NULL,NULL,NULL,NULL),(454,153,1,0,NULL,NULL,NULL,NULL,NULL),(455,153,2,0,NULL,NULL,NULL,NULL,NULL),(456,153,3,0,NULL,NULL,NULL,NULL,NULL),(457,154,1,0,NULL,NULL,NULL,NULL,NULL),(458,154,2,0,NULL,NULL,NULL,NULL,NULL),(459,154,3,0,NULL,NULL,NULL,NULL,NULL),(460,155,1,0,NULL,NULL,NULL,NULL,NULL),(461,155,2,0,NULL,NULL,NULL,NULL,NULL),(462,155,3,0,NULL,NULL,NULL,NULL,NULL),(463,156,1,0,NULL,NULL,NULL,NULL,NULL),(464,156,2,0,NULL,NULL,NULL,NULL,NULL),(466,157,1,0,NULL,NULL,NULL,NULL,NULL),(467,157,2,0,NULL,NULL,NULL,NULL,NULL),(469,158,1,0,NULL,NULL,NULL,NULL,NULL),(470,158,2,0,NULL,NULL,NULL,NULL,NULL),(471,158,3,0,NULL,NULL,NULL,NULL,NULL),(472,159,1,0,NULL,NULL,NULL,NULL,NULL),(473,159,2,0,NULL,NULL,NULL,NULL,NULL),(474,159,3,0,NULL,NULL,NULL,NULL,NULL),(475,160,1,0,NULL,NULL,NULL,NULL,NULL),(476,160,2,0,NULL,NULL,NULL,NULL,NULL),(477,160,3,0,NULL,NULL,NULL,NULL,NULL),(478,161,1,0,NULL,NULL,NULL,NULL,NULL),(479,161,2,0,NULL,NULL,NULL,NULL,NULL),(480,161,3,0,NULL,NULL,NULL,NULL,NULL),(481,162,1,0,NULL,NULL,NULL,NULL,NULL),(482,162,2,0,NULL,NULL,NULL,NULL,NULL),(483,162,3,0,NULL,NULL,NULL,NULL,NULL),(484,163,1,0,NULL,NULL,NULL,NULL,NULL),(485,163,2,0,NULL,NULL,NULL,NULL,NULL),(486,163,3,0,NULL,NULL,NULL,NULL,NULL),(487,164,1,0,NULL,NULL,NULL,NULL,NULL),(488,164,2,0,NULL,NULL,NULL,NULL,NULL),(489,164,3,0,NULL,NULL,NULL,NULL,NULL),(490,165,1,0,NULL,NULL,NULL,NULL,NULL),(491,165,2,0,NULL,NULL,NULL,NULL,NULL),(492,165,3,0,NULL,NULL,NULL,NULL,NULL),(493,166,1,0,NULL,NULL,NULL,NULL,NULL),(494,166,2,0,NULL,NULL,NULL,NULL,NULL),(495,166,3,0,NULL,NULL,NULL,NULL,NULL),(496,167,1,0,NULL,NULL,NULL,NULL,NULL),(497,167,2,0,NULL,NULL,NULL,NULL,NULL),(498,167,3,0,NULL,NULL,NULL,NULL,NULL),(499,168,1,0,NULL,NULL,NULL,NULL,NULL),(500,168,2,0,NULL,NULL,NULL,NULL,NULL),(501,168,3,0,NULL,NULL,NULL,NULL,NULL),(502,169,1,0,NULL,NULL,NULL,NULL,NULL),(504,169,3,0,NULL,NULL,NULL,NULL,NULL),(505,170,1,0,NULL,NULL,NULL,NULL,NULL),(506,170,2,0,NULL,NULL,NULL,NULL,NULL),(507,170,3,0,NULL,NULL,NULL,NULL,NULL),(508,171,1,0,NULL,NULL,NULL,NULL,NULL),(509,171,2,0,NULL,NULL,NULL,NULL,NULL),(510,171,3,0,NULL,NULL,NULL,NULL,NULL),(511,172,1,0,NULL,NULL,NULL,NULL,NULL),(512,172,2,0,NULL,NULL,NULL,NULL,NULL),(513,172,3,0,NULL,NULL,NULL,NULL,NULL),(514,173,1,0,NULL,NULL,NULL,NULL,NULL),(515,173,2,0,NULL,NULL,NULL,NULL,NULL),(516,173,3,0,NULL,NULL,NULL,NULL,NULL),(517,174,1,0,NULL,NULL,NULL,NULL,NULL),(518,174,2,0,NULL,NULL,NULL,NULL,NULL),(519,174,3,0,NULL,NULL,NULL,NULL,NULL),(520,175,1,0,NULL,NULL,NULL,NULL,NULL),(521,175,2,0,NULL,NULL,NULL,NULL,NULL),(522,175,3,0,NULL,NULL,NULL,NULL,NULL),(523,176,1,0,NULL,NULL,NULL,NULL,NULL),(524,176,2,0,NULL,NULL,NULL,NULL,NULL),(525,176,3,0,NULL,NULL,NULL,NULL,NULL),(526,177,1,0,NULL,NULL,NULL,NULL,NULL),(527,177,2,0,NULL,NULL,NULL,NULL,NULL),(528,177,3,0,NULL,NULL,NULL,NULL,NULL),(529,178,1,0,NULL,NULL,NULL,NULL,NULL),(530,178,2,0,NULL,NULL,NULL,NULL,NULL),(531,178,3,0,NULL,NULL,NULL,NULL,NULL),(532,179,1,0,NULL,NULL,NULL,NULL,NULL),(533,179,2,0,NULL,NULL,NULL,NULL,NULL),(535,180,1,0,NULL,NULL,NULL,NULL,NULL),(536,180,2,0,NULL,NULL,NULL,NULL,NULL),(537,180,3,0,NULL,NULL,NULL,NULL,NULL),(538,181,1,0,NULL,NULL,NULL,NULL,NULL),(539,181,2,0,NULL,NULL,NULL,NULL,NULL),(541,182,1,0,NULL,NULL,NULL,NULL,NULL),(542,182,2,0,NULL,NULL,NULL,NULL,NULL),(543,182,3,0,NULL,NULL,NULL,NULL,NULL),(544,183,1,0,NULL,NULL,NULL,NULL,NULL),(545,183,2,0,NULL,NULL,NULL,NULL,NULL),(546,183,3,0,NULL,NULL,NULL,NULL,NULL),(547,184,1,0,NULL,NULL,NULL,NULL,NULL),(549,184,3,0,NULL,NULL,NULL,NULL,NULL),(550,185,1,0,NULL,NULL,NULL,NULL,NULL),(551,185,2,0,NULL,NULL,NULL,NULL,NULL),(552,185,3,0,NULL,NULL,NULL,NULL,NULL),(553,186,1,0,NULL,NULL,NULL,NULL,NULL),(554,186,2,0,NULL,NULL,NULL,NULL,NULL),(555,187,1,0,NULL,NULL,NULL,NULL,NULL),(556,186,3,0,NULL,NULL,NULL,NULL,NULL),(557,187,2,0,NULL,NULL,NULL,NULL,NULL),(558,187,3,0,NULL,NULL,NULL,NULL,NULL),(559,188,1,0,NULL,NULL,NULL,NULL,NULL),(560,188,2,0,NULL,NULL,NULL,NULL,NULL),(561,188,3,0,NULL,NULL,NULL,NULL,NULL),(562,189,1,0,NULL,NULL,NULL,NULL,NULL),(563,189,2,0,NULL,NULL,NULL,NULL,NULL),(564,189,3,0,NULL,NULL,NULL,NULL,NULL),(565,190,1,0,NULL,NULL,NULL,NULL,NULL),(566,190,2,0,NULL,NULL,NULL,NULL,NULL),(567,190,3,0,NULL,NULL,NULL,NULL,NULL),(568,191,1,0,NULL,NULL,NULL,NULL,NULL),(569,191,2,0,NULL,NULL,NULL,NULL,NULL),(570,191,3,0,NULL,NULL,NULL,NULL,NULL),(571,192,1,0,NULL,NULL,NULL,NULL,NULL),(572,192,2,0,NULL,NULL,NULL,NULL,NULL),(573,192,3,0,NULL,NULL,NULL,NULL,NULL),(574,193,1,0,NULL,NULL,NULL,NULL,NULL),(575,193,2,0,NULL,NULL,NULL,NULL,NULL),(576,193,3,0,NULL,NULL,NULL,NULL,NULL),(577,194,1,0,NULL,NULL,NULL,NULL,NULL),(578,194,2,0,NULL,NULL,NULL,NULL,NULL),(579,194,3,0,NULL,NULL,NULL,NULL,NULL),(580,195,1,0,NULL,NULL,NULL,NULL,NULL),(581,195,2,0,NULL,NULL,NULL,NULL,NULL),(582,195,3,0,NULL,NULL,NULL,NULL,NULL),(583,196,1,0,NULL,NULL,NULL,NULL,NULL),(584,196,2,0,NULL,NULL,NULL,NULL,NULL),(585,196,3,0,NULL,NULL,NULL,NULL,NULL),(587,197,2,0,NULL,NULL,NULL,NULL,NULL),(588,197,3,0,NULL,NULL,NULL,NULL,NULL),(589,198,1,0,NULL,NULL,NULL,NULL,NULL),(590,198,2,0,NULL,NULL,NULL,NULL,NULL),(592,199,1,0,NULL,NULL,NULL,NULL,NULL),(593,199,2,0,NULL,NULL,NULL,NULL,NULL),(594,199,3,0,NULL,NULL,NULL,NULL,NULL),(595,200,1,0,NULL,NULL,NULL,NULL,NULL),(596,200,2,0,NULL,NULL,NULL,NULL,NULL),(597,200,3,0,NULL,NULL,NULL,NULL,NULL),(598,201,1,0,NULL,NULL,NULL,NULL,NULL),(599,201,2,0,NULL,NULL,NULL,NULL,NULL),(600,201,3,0,NULL,NULL,NULL,NULL,NULL),(601,202,1,0,NULL,NULL,NULL,NULL,NULL),(602,202,2,0,NULL,NULL,NULL,NULL,NULL),(603,202,3,0,NULL,NULL,NULL,NULL,NULL),(604,203,1,0,NULL,NULL,NULL,NULL,NULL),(605,203,2,0,NULL,NULL,NULL,NULL,NULL),(606,203,3,0,NULL,NULL,NULL,NULL,NULL),(607,204,1,0,NULL,NULL,NULL,NULL,NULL),(608,204,2,0,NULL,NULL,NULL,NULL,NULL),(609,204,3,0,NULL,NULL,NULL,NULL,NULL),(610,205,1,0,NULL,NULL,NULL,NULL,NULL),(611,205,2,0,NULL,NULL,NULL,NULL,NULL),(612,205,3,0,NULL,NULL,NULL,NULL,NULL),(613,206,1,0,NULL,NULL,NULL,NULL,NULL),(614,206,2,0,NULL,NULL,NULL,NULL,NULL),(615,206,3,0,NULL,NULL,NULL,NULL,NULL),(616,207,1,0,NULL,NULL,NULL,NULL,NULL),(618,207,3,0,NULL,NULL,NULL,NULL,NULL),(619,208,1,0,NULL,NULL,NULL,NULL,NULL),(620,208,2,0,NULL,NULL,NULL,NULL,NULL),(621,208,3,0,NULL,NULL,NULL,NULL,NULL),(622,209,1,0,NULL,NULL,NULL,NULL,NULL),(623,209,2,0,NULL,NULL,NULL,NULL,NULL),(624,209,3,0,NULL,NULL,NULL,NULL,NULL),(625,210,1,0,NULL,NULL,NULL,NULL,NULL),(626,210,2,0,NULL,NULL,NULL,NULL,NULL),(628,211,1,0,NULL,NULL,NULL,NULL,NULL),(629,211,2,0,NULL,NULL,NULL,NULL,NULL),(630,211,3,0,NULL,NULL,NULL,NULL,NULL),(631,212,1,0,NULL,NULL,NULL,NULL,NULL),(632,212,2,0,NULL,NULL,NULL,NULL,NULL),(633,212,3,0,NULL,NULL,NULL,NULL,NULL),(634,213,1,0,NULL,NULL,NULL,NULL,NULL),(635,213,2,0,NULL,NULL,NULL,NULL,NULL),(636,213,3,0,NULL,NULL,NULL,NULL,NULL),(637,214,1,0,NULL,NULL,NULL,NULL,NULL),(638,214,2,0,NULL,NULL,NULL,NULL,NULL),(639,214,3,0,NULL,NULL,NULL,NULL,NULL),(641,215,2,0,NULL,NULL,NULL,NULL,NULL),(642,215,3,0,NULL,NULL,NULL,NULL,NULL),(643,216,1,0,NULL,NULL,NULL,NULL,NULL),(644,216,2,0,NULL,NULL,NULL,NULL,NULL),(645,216,3,0,NULL,NULL,NULL,NULL,NULL),(647,217,2,0,NULL,NULL,NULL,NULL,NULL),(648,217,3,0,NULL,NULL,NULL,NULL,NULL),(649,218,1,0,NULL,NULL,NULL,NULL,NULL),(650,218,2,0,NULL,NULL,NULL,NULL,NULL),(651,218,3,0,NULL,NULL,NULL,NULL,NULL),(652,219,1,0,NULL,NULL,NULL,NULL,NULL),(653,219,2,0,NULL,NULL,NULL,NULL,NULL),(654,219,3,0,NULL,NULL,NULL,NULL,NULL),(655,220,1,0,NULL,NULL,NULL,NULL,NULL),(656,220,2,0,NULL,NULL,NULL,NULL,NULL),(657,220,3,0,NULL,NULL,NULL,NULL,NULL),(658,221,1,0,NULL,NULL,NULL,NULL,NULL),(659,221,2,0,NULL,NULL,NULL,NULL,NULL),(661,222,1,0,NULL,NULL,NULL,NULL,NULL),(662,222,2,0,NULL,NULL,NULL,NULL,NULL),(663,222,3,0,NULL,NULL,NULL,NULL,NULL),(664,223,1,0,NULL,NULL,NULL,NULL,NULL),(665,223,2,0,NULL,NULL,NULL,NULL,NULL),(666,223,3,0,NULL,NULL,NULL,NULL,NULL),(667,224,1,0,NULL,NULL,NULL,NULL,NULL),(668,224,2,0,NULL,NULL,NULL,NULL,NULL),(669,224,3,0,NULL,NULL,NULL,NULL,NULL),(670,225,1,0,NULL,NULL,NULL,NULL,NULL),(671,225,2,0,NULL,NULL,NULL,NULL,NULL),(672,225,3,0,NULL,NULL,NULL,NULL,NULL),(673,226,1,0,NULL,NULL,NULL,NULL,NULL),(674,226,2,0,NULL,NULL,NULL,NULL,NULL),(675,226,3,0,NULL,NULL,NULL,NULL,NULL),(676,227,1,0,NULL,NULL,NULL,NULL,NULL),(677,227,2,0,NULL,NULL,NULL,NULL,NULL),(678,227,3,0,NULL,NULL,NULL,NULL,NULL),(679,228,1,0,NULL,NULL,NULL,NULL,NULL),(680,228,2,0,NULL,NULL,NULL,NULL,NULL),(681,228,3,0,NULL,NULL,NULL,NULL,NULL),(682,229,1,0,NULL,NULL,NULL,NULL,NULL),(683,229,2,0,NULL,NULL,NULL,NULL,NULL),(684,229,3,0,NULL,NULL,NULL,NULL,NULL),(685,230,1,0,NULL,NULL,NULL,NULL,NULL),(686,230,2,0,NULL,NULL,NULL,NULL,NULL),(687,230,3,0,NULL,NULL,NULL,NULL,NULL),(688,231,1,0,NULL,NULL,NULL,NULL,NULL),(689,231,2,0,NULL,NULL,NULL,NULL,NULL),(690,231,3,0,NULL,NULL,NULL,NULL,NULL),(691,232,1,0,NULL,NULL,NULL,NULL,NULL),(692,232,2,0,NULL,NULL,NULL,NULL,NULL),(693,232,3,0,NULL,NULL,NULL,NULL,NULL),(694,233,1,0,NULL,NULL,NULL,NULL,NULL),(695,233,2,0,NULL,NULL,NULL,NULL,NULL),(696,233,3,0,NULL,NULL,NULL,NULL,NULL),(697,234,1,0,NULL,NULL,NULL,NULL,NULL),(698,234,2,0,NULL,NULL,NULL,NULL,NULL),(699,234,3,0,NULL,NULL,NULL,NULL,NULL),(700,235,1,0,NULL,NULL,NULL,NULL,NULL),(701,235,2,0,NULL,NULL,NULL,NULL,NULL),(702,235,3,0,NULL,NULL,NULL,NULL,NULL),(703,236,1,0,NULL,NULL,NULL,NULL,NULL),(704,236,2,0,NULL,NULL,NULL,NULL,NULL),(705,236,3,0,NULL,NULL,NULL,NULL,NULL),(706,237,1,0,NULL,NULL,NULL,NULL,NULL),(707,237,2,0,NULL,NULL,NULL,NULL,NULL),(708,237,3,0,NULL,NULL,NULL,NULL,NULL),(709,238,1,0,NULL,NULL,NULL,NULL,NULL),(710,238,2,0,NULL,NULL,NULL,NULL,NULL),(711,238,3,0,NULL,NULL,NULL,NULL,NULL),(712,239,1,0,NULL,NULL,NULL,NULL,NULL),(713,239,2,0,NULL,NULL,NULL,NULL,NULL),(714,239,3,0,NULL,NULL,NULL,NULL,NULL),(715,240,1,0,NULL,NULL,NULL,NULL,NULL),(716,240,2,0,NULL,NULL,NULL,NULL,NULL),(717,240,3,0,NULL,NULL,NULL,NULL,NULL),(718,241,1,0,NULL,NULL,NULL,NULL,NULL),(719,241,2,0,NULL,NULL,NULL,NULL,NULL),(720,241,3,0,NULL,NULL,NULL,NULL,NULL),(721,242,1,0,NULL,NULL,NULL,NULL,NULL),(722,242,2,0,NULL,NULL,NULL,NULL,NULL),(723,242,3,0,NULL,NULL,NULL,NULL,NULL),(724,243,1,0,NULL,NULL,NULL,NULL,NULL),(725,243,2,0,NULL,NULL,NULL,NULL,NULL),(726,243,3,0,NULL,NULL,NULL,NULL,NULL),(727,244,1,0,NULL,NULL,NULL,NULL,NULL),(728,244,2,0,NULL,NULL,NULL,NULL,NULL),(729,244,3,0,NULL,NULL,NULL,NULL,NULL),(730,245,1,0,NULL,NULL,NULL,NULL,NULL),(731,245,2,0,NULL,NULL,NULL,NULL,NULL),(732,245,3,0,NULL,NULL,NULL,NULL,NULL),(733,246,1,0,NULL,NULL,NULL,NULL,NULL),(734,246,2,0,NULL,NULL,NULL,NULL,NULL),(735,246,3,0,NULL,NULL,NULL,NULL,NULL),(736,247,1,0,NULL,NULL,NULL,NULL,NULL),(737,247,2,0,NULL,NULL,NULL,NULL,NULL),(738,247,3,0,NULL,NULL,NULL,NULL,NULL),(739,248,1,0,NULL,NULL,NULL,NULL,NULL),(740,248,2,0,NULL,NULL,NULL,NULL,NULL),(741,248,3,0,NULL,NULL,NULL,NULL,NULL),(742,249,1,0,NULL,NULL,NULL,NULL,NULL),(743,249,2,0,NULL,NULL,NULL,NULL,NULL),(744,249,3,0,NULL,NULL,NULL,NULL,NULL),(745,250,1,0,NULL,NULL,NULL,NULL,NULL),(746,250,2,0,NULL,NULL,NULL,NULL,NULL),(747,250,3,0,NULL,NULL,NULL,NULL,NULL),(748,251,1,0,NULL,NULL,NULL,NULL,NULL),(749,251,2,0,NULL,NULL,NULL,NULL,NULL),(750,251,3,0,NULL,NULL,NULL,NULL,NULL),(751,252,1,0,NULL,NULL,NULL,NULL,NULL),(752,252,2,0,NULL,NULL,NULL,NULL,NULL),(753,252,3,0,NULL,NULL,NULL,NULL,NULL),(754,253,1,0,NULL,NULL,NULL,NULL,NULL),(755,253,2,0,NULL,NULL,NULL,NULL,NULL),(756,253,3,0,NULL,NULL,NULL,NULL,NULL),(757,254,1,0,NULL,NULL,NULL,NULL,NULL),(758,254,2,0,NULL,NULL,NULL,NULL,NULL),(759,254,3,0,NULL,NULL,NULL,NULL,NULL),(760,255,1,0,NULL,NULL,NULL,NULL,NULL),(761,255,2,0,NULL,NULL,NULL,NULL,NULL),(762,255,3,0,NULL,NULL,NULL,NULL,NULL),(763,256,1,0,NULL,NULL,NULL,NULL,NULL),(764,256,2,0,NULL,NULL,NULL,NULL,NULL),(765,256,3,0,NULL,NULL,NULL,NULL,NULL),(766,257,1,0,NULL,NULL,NULL,NULL,NULL),(767,257,2,0,NULL,NULL,NULL,NULL,NULL),(768,257,3,0,NULL,NULL,NULL,NULL,NULL),(769,258,1,0,NULL,NULL,NULL,NULL,NULL),(770,258,2,0,NULL,NULL,NULL,NULL,NULL),(771,258,3,0,NULL,NULL,NULL,NULL,NULL),(772,259,1,0,NULL,NULL,NULL,NULL,NULL),(773,259,2,0,NULL,NULL,NULL,NULL,NULL),(774,259,3,0,NULL,NULL,NULL,NULL,NULL),(775,260,1,0,NULL,NULL,NULL,NULL,NULL),(776,260,2,0,NULL,NULL,NULL,NULL,NULL),(777,260,3,0,NULL,NULL,NULL,NULL,NULL),(778,261,1,0,NULL,NULL,NULL,NULL,NULL),(779,261,2,0,NULL,NULL,NULL,NULL,NULL),(780,261,3,0,NULL,NULL,NULL,NULL,NULL),(781,262,1,0,NULL,NULL,NULL,NULL,NULL),(782,262,2,0,NULL,NULL,NULL,NULL,NULL),(783,262,3,0,NULL,NULL,NULL,NULL,NULL),(784,263,1,0,NULL,NULL,NULL,NULL,NULL),(785,263,2,0,NULL,NULL,NULL,NULL,NULL),(786,263,3,0,NULL,NULL,NULL,NULL,NULL),(787,264,1,0,NULL,NULL,NULL,NULL,NULL),(788,264,2,0,NULL,NULL,NULL,NULL,NULL),(789,264,3,0,NULL,NULL,NULL,NULL,NULL),(790,265,1,0,NULL,NULL,NULL,NULL,NULL),(791,265,2,0,NULL,NULL,NULL,NULL,NULL),(792,265,3,0,NULL,NULL,NULL,NULL,NULL),(793,266,1,0,NULL,NULL,NULL,NULL,NULL),(794,266,2,0,NULL,NULL,NULL,NULL,NULL),(795,266,3,0,NULL,NULL,NULL,NULL,NULL),(796,267,1,0,NULL,NULL,NULL,NULL,NULL),(797,267,2,0,NULL,NULL,NULL,NULL,NULL),(798,267,3,0,NULL,NULL,NULL,NULL,NULL),(799,268,1,0,NULL,NULL,NULL,NULL,NULL),(800,268,2,0,NULL,NULL,NULL,NULL,NULL),(801,268,3,0,NULL,NULL,NULL,NULL,NULL),(802,269,1,0,NULL,NULL,NULL,NULL,NULL),(803,269,2,0,NULL,NULL,NULL,NULL,NULL),(804,269,3,0,NULL,NULL,NULL,NULL,NULL),(805,270,1,0,NULL,NULL,NULL,NULL,NULL),(806,270,2,0,NULL,NULL,NULL,NULL,NULL),(807,270,3,0,NULL,NULL,NULL,NULL,NULL),(808,271,1,0,NULL,NULL,NULL,NULL,NULL),(809,271,2,0,NULL,NULL,NULL,NULL,NULL),(810,271,3,0,NULL,NULL,NULL,NULL,NULL),(811,272,1,0,NULL,NULL,NULL,NULL,NULL),(812,272,2,0,NULL,NULL,NULL,NULL,NULL),(813,272,3,0,NULL,NULL,NULL,NULL,NULL),(814,273,1,0,NULL,NULL,NULL,NULL,NULL),(815,273,2,0,NULL,NULL,NULL,NULL,NULL),(816,273,3,0,NULL,NULL,NULL,NULL,NULL),(817,274,1,0,NULL,NULL,NULL,NULL,NULL),(818,274,2,0,NULL,NULL,NULL,NULL,NULL),(819,274,3,0,NULL,NULL,NULL,NULL,NULL),(820,275,1,0,NULL,NULL,NULL,NULL,NULL),(821,275,2,0,NULL,NULL,NULL,NULL,NULL),(822,275,3,0,NULL,NULL,NULL,NULL,NULL),(823,276,1,0,NULL,NULL,NULL,NULL,NULL),(824,276,2,0,NULL,NULL,NULL,NULL,NULL),(825,276,3,0,NULL,NULL,NULL,NULL,NULL),(826,277,1,0,NULL,NULL,NULL,NULL,NULL),(827,277,2,0,NULL,NULL,NULL,NULL,NULL),(828,277,3,0,NULL,NULL,NULL,NULL,NULL),(829,278,1,0,NULL,NULL,NULL,NULL,NULL),(830,278,2,0,NULL,NULL,NULL,NULL,NULL),(831,278,3,0,NULL,NULL,NULL,NULL,NULL),(832,279,1,0,NULL,NULL,NULL,NULL,NULL),(833,279,2,0,NULL,NULL,NULL,NULL,NULL),(834,279,3,0,NULL,NULL,NULL,NULL,NULL),(835,280,1,0,NULL,NULL,NULL,NULL,NULL),(836,280,2,0,NULL,NULL,NULL,NULL,NULL),(837,280,3,0,NULL,NULL,NULL,NULL,NULL),(838,281,1,0,NULL,NULL,NULL,NULL,NULL),(839,281,2,0,NULL,NULL,NULL,NULL,NULL),(840,281,3,0,NULL,NULL,NULL,NULL,NULL),(841,282,1,0,NULL,NULL,NULL,NULL,NULL),(842,282,2,0,NULL,NULL,NULL,NULL,NULL),(843,282,3,0,NULL,NULL,NULL,NULL,NULL),(844,283,1,0,NULL,NULL,NULL,NULL,NULL),(845,283,2,0,NULL,NULL,NULL,NULL,NULL),(846,283,3,0,NULL,NULL,NULL,NULL,NULL),(847,284,1,0,NULL,NULL,NULL,NULL,NULL),(848,284,2,0,NULL,NULL,NULL,NULL,NULL),(849,284,3,0,NULL,NULL,NULL,NULL,NULL),(850,285,1,0,NULL,NULL,NULL,NULL,NULL),(851,285,2,0,NULL,NULL,NULL,NULL,NULL),(852,285,3,0,NULL,NULL,NULL,NULL,NULL),(853,286,1,0,NULL,NULL,NULL,NULL,NULL),(854,286,2,0,NULL,NULL,NULL,NULL,NULL),(855,286,3,0,NULL,NULL,NULL,NULL,NULL),(856,287,1,0,NULL,NULL,NULL,NULL,NULL),(857,287,2,0,NULL,NULL,NULL,NULL,NULL),(858,287,3,0,NULL,NULL,NULL,NULL,NULL),(859,288,1,0,NULL,NULL,NULL,NULL,NULL),(860,288,2,0,NULL,NULL,NULL,NULL,NULL),(861,288,3,0,NULL,NULL,NULL,NULL,NULL),(862,289,1,0,NULL,NULL,NULL,NULL,NULL),(863,289,2,0,NULL,NULL,NULL,NULL,NULL),(864,289,3,0,NULL,NULL,NULL,NULL,NULL),(865,290,1,0,NULL,NULL,NULL,NULL,NULL),(866,290,2,0,NULL,NULL,NULL,NULL,NULL),(867,290,3,0,NULL,NULL,NULL,NULL,NULL),(868,291,1,0,NULL,NULL,NULL,NULL,NULL),(869,291,2,0,NULL,NULL,NULL,NULL,NULL),(870,291,3,0,NULL,NULL,NULL,NULL,NULL),(871,292,1,0,NULL,NULL,NULL,NULL,NULL),(872,292,2,0,NULL,NULL,NULL,NULL,NULL),(873,292,3,0,NULL,NULL,NULL,NULL,NULL),(874,293,1,0,NULL,NULL,NULL,NULL,NULL),(875,293,2,0,NULL,NULL,NULL,NULL,NULL),(876,293,3,0,NULL,NULL,NULL,NULL,NULL),(877,294,1,0,NULL,NULL,NULL,NULL,NULL),(878,294,2,0,NULL,NULL,NULL,NULL,NULL),(879,294,3,0,NULL,NULL,NULL,NULL,NULL),(880,295,1,0,NULL,NULL,NULL,NULL,NULL),(881,295,2,0,NULL,NULL,NULL,NULL,NULL),(882,295,3,0,NULL,NULL,NULL,NULL,NULL),(883,296,1,0,NULL,NULL,NULL,NULL,NULL),(884,296,2,0,NULL,NULL,NULL,NULL,NULL),(885,296,3,0,NULL,NULL,NULL,NULL,NULL),(886,297,1,0,NULL,NULL,NULL,NULL,NULL),(887,297,2,0,NULL,NULL,NULL,NULL,NULL),(888,297,3,0,NULL,NULL,NULL,NULL,NULL),(889,298,1,0,NULL,NULL,NULL,NULL,NULL),(890,298,2,0,NULL,NULL,NULL,NULL,NULL),(891,298,3,0,NULL,NULL,NULL,NULL,NULL),(892,299,1,0,NULL,NULL,NULL,NULL,NULL),(893,299,2,0,NULL,NULL,NULL,NULL,NULL),(894,299,3,0,NULL,NULL,NULL,NULL,NULL),(895,300,1,0,NULL,NULL,NULL,NULL,NULL),(896,300,2,0,NULL,NULL,NULL,NULL,NULL),(897,300,3,0,NULL,NULL,NULL,NULL,NULL),(898,301,1,0,NULL,NULL,NULL,NULL,NULL),(899,301,2,0,NULL,NULL,NULL,NULL,NULL),(900,301,3,0,NULL,NULL,NULL,NULL,NULL),(901,302,1,0,NULL,NULL,NULL,NULL,NULL),(902,302,2,0,NULL,NULL,NULL,NULL,NULL),(903,302,3,0,NULL,NULL,NULL,NULL,NULL),(904,303,1,0,NULL,NULL,NULL,NULL,NULL),(905,303,2,0,NULL,NULL,NULL,NULL,NULL),(906,303,3,0,NULL,NULL,NULL,NULL,NULL),(907,304,1,0,NULL,NULL,NULL,NULL,NULL),(908,304,2,0,NULL,NULL,NULL,NULL,NULL),(909,304,3,0,NULL,NULL,NULL,NULL,NULL),(910,305,1,0,NULL,NULL,NULL,NULL,NULL),(911,305,2,0,NULL,NULL,NULL,NULL,NULL),(912,305,3,0,NULL,NULL,NULL,NULL,NULL),(913,306,1,0,NULL,NULL,NULL,NULL,NULL),(914,306,2,0,NULL,NULL,NULL,NULL,NULL),(915,306,3,0,NULL,NULL,NULL,NULL,NULL),(916,307,1,0,NULL,NULL,NULL,NULL,NULL),(917,307,2,0,NULL,NULL,NULL,NULL,NULL),(918,307,3,0,NULL,NULL,NULL,NULL,NULL),(919,308,1,0,NULL,NULL,NULL,NULL,NULL),(920,308,2,0,NULL,NULL,NULL,NULL,NULL),(921,308,3,0,NULL,NULL,NULL,NULL,NULL),(922,309,1,0,NULL,NULL,NULL,NULL,NULL),(923,309,2,0,NULL,NULL,NULL,NULL,NULL),(924,309,3,0,NULL,NULL,NULL,NULL,NULL),(925,310,1,0,NULL,NULL,NULL,NULL,NULL),(926,310,2,0,NULL,NULL,NULL,NULL,NULL),(927,310,3,0,NULL,NULL,NULL,NULL,NULL),(928,311,1,0,NULL,NULL,NULL,NULL,NULL),(929,311,2,0,NULL,NULL,NULL,NULL,NULL),(930,311,3,0,NULL,NULL,NULL,NULL,NULL),(931,312,1,0,NULL,NULL,NULL,NULL,NULL),(932,312,2,0,NULL,NULL,NULL,NULL,NULL),(933,312,3,0,NULL,NULL,NULL,NULL,NULL),(934,313,1,0,NULL,NULL,NULL,NULL,NULL),(935,313,2,0,NULL,NULL,NULL,NULL,NULL),(936,313,3,0,NULL,NULL,NULL,NULL,NULL),(937,314,1,0,NULL,NULL,NULL,NULL,NULL),(938,314,2,0,NULL,NULL,NULL,NULL,NULL),(939,314,3,0,NULL,NULL,NULL,NULL,NULL),(940,315,1,0,NULL,NULL,NULL,NULL,NULL),(941,315,2,0,NULL,NULL,NULL,NULL,NULL),(942,315,3,0,NULL,NULL,NULL,NULL,NULL),(943,316,1,0,NULL,NULL,NULL,NULL,NULL),(944,316,2,0,NULL,NULL,NULL,NULL,NULL),(945,316,3,0,NULL,NULL,NULL,NULL,NULL),(946,317,1,0,NULL,NULL,NULL,NULL,NULL),(947,317,2,0,NULL,NULL,NULL,NULL,NULL),(948,317,3,0,NULL,NULL,NULL,NULL,NULL),(949,318,1,0,NULL,NULL,NULL,NULL,NULL),(950,318,2,0,NULL,NULL,NULL,NULL,NULL),(951,318,3,0,NULL,NULL,NULL,NULL,NULL),(952,319,1,0,NULL,NULL,NULL,NULL,NULL),(953,319,2,0,NULL,NULL,NULL,NULL,NULL),(954,319,3,0,NULL,NULL,NULL,NULL,NULL),(955,320,1,0,NULL,NULL,NULL,NULL,NULL),(956,320,2,0,NULL,NULL,NULL,NULL,NULL),(957,320,3,0,NULL,NULL,NULL,NULL,NULL),(958,321,1,0,NULL,NULL,NULL,NULL,NULL),(959,321,2,0,NULL,NULL,NULL,NULL,NULL),(960,321,3,0,NULL,NULL,NULL,NULL,NULL),(961,322,1,0,NULL,NULL,NULL,NULL,NULL),(962,322,2,0,NULL,NULL,NULL,NULL,NULL),(963,322,3,0,NULL,NULL,NULL,NULL,NULL),(964,323,1,0,NULL,NULL,NULL,NULL,NULL),(965,323,2,0,NULL,NULL,NULL,NULL,NULL),(966,323,3,0,NULL,NULL,NULL,NULL,NULL),(967,324,1,0,NULL,NULL,NULL,NULL,NULL),(968,324,2,0,NULL,NULL,NULL,NULL,NULL),(969,324,3,0,NULL,NULL,NULL,NULL,NULL),(970,325,1,0,NULL,NULL,NULL,NULL,NULL),(971,325,2,0,NULL,NULL,NULL,NULL,NULL),(972,325,3,0,NULL,NULL,NULL,NULL,NULL),(973,326,1,0,NULL,NULL,NULL,NULL,NULL),(974,326,2,0,NULL,NULL,NULL,NULL,NULL),(975,326,3,0,NULL,NULL,NULL,NULL,NULL),(976,327,1,0,NULL,NULL,NULL,NULL,NULL),(977,327,2,0,NULL,NULL,NULL,NULL,NULL),(978,327,3,0,NULL,NULL,NULL,NULL,NULL),(979,328,1,0,NULL,NULL,NULL,NULL,NULL),(980,328,2,0,NULL,NULL,NULL,NULL,NULL),(981,328,3,0,NULL,NULL,NULL,NULL,NULL),(982,329,1,0,NULL,NULL,NULL,NULL,NULL),(983,329,2,0,NULL,NULL,NULL,NULL,NULL),(984,329,3,0,NULL,NULL,NULL,NULL,NULL),(985,330,1,0,NULL,NULL,NULL,NULL,NULL),(986,330,2,0,NULL,NULL,NULL,NULL,NULL),(987,330,3,0,NULL,NULL,NULL,NULL,NULL),(988,331,1,0,NULL,NULL,NULL,NULL,NULL),(989,331,2,0,NULL,NULL,NULL,NULL,NULL),(990,331,3,0,NULL,NULL,NULL,NULL,NULL),(991,332,1,0,NULL,NULL,NULL,NULL,NULL),(992,332,2,0,NULL,NULL,NULL,NULL,NULL),(993,332,3,0,NULL,NULL,NULL,NULL,NULL),(994,333,1,0,NULL,NULL,NULL,NULL,NULL),(995,333,2,0,NULL,NULL,NULL,NULL,NULL),(996,333,3,0,NULL,NULL,NULL,NULL,NULL),(997,334,1,0,NULL,NULL,NULL,NULL,NULL),(998,334,2,0,NULL,NULL,NULL,NULL,NULL),(999,334,3,0,NULL,NULL,NULL,NULL,NULL),(1000,335,1,0,NULL,NULL,NULL,NULL,NULL),(1001,335,2,0,NULL,NULL,NULL,NULL,NULL),(1002,335,3,0,NULL,NULL,NULL,NULL,NULL),(1003,336,1,0,NULL,NULL,NULL,NULL,NULL),(1004,336,2,0,NULL,NULL,NULL,NULL,NULL),(1005,336,3,0,NULL,NULL,NULL,NULL,NULL),(1006,337,1,0,NULL,NULL,NULL,NULL,NULL),(1007,337,2,0,NULL,NULL,NULL,NULL,NULL),(1008,337,3,0,NULL,NULL,NULL,NULL,NULL),(1009,338,1,0,NULL,NULL,NULL,NULL,NULL),(1010,338,2,0,NULL,NULL,NULL,NULL,NULL),(1011,338,3,0,NULL,NULL,NULL,NULL,NULL),(1012,339,1,0,NULL,NULL,NULL,NULL,NULL),(1013,339,2,0,NULL,NULL,NULL,NULL,NULL),(1014,339,3,0,NULL,NULL,NULL,NULL,NULL),(1015,340,1,0,NULL,NULL,NULL,NULL,NULL),(1016,340,2,0,NULL,NULL,NULL,NULL,NULL),(1017,340,3,0,NULL,NULL,NULL,NULL,NULL),(1018,341,1,0,NULL,NULL,NULL,NULL,NULL),(1019,341,2,0,NULL,NULL,NULL,NULL,NULL),(1020,341,3,0,NULL,NULL,NULL,NULL,NULL),(1021,342,1,0,NULL,NULL,NULL,NULL,NULL),(1022,342,2,0,NULL,NULL,NULL,NULL,NULL),(1023,342,3,0,NULL,NULL,NULL,NULL,NULL),(1024,343,1,0,NULL,NULL,NULL,NULL,NULL),(1025,343,2,0,NULL,NULL,NULL,NULL,NULL),(1026,343,3,0,NULL,NULL,NULL,NULL,NULL),(1027,344,1,0,NULL,NULL,NULL,NULL,NULL),(1028,344,2,0,NULL,NULL,NULL,NULL,NULL),(1029,344,3,0,NULL,NULL,NULL,NULL,NULL),(1030,345,1,0,NULL,NULL,NULL,NULL,NULL),(1031,345,2,0,NULL,NULL,NULL,NULL,NULL),(1032,345,3,0,NULL,NULL,NULL,NULL,NULL),(1033,346,1,0,NULL,NULL,NULL,NULL,NULL),(1034,346,2,0,NULL,NULL,NULL,NULL,NULL),(1035,346,3,0,NULL,NULL,NULL,NULL,NULL),(1036,347,1,0,NULL,NULL,NULL,NULL,NULL),(1037,347,2,0,NULL,NULL,NULL,NULL,NULL),(1038,347,3,0,NULL,NULL,NULL,NULL,NULL),(1039,348,1,0,NULL,NULL,NULL,NULL,NULL),(1040,348,2,0,NULL,NULL,NULL,NULL,NULL),(1041,348,3,0,NULL,NULL,NULL,NULL,NULL),(1042,349,1,0,NULL,NULL,NULL,NULL,NULL),(1043,349,2,0,NULL,NULL,NULL,NULL,NULL),(1044,349,3,0,NULL,NULL,NULL,NULL,NULL),(1045,350,1,0,NULL,NULL,NULL,NULL,NULL),(1046,350,2,0,NULL,NULL,NULL,NULL,NULL),(1047,350,3,0,NULL,NULL,NULL,NULL,NULL),(1048,351,1,0,NULL,NULL,NULL,NULL,NULL),(1049,351,2,0,NULL,NULL,NULL,NULL,NULL),(1050,351,3,0,NULL,NULL,NULL,NULL,NULL),(1051,352,1,0,NULL,NULL,NULL,NULL,NULL),(1052,352,2,0,NULL,NULL,NULL,NULL,NULL),(1053,352,3,0,NULL,NULL,NULL,NULL,NULL),(1054,353,1,0,NULL,NULL,NULL,NULL,NULL),(1055,353,2,0,NULL,NULL,NULL,NULL,NULL),(1056,353,3,0,NULL,NULL,NULL,NULL,NULL),(1057,354,1,0,NULL,NULL,NULL,NULL,NULL),(1058,354,2,0,NULL,NULL,NULL,NULL,NULL),(1059,354,3,0,NULL,NULL,NULL,NULL,NULL),(1060,355,1,0,NULL,NULL,NULL,NULL,NULL),(1061,355,2,0,NULL,NULL,NULL,NULL,NULL),(1062,355,3,0,NULL,NULL,NULL,NULL,NULL),(1063,356,1,0,NULL,NULL,NULL,NULL,NULL),(1064,356,2,0,NULL,NULL,NULL,NULL,NULL),(1065,356,3,0,NULL,NULL,NULL,NULL,NULL),(1066,357,1,0,NULL,NULL,NULL,NULL,NULL),(1067,357,2,0,NULL,NULL,NULL,NULL,NULL),(1068,357,3,0,NULL,NULL,NULL,NULL,NULL),(1069,358,1,0,NULL,NULL,NULL,NULL,NULL),(1070,358,2,0,NULL,NULL,NULL,NULL,NULL),(1071,358,3,0,NULL,NULL,NULL,NULL,NULL),(1072,359,1,0,NULL,NULL,NULL,NULL,NULL),(1073,359,2,0,NULL,NULL,NULL,NULL,NULL),(1074,359,3,0,NULL,NULL,NULL,NULL,NULL),(1075,360,1,0,NULL,NULL,NULL,NULL,NULL),(1076,360,2,0,NULL,NULL,NULL,NULL,NULL),(1077,360,3,0,NULL,NULL,NULL,NULL,NULL),(1078,361,1,0,NULL,NULL,NULL,NULL,NULL),(1079,361,2,0,NULL,NULL,NULL,NULL,NULL),(1080,361,3,0,NULL,NULL,NULL,NULL,NULL),(1081,362,1,0,NULL,NULL,NULL,NULL,NULL),(1082,362,2,0,NULL,NULL,NULL,NULL,NULL),(1083,362,3,0,NULL,NULL,NULL,NULL,NULL),(1084,363,1,0,NULL,NULL,NULL,NULL,NULL),(1085,363,2,0,NULL,NULL,NULL,NULL,NULL),(1086,363,3,0,NULL,NULL,NULL,NULL,NULL),(1087,364,1,0,NULL,NULL,NULL,NULL,NULL),(1088,364,2,0,NULL,NULL,NULL,NULL,NULL),(1089,364,3,0,NULL,NULL,NULL,NULL,NULL),(1090,365,1,0,NULL,NULL,NULL,NULL,NULL),(1091,365,2,0,NULL,NULL,NULL,NULL,NULL),(1092,365,3,0,NULL,NULL,NULL,NULL,NULL),(1093,366,1,0,NULL,NULL,NULL,NULL,NULL),(1094,366,2,0,NULL,NULL,NULL,NULL,NULL),(1095,366,3,0,NULL,NULL,NULL,NULL,NULL),(1096,367,1,0,NULL,NULL,NULL,NULL,NULL),(1097,367,2,0,NULL,NULL,NULL,NULL,NULL),(1098,367,3,0,NULL,NULL,NULL,NULL,NULL),(1099,368,1,0,NULL,NULL,NULL,NULL,NULL),(1100,368,2,0,NULL,NULL,NULL,NULL,NULL),(1101,368,3,0,NULL,NULL,NULL,NULL,NULL),(1102,369,1,0,NULL,NULL,NULL,NULL,NULL),(1103,369,2,0,NULL,NULL,NULL,NULL,NULL),(1104,369,3,0,NULL,NULL,NULL,NULL,NULL),(1105,370,1,0,NULL,NULL,NULL,NULL,NULL),(1106,370,2,0,NULL,NULL,NULL,NULL,NULL),(1107,370,3,0,NULL,NULL,NULL,NULL,NULL),(1108,371,1,0,NULL,NULL,NULL,NULL,NULL),(1109,371,2,0,NULL,NULL,NULL,NULL,NULL),(1110,371,3,0,NULL,NULL,NULL,NULL,NULL),(1111,372,1,0,NULL,NULL,NULL,NULL,NULL),(1112,372,2,0,NULL,NULL,NULL,NULL,NULL),(1113,372,3,0,NULL,NULL,NULL,NULL,NULL),(1114,373,1,0,NULL,NULL,NULL,NULL,NULL),(1115,373,2,0,NULL,NULL,NULL,NULL,NULL),(1116,373,3,0,NULL,NULL,NULL,NULL,NULL),(1117,374,1,0,NULL,NULL,NULL,NULL,NULL),(1118,374,2,0,NULL,NULL,NULL,NULL,NULL),(1119,374,3,0,NULL,NULL,NULL,NULL,NULL),(1120,375,1,0,NULL,NULL,NULL,NULL,NULL),(1121,375,2,0,NULL,NULL,NULL,NULL,NULL),(1122,375,3,0,NULL,NULL,NULL,NULL,NULL),(1123,376,1,0,NULL,NULL,NULL,NULL,NULL),(1124,376,2,0,NULL,NULL,NULL,NULL,NULL),(1125,376,3,0,NULL,NULL,NULL,NULL,NULL),(1126,377,1,0,NULL,NULL,NULL,NULL,NULL),(1127,377,2,0,NULL,NULL,NULL,NULL,NULL),(1128,377,3,0,NULL,NULL,NULL,NULL,NULL),(1129,378,1,0,NULL,NULL,NULL,NULL,NULL),(1130,378,2,0,NULL,NULL,NULL,NULL,NULL),(1131,378,3,0,NULL,NULL,NULL,NULL,NULL),(1132,379,1,0,NULL,NULL,NULL,NULL,NULL),(1133,379,2,0,NULL,NULL,NULL,NULL,NULL),(1134,379,3,0,NULL,NULL,NULL,NULL,NULL),(1135,380,1,0,NULL,NULL,NULL,NULL,NULL),(1136,380,2,0,NULL,NULL,NULL,NULL,NULL),(1137,380,3,0,NULL,NULL,NULL,NULL,NULL),(1138,381,1,0,NULL,NULL,NULL,NULL,NULL),(1139,381,2,0,NULL,NULL,NULL,NULL,NULL),(1140,381,3,0,NULL,NULL,NULL,NULL,NULL),(1141,382,1,0,NULL,NULL,NULL,NULL,NULL),(1142,382,2,0,NULL,NULL,NULL,NULL,NULL),(1143,382,3,0,NULL,NULL,NULL,NULL,NULL),(1144,383,1,0,NULL,NULL,NULL,NULL,NULL),(1145,383,2,0,NULL,NULL,NULL,NULL,NULL),(1146,383,3,0,NULL,NULL,NULL,NULL,NULL),(1147,384,1,0,NULL,NULL,NULL,NULL,NULL),(1148,384,2,0,NULL,NULL,NULL,NULL,NULL),(1149,384,3,0,NULL,NULL,NULL,NULL,NULL),(1150,385,1,0,NULL,NULL,NULL,NULL,NULL),(1151,385,2,0,NULL,NULL,NULL,NULL,NULL),(1152,385,3,0,NULL,NULL,NULL,NULL,NULL),(1153,386,1,0,NULL,NULL,NULL,NULL,NULL),(1154,386,2,0,NULL,NULL,NULL,NULL,NULL),(1155,386,3,0,NULL,NULL,NULL,NULL,NULL),(1156,387,1,0,NULL,NULL,NULL,NULL,NULL),(1157,387,2,0,NULL,NULL,NULL,NULL,NULL),(1158,387,3,0,NULL,NULL,NULL,NULL,NULL),(1159,388,1,0,NULL,NULL,NULL,NULL,NULL),(1160,388,2,0,NULL,NULL,NULL,NULL,NULL),(1161,388,3,0,NULL,NULL,NULL,NULL,NULL),(1162,389,1,0,NULL,NULL,NULL,NULL,NULL),(1163,389,2,0,NULL,NULL,NULL,NULL,NULL),(1164,389,3,0,NULL,NULL,NULL,NULL,NULL),(1165,390,1,0,NULL,NULL,NULL,NULL,NULL),(1166,390,2,0,NULL,NULL,NULL,NULL,NULL),(1167,390,3,0,NULL,NULL,NULL,NULL,NULL),(1168,391,1,0,NULL,NULL,NULL,NULL,NULL),(1169,391,2,0,NULL,NULL,NULL,NULL,NULL),(1170,391,3,0,NULL,NULL,NULL,NULL,NULL),(1171,392,1,0,NULL,NULL,NULL,NULL,NULL),(1172,392,2,0,NULL,NULL,NULL,NULL,NULL),(1173,392,3,0,NULL,NULL,NULL,NULL,NULL),(1174,393,1,0,NULL,NULL,NULL,NULL,NULL),(1175,393,2,0,NULL,NULL,NULL,NULL,NULL),(1176,393,3,0,NULL,NULL,NULL,NULL,NULL),(1177,394,1,0,NULL,NULL,NULL,NULL,NULL),(1178,394,2,0,NULL,NULL,NULL,NULL,NULL),(1179,394,3,0,NULL,NULL,NULL,NULL,NULL),(1180,395,1,0,NULL,NULL,NULL,NULL,NULL),(1181,395,2,0,NULL,NULL,NULL,NULL,NULL),(1182,395,3,0,NULL,NULL,NULL,NULL,NULL),(1183,396,1,0,NULL,NULL,NULL,NULL,NULL),(1184,396,2,0,NULL,NULL,NULL,NULL,NULL),(1185,396,3,0,NULL,NULL,NULL,NULL,NULL),(1186,397,1,0,NULL,NULL,NULL,NULL,NULL),(1187,397,2,0,NULL,NULL,NULL,NULL,NULL),(1188,397,3,0,NULL,NULL,NULL,NULL,NULL),(1189,398,1,0,NULL,NULL,NULL,NULL,NULL),(1190,398,2,0,NULL,NULL,NULL,NULL,NULL),(1191,398,3,0,NULL,NULL,NULL,NULL,NULL),(1192,399,1,0,NULL,NULL,NULL,NULL,NULL),(1193,399,2,0,NULL,NULL,NULL,NULL,NULL),(1194,399,3,0,NULL,NULL,NULL,NULL,NULL),(1195,400,1,0,NULL,NULL,NULL,NULL,NULL),(1196,400,2,0,NULL,NULL,NULL,NULL,NULL),(1197,400,3,0,NULL,NULL,NULL,NULL,NULL),(1198,401,1,0,NULL,NULL,NULL,NULL,NULL),(1199,401,2,0,NULL,NULL,NULL,NULL,NULL),(1200,401,3,0,NULL,NULL,NULL,NULL,NULL),(1201,402,1,0,NULL,NULL,NULL,NULL,NULL),(1202,402,2,0,NULL,NULL,NULL,NULL,NULL),(1203,402,3,0,NULL,NULL,NULL,NULL,NULL),(1204,403,1,0,NULL,NULL,NULL,NULL,NULL),(1205,403,2,0,NULL,NULL,NULL,NULL,NULL),(1206,404,1,0,NULL,NULL,NULL,NULL,NULL),(1207,403,3,0,NULL,NULL,NULL,NULL,NULL),(1208,404,2,0,NULL,NULL,NULL,NULL,NULL),(1209,404,3,0,NULL,NULL,NULL,NULL,NULL),(1210,405,1,0,NULL,NULL,NULL,NULL,NULL),(1211,405,2,0,NULL,NULL,NULL,NULL,NULL),(1212,405,3,0,NULL,NULL,NULL,NULL,NULL),(1213,406,1,0,NULL,NULL,NULL,NULL,NULL),(1214,406,2,0,NULL,NULL,NULL,NULL,NULL),(1215,406,3,0,NULL,NULL,NULL,NULL,NULL),(1216,407,1,0,NULL,NULL,NULL,NULL,NULL),(1217,407,2,0,NULL,NULL,NULL,NULL,NULL),(1218,407,3,0,NULL,NULL,NULL,NULL,NULL),(1219,408,1,0,NULL,NULL,NULL,NULL,NULL),(1220,408,2,0,NULL,NULL,NULL,NULL,NULL),(1221,408,3,0,NULL,NULL,NULL,NULL,NULL),(1222,409,1,0,NULL,NULL,NULL,NULL,NULL),(1223,409,2,0,NULL,NULL,NULL,NULL,NULL),(1224,409,3,0,NULL,NULL,NULL,NULL,NULL),(1225,410,1,0,NULL,NULL,NULL,NULL,NULL),(1226,410,2,0,NULL,NULL,NULL,NULL,NULL),(1227,410,3,0,NULL,NULL,NULL,NULL,NULL),(1228,411,1,0,NULL,NULL,NULL,NULL,NULL),(1229,411,2,0,NULL,NULL,NULL,NULL,NULL),(1230,412,1,0,NULL,NULL,NULL,NULL,NULL),(1231,412,2,0,NULL,NULL,NULL,NULL,NULL),(1232,411,3,0,NULL,NULL,NULL,NULL,NULL),(1233,412,3,0,NULL,NULL,NULL,NULL,NULL),(1234,413,1,0,NULL,NULL,NULL,NULL,NULL),(1235,413,2,0,NULL,NULL,NULL,NULL,NULL),(1236,413,3,0,NULL,NULL,NULL,NULL,NULL),(1237,414,1,0,NULL,NULL,NULL,NULL,NULL),(1238,414,2,0,NULL,NULL,NULL,NULL,NULL),(1239,414,3,0,NULL,NULL,NULL,NULL,NULL),(1240,415,1,0,NULL,NULL,NULL,NULL,NULL),(1241,415,2,0,NULL,NULL,NULL,NULL,NULL),(1242,415,3,0,NULL,NULL,NULL,NULL,NULL),(1243,416,1,0,NULL,NULL,NULL,NULL,NULL),(1244,416,2,0,NULL,NULL,NULL,NULL,NULL),(1245,416,3,0,NULL,NULL,NULL,NULL,NULL),(1246,417,1,0,NULL,NULL,NULL,NULL,NULL),(1247,417,2,0,NULL,NULL,NULL,NULL,NULL),(1248,417,3,0,NULL,NULL,NULL,NULL,NULL),(1249,418,1,0,NULL,NULL,NULL,NULL,NULL),(1250,418,2,0,NULL,NULL,NULL,NULL,NULL),(1251,418,3,0,NULL,NULL,NULL,NULL,NULL),(1252,419,1,0,NULL,NULL,NULL,NULL,NULL),(1253,419,2,0,NULL,NULL,NULL,NULL,NULL),(1254,419,3,0,NULL,NULL,NULL,NULL,NULL),(1255,420,1,0,NULL,NULL,NULL,NULL,NULL),(1256,420,2,0,NULL,NULL,NULL,NULL,NULL),(1257,420,3,0,NULL,NULL,NULL,NULL,NULL),(1258,421,1,0,NULL,NULL,NULL,NULL,NULL),(1259,421,2,0,NULL,NULL,NULL,NULL,NULL),(1260,421,3,0,NULL,NULL,NULL,NULL,NULL),(1261,422,1,0,NULL,NULL,NULL,NULL,NULL),(1262,422,2,0,NULL,NULL,NULL,NULL,NULL),(1263,422,3,0,NULL,NULL,NULL,NULL,NULL),(1264,423,1,0,NULL,NULL,NULL,NULL,NULL),(1265,423,2,0,NULL,NULL,NULL,NULL,NULL),(1266,423,3,0,NULL,NULL,NULL,NULL,NULL),(1267,424,1,0,NULL,NULL,NULL,NULL,NULL),(1268,424,2,0,NULL,NULL,NULL,NULL,NULL),(1269,424,3,0,NULL,NULL,NULL,NULL,NULL),(1270,425,1,0,NULL,NULL,NULL,NULL,NULL),(1271,425,2,0,NULL,NULL,NULL,NULL,NULL),(1272,425,3,0,NULL,NULL,NULL,NULL,NULL),(1273,426,1,0,NULL,NULL,NULL,NULL,NULL),(1274,426,2,0,NULL,NULL,NULL,NULL,NULL),(1275,426,3,0,NULL,NULL,NULL,NULL,NULL),(1276,427,1,0,NULL,NULL,NULL,NULL,NULL),(1277,427,2,0,NULL,NULL,NULL,NULL,NULL),(1278,427,3,0,NULL,NULL,NULL,NULL,NULL),(1279,428,1,0,NULL,NULL,NULL,NULL,NULL),(1280,428,2,0,NULL,NULL,NULL,NULL,NULL),(1281,428,3,0,NULL,NULL,NULL,NULL,NULL),(1282,429,1,0,NULL,NULL,NULL,NULL,NULL),(1283,429,2,0,NULL,NULL,NULL,NULL,NULL),(1284,429,3,0,NULL,NULL,NULL,NULL,NULL),(1285,430,1,0,NULL,NULL,NULL,NULL,NULL),(1286,430,2,0,NULL,NULL,NULL,NULL,NULL),(1287,430,3,0,NULL,NULL,NULL,NULL,NULL),(1288,431,1,0,NULL,NULL,NULL,NULL,NULL),(1289,431,2,0,NULL,NULL,NULL,NULL,NULL),(1290,431,3,0,NULL,NULL,NULL,NULL,NULL),(1291,432,1,0,NULL,NULL,NULL,NULL,NULL),(1292,432,2,0,NULL,NULL,NULL,NULL,NULL),(1293,432,3,0,NULL,NULL,NULL,NULL,NULL),(1294,433,1,0,NULL,NULL,NULL,NULL,NULL),(1295,433,2,0,NULL,NULL,NULL,NULL,NULL),(1296,433,3,0,NULL,NULL,NULL,NULL,NULL),(1297,434,1,0,NULL,NULL,NULL,NULL,NULL),(1298,434,2,0,NULL,NULL,NULL,NULL,NULL),(1299,434,3,0,NULL,NULL,NULL,NULL,NULL),(1300,435,1,0,NULL,NULL,NULL,NULL,NULL),(1301,435,2,0,NULL,NULL,NULL,NULL,NULL),(1302,435,3,0,NULL,NULL,NULL,NULL,NULL),(1303,436,1,0,NULL,NULL,NULL,NULL,NULL),(1304,436,2,0,NULL,NULL,NULL,NULL,NULL),(1305,436,3,0,NULL,NULL,NULL,NULL,NULL),(1306,437,1,0,NULL,NULL,NULL,NULL,NULL),(1307,437,2,0,NULL,NULL,NULL,NULL,NULL),(1308,437,3,0,NULL,NULL,NULL,NULL,NULL),(1309,438,1,0,NULL,NULL,NULL,NULL,NULL),(1310,438,2,0,NULL,NULL,NULL,NULL,NULL),(1311,438,3,0,NULL,NULL,NULL,NULL,NULL),(1312,439,1,0,NULL,NULL,NULL,NULL,NULL),(1313,439,2,0,NULL,NULL,NULL,NULL,NULL),(1314,439,3,0,NULL,NULL,NULL,NULL,NULL),(1315,440,1,0,NULL,NULL,NULL,NULL,NULL),(1316,440,2,0,NULL,NULL,NULL,NULL,NULL),(1317,440,3,0,NULL,NULL,NULL,NULL,NULL),(1318,441,1,0,NULL,NULL,NULL,NULL,NULL),(1319,441,2,0,NULL,NULL,NULL,NULL,NULL),(1320,441,3,0,NULL,NULL,NULL,NULL,NULL),(1321,442,1,0,NULL,NULL,NULL,NULL,NULL),(1322,442,2,0,NULL,NULL,NULL,NULL,NULL),(1323,442,3,0,NULL,NULL,NULL,NULL,NULL),(1324,443,1,0,NULL,NULL,NULL,NULL,NULL),(1325,443,2,0,NULL,NULL,NULL,NULL,NULL),(1326,443,3,0,NULL,NULL,NULL,NULL,NULL),(1327,444,1,0,NULL,NULL,NULL,NULL,NULL),(1328,444,2,0,NULL,NULL,NULL,NULL,NULL),(1329,444,3,0,NULL,NULL,NULL,NULL,NULL),(1330,445,1,0,NULL,NULL,NULL,NULL,NULL),(1331,445,2,0,NULL,NULL,NULL,NULL,NULL),(1332,445,3,0,NULL,NULL,NULL,NULL,NULL),(1333,446,1,0,NULL,NULL,NULL,NULL,NULL),(1334,446,2,0,NULL,NULL,NULL,NULL,NULL),(1335,446,3,0,NULL,NULL,NULL,NULL,NULL),(1336,447,1,0,NULL,NULL,NULL,NULL,NULL),(1337,447,2,0,NULL,NULL,NULL,NULL,NULL),(1338,447,3,0,NULL,NULL,NULL,NULL,NULL),(1339,448,1,0,NULL,NULL,NULL,NULL,NULL),(1340,448,2,0,NULL,NULL,NULL,NULL,NULL),(1341,448,3,0,NULL,NULL,NULL,NULL,NULL),(1342,449,1,0,NULL,NULL,NULL,NULL,NULL),(1343,449,2,0,NULL,NULL,NULL,NULL,NULL),(1344,449,3,0,NULL,NULL,NULL,NULL,NULL),(1345,450,1,0,NULL,NULL,NULL,NULL,NULL),(1346,450,2,0,NULL,NULL,NULL,NULL,NULL),(1347,450,3,0,NULL,NULL,NULL,NULL,NULL),(1348,451,1,0,NULL,NULL,NULL,NULL,NULL),(1349,451,2,0,NULL,NULL,NULL,NULL,NULL),(1350,451,3,0,NULL,NULL,NULL,NULL,NULL),(1351,452,1,0,NULL,NULL,NULL,NULL,NULL),(1352,452,2,0,NULL,NULL,NULL,NULL,NULL),(1353,452,3,0,NULL,NULL,NULL,NULL,NULL),(1354,453,1,0,NULL,NULL,NULL,NULL,NULL),(1355,453,2,0,NULL,NULL,NULL,NULL,NULL),(1356,453,3,0,NULL,NULL,NULL,NULL,NULL),(1357,454,1,0,NULL,NULL,NULL,NULL,NULL),(1358,454,2,0,NULL,NULL,NULL,NULL,NULL),(1359,454,3,0,NULL,NULL,NULL,NULL,NULL),(1360,455,1,0,NULL,NULL,NULL,NULL,NULL),(1361,455,2,0,NULL,NULL,NULL,NULL,NULL),(1362,455,3,0,NULL,NULL,NULL,NULL,NULL),(1363,456,1,0,NULL,NULL,NULL,NULL,NULL),(1364,456,2,0,NULL,NULL,NULL,NULL,NULL),(1365,456,3,0,NULL,NULL,NULL,NULL,NULL),(1366,457,1,0,NULL,NULL,NULL,NULL,NULL),(1367,457,2,0,NULL,NULL,NULL,NULL,NULL),(1368,457,3,0,NULL,NULL,NULL,NULL,NULL),(1369,458,1,0,NULL,NULL,NULL,NULL,NULL),(1370,458,2,0,NULL,NULL,NULL,NULL,NULL),(1371,458,3,0,NULL,NULL,NULL,NULL,NULL),(1372,459,1,0,NULL,NULL,NULL,NULL,NULL),(1373,459,2,0,NULL,NULL,NULL,NULL,NULL),(1374,459,3,0,NULL,NULL,NULL,NULL,NULL),(1375,460,1,0,NULL,NULL,NULL,NULL,NULL),(1376,460,2,0,NULL,NULL,NULL,NULL,NULL),(1377,460,3,0,NULL,NULL,NULL,NULL,NULL),(1378,461,1,0,NULL,NULL,NULL,NULL,NULL),(1379,461,2,0,NULL,NULL,NULL,NULL,NULL),(1380,461,3,0,NULL,NULL,NULL,NULL,NULL),(1381,462,1,0,NULL,NULL,NULL,NULL,NULL),(1382,462,2,0,NULL,NULL,NULL,NULL,NULL),(1383,462,3,0,NULL,NULL,NULL,NULL,NULL),(1384,463,1,0,NULL,NULL,NULL,NULL,NULL),(1385,463,2,0,NULL,NULL,NULL,NULL,NULL),(1386,463,3,0,NULL,NULL,NULL,NULL,NULL),(1387,464,1,0,NULL,NULL,NULL,NULL,NULL),(1388,464,2,0,NULL,NULL,NULL,NULL,NULL),(1389,464,3,0,NULL,NULL,NULL,NULL,NULL),(1390,465,1,0,NULL,NULL,NULL,NULL,NULL),(1391,465,2,0,NULL,NULL,NULL,NULL,NULL),(1392,465,3,0,NULL,NULL,NULL,NULL,NULL),(1393,466,1,0,NULL,NULL,NULL,NULL,NULL),(1394,466,2,0,NULL,NULL,NULL,NULL,NULL),(1395,466,3,0,NULL,NULL,NULL,NULL,NULL),(1396,467,1,0,NULL,NULL,NULL,NULL,NULL),(1397,467,2,0,NULL,NULL,NULL,NULL,NULL),(1398,467,3,0,NULL,NULL,NULL,NULL,NULL),(1399,468,1,0,NULL,NULL,NULL,NULL,NULL),(1400,468,2,0,NULL,NULL,NULL,NULL,NULL),(1401,468,3,0,NULL,NULL,NULL,NULL,NULL),(1402,469,1,0,NULL,NULL,NULL,NULL,NULL),(1403,469,2,0,NULL,NULL,NULL,NULL,NULL),(1404,469,3,0,NULL,NULL,NULL,NULL,NULL),(1405,470,1,0,NULL,NULL,NULL,NULL,NULL),(1406,470,2,0,NULL,NULL,NULL,NULL,NULL),(1407,470,3,0,NULL,NULL,NULL,NULL,NULL),(1408,471,1,0,NULL,NULL,NULL,NULL,NULL),(1409,471,2,0,NULL,NULL,NULL,NULL,NULL),(1410,471,3,0,NULL,NULL,NULL,NULL,NULL),(1411,472,1,0,NULL,NULL,NULL,NULL,NULL),(1412,472,2,0,NULL,NULL,NULL,NULL,NULL),(1413,472,3,0,NULL,NULL,NULL,NULL,NULL),(1414,473,1,0,NULL,NULL,NULL,NULL,NULL),(1415,473,2,0,NULL,NULL,NULL,NULL,NULL),(1416,473,3,0,NULL,NULL,NULL,NULL,NULL),(1417,474,1,0,NULL,NULL,NULL,NULL,NULL),(1418,474,2,0,NULL,NULL,NULL,NULL,NULL),(1419,474,3,0,NULL,NULL,NULL,NULL,NULL),(1420,475,1,0,NULL,NULL,NULL,NULL,NULL),(1421,475,2,0,NULL,NULL,NULL,NULL,NULL),(1422,475,3,0,NULL,NULL,NULL,NULL,NULL),(1423,476,1,0,NULL,NULL,NULL,NULL,NULL),(1424,476,2,0,NULL,NULL,NULL,NULL,NULL),(1425,476,3,0,NULL,NULL,NULL,NULL,NULL),(1426,477,1,0,NULL,NULL,NULL,NULL,NULL),(1427,477,2,0,NULL,NULL,NULL,NULL,NULL),(1428,477,3,0,NULL,NULL,NULL,NULL,NULL),(1429,478,1,0,NULL,NULL,NULL,NULL,NULL),(1430,478,2,0,NULL,NULL,NULL,NULL,NULL),(1431,478,3,0,NULL,NULL,NULL,NULL,NULL),(1432,479,1,0,NULL,NULL,NULL,NULL,NULL),(1433,479,2,0,NULL,NULL,NULL,NULL,NULL),(1434,479,3,0,NULL,NULL,NULL,NULL,NULL),(1435,480,1,0,NULL,NULL,NULL,NULL,NULL),(1436,480,2,0,NULL,NULL,NULL,NULL,NULL),(1437,480,3,0,NULL,NULL,NULL,NULL,NULL),(1438,481,1,0,NULL,NULL,NULL,NULL,NULL),(1439,481,2,0,NULL,NULL,NULL,NULL,NULL),(1440,481,3,0,NULL,NULL,NULL,NULL,NULL),(1441,482,1,0,NULL,NULL,NULL,NULL,NULL),(1442,482,2,0,NULL,NULL,NULL,NULL,NULL),(1443,482,3,0,NULL,NULL,NULL,NULL,NULL),(1444,483,1,0,NULL,NULL,NULL,NULL,NULL),(1445,483,2,0,NULL,NULL,NULL,NULL,NULL),(1446,483,3,0,NULL,NULL,NULL,NULL,NULL),(1447,484,1,0,NULL,NULL,NULL,NULL,NULL),(1448,484,2,0,NULL,NULL,NULL,NULL,NULL),(1449,484,3,0,NULL,NULL,NULL,NULL,NULL),(1450,485,1,0,NULL,NULL,NULL,NULL,NULL),(1451,485,2,0,NULL,NULL,NULL,NULL,NULL),(1452,485,3,0,NULL,NULL,NULL,NULL,NULL),(1453,486,1,0,NULL,NULL,NULL,NULL,NULL),(1454,486,2,0,NULL,NULL,NULL,NULL,NULL),(1455,486,3,0,NULL,NULL,NULL,NULL,NULL),(1456,487,1,0,NULL,NULL,NULL,NULL,NULL),(1457,487,2,0,NULL,NULL,NULL,NULL,NULL),(1458,487,3,0,NULL,NULL,NULL,NULL,NULL),(1459,488,1,0,NULL,NULL,NULL,NULL,NULL),(1460,488,2,0,NULL,NULL,NULL,NULL,NULL),(1461,488,3,0,NULL,NULL,NULL,NULL,NULL),(1462,489,1,0,NULL,NULL,NULL,NULL,NULL),(1463,489,2,0,NULL,NULL,NULL,NULL,NULL),(1464,489,3,0,NULL,NULL,NULL,NULL,NULL),(1465,490,1,0,NULL,NULL,NULL,NULL,NULL),(1466,490,2,0,NULL,NULL,NULL,NULL,NULL),(1467,490,3,0,NULL,NULL,NULL,NULL,NULL),(1468,491,1,0,NULL,NULL,NULL,NULL,NULL),(1469,491,2,0,NULL,NULL,NULL,NULL,NULL),(1470,491,3,0,NULL,NULL,NULL,NULL,NULL),(1471,492,1,0,NULL,NULL,NULL,NULL,NULL),(1472,492,2,0,NULL,NULL,NULL,NULL,NULL),(1473,492,3,0,NULL,NULL,NULL,NULL,NULL),(1474,493,1,0,NULL,NULL,NULL,NULL,NULL),(1475,493,2,0,NULL,NULL,NULL,NULL,NULL),(1476,493,3,0,NULL,NULL,NULL,NULL,NULL),(1477,494,1,0,NULL,NULL,NULL,NULL,NULL),(1478,494,2,0,NULL,NULL,NULL,NULL,NULL),(1479,494,3,0,NULL,NULL,NULL,NULL,NULL),(1480,495,1,0,NULL,NULL,NULL,NULL,NULL),(1481,495,2,0,NULL,NULL,NULL,NULL,NULL),(1482,495,3,0,NULL,NULL,NULL,NULL,NULL),(1483,496,1,0,NULL,NULL,NULL,NULL,NULL),(1484,496,2,0,NULL,NULL,NULL,NULL,NULL),(1485,496,3,0,NULL,NULL,NULL,NULL,NULL),(1486,497,1,0,NULL,NULL,NULL,NULL,NULL),(1487,497,2,0,NULL,NULL,NULL,NULL,NULL),(1488,497,3,0,NULL,NULL,NULL,NULL,NULL),(1489,498,1,0,NULL,NULL,NULL,NULL,NULL),(1490,498,2,0,NULL,NULL,NULL,NULL,NULL),(1491,498,3,0,NULL,NULL,NULL,NULL,NULL),(1492,499,1,0,NULL,NULL,NULL,NULL,NULL),(1493,499,2,0,NULL,NULL,NULL,NULL,NULL),(1494,499,3,0,NULL,NULL,NULL,NULL,NULL),(1495,500,1,0,NULL,NULL,NULL,NULL,NULL),(1496,500,2,0,NULL,NULL,NULL,NULL,NULL),(1497,500,3,0,NULL,NULL,NULL,NULL,NULL),(1498,501,1,0,NULL,NULL,NULL,NULL,NULL),(1499,501,2,0,NULL,NULL,NULL,NULL,NULL),(1500,501,3,0,NULL,NULL,NULL,NULL,NULL),(1501,502,1,0,NULL,NULL,NULL,NULL,NULL),(1502,502,2,0,NULL,NULL,NULL,NULL,NULL),(1503,502,3,0,NULL,NULL,NULL,NULL,NULL),(1504,503,1,0,NULL,NULL,NULL,NULL,NULL),(1505,503,2,0,NULL,NULL,NULL,NULL,NULL),(1506,503,3,0,NULL,NULL,NULL,NULL,NULL),(1507,504,1,0,NULL,NULL,NULL,NULL,NULL),(1508,504,2,0,NULL,NULL,NULL,NULL,NULL),(1509,504,3,0,NULL,NULL,NULL,NULL,NULL),(1510,505,1,0,NULL,NULL,NULL,NULL,NULL),(1511,505,2,0,NULL,NULL,NULL,NULL,NULL),(1512,505,3,0,NULL,NULL,NULL,NULL,NULL),(1513,506,1,0,NULL,NULL,NULL,NULL,NULL),(1514,506,2,0,NULL,NULL,NULL,NULL,NULL),(1515,506,3,0,NULL,NULL,NULL,NULL,NULL),(1516,507,1,0,NULL,NULL,NULL,NULL,NULL),(1517,507,2,0,NULL,NULL,NULL,NULL,NULL),(1518,507,3,0,NULL,NULL,NULL,NULL,NULL),(1519,508,1,0,NULL,NULL,NULL,NULL,NULL),(1520,508,2,0,NULL,NULL,NULL,NULL,NULL),(1521,509,1,0,NULL,NULL,NULL,NULL,NULL),(1522,509,2,0,NULL,NULL,NULL,NULL,NULL),(1523,508,3,0,NULL,NULL,NULL,NULL,NULL),(1524,509,3,0,NULL,NULL,NULL,NULL,NULL),(1525,510,1,0,NULL,NULL,NULL,NULL,NULL),(1526,510,2,0,NULL,NULL,NULL,NULL,NULL),(1527,510,3,0,NULL,NULL,NULL,NULL,NULL),(1528,511,1,0,NULL,NULL,NULL,NULL,NULL),(1529,511,2,0,NULL,NULL,NULL,NULL,NULL),(1530,511,3,0,NULL,NULL,NULL,NULL,NULL),(1531,512,1,0,NULL,NULL,NULL,NULL,NULL),(1532,512,2,0,NULL,NULL,NULL,NULL,NULL),(1533,512,3,0,NULL,NULL,NULL,NULL,NULL),(1534,513,1,0,NULL,NULL,NULL,NULL,NULL),(1535,513,2,0,NULL,NULL,NULL,NULL,NULL),(1536,513,3,0,NULL,NULL,NULL,NULL,NULL),(1537,514,1,0,NULL,NULL,NULL,NULL,NULL),(1538,514,2,0,NULL,NULL,NULL,NULL,NULL),(1539,514,3,0,NULL,NULL,NULL,NULL,NULL),(1540,515,1,0,NULL,NULL,NULL,NULL,NULL),(1541,515,2,0,NULL,NULL,NULL,NULL,NULL),(1542,515,3,0,NULL,NULL,NULL,NULL,NULL),(1543,516,1,0,NULL,NULL,NULL,NULL,NULL),(1544,516,2,0,NULL,NULL,NULL,NULL,NULL),(1545,516,3,0,NULL,NULL,NULL,NULL,NULL),(1546,517,1,0,NULL,NULL,NULL,NULL,NULL),(1547,517,2,0,NULL,NULL,NULL,NULL,NULL),(1548,517,3,0,NULL,NULL,NULL,NULL,NULL),(1549,518,1,0,NULL,NULL,NULL,NULL,NULL),(1550,518,2,0,NULL,NULL,NULL,NULL,NULL),(1551,518,3,0,NULL,NULL,NULL,NULL,NULL),(1552,519,1,0,NULL,NULL,NULL,NULL,NULL),(1553,519,2,0,NULL,NULL,NULL,NULL,NULL),(1554,519,3,0,NULL,NULL,NULL,NULL,NULL),(1555,520,1,0,NULL,NULL,NULL,NULL,NULL),(1556,520,2,0,NULL,NULL,NULL,NULL,NULL),(1557,520,3,0,NULL,NULL,NULL,NULL,NULL),(1558,521,1,0,NULL,NULL,NULL,NULL,NULL),(1559,521,2,0,NULL,NULL,NULL,NULL,NULL),(1560,521,3,0,NULL,NULL,NULL,NULL,NULL),(1561,522,1,0,NULL,NULL,NULL,NULL,NULL),(1562,522,2,0,NULL,NULL,NULL,NULL,NULL),(1563,522,3,0,NULL,NULL,NULL,NULL,NULL),(1564,523,1,0,NULL,NULL,NULL,NULL,NULL),(1565,523,2,0,NULL,NULL,NULL,NULL,NULL),(1566,523,3,0,NULL,NULL,NULL,NULL,NULL),(1567,524,1,0,NULL,NULL,NULL,NULL,NULL),(1568,524,2,0,NULL,NULL,NULL,NULL,NULL),(1569,524,3,0,NULL,NULL,NULL,NULL,NULL),(1570,525,1,0,NULL,NULL,NULL,NULL,NULL),(1571,525,2,0,NULL,NULL,NULL,NULL,NULL),(1572,525,3,0,NULL,NULL,NULL,NULL,NULL),(1573,526,1,0,NULL,NULL,NULL,NULL,NULL),(1574,526,2,0,NULL,NULL,NULL,NULL,NULL),(1575,526,3,0,NULL,NULL,NULL,NULL,NULL),(1576,527,1,0,NULL,NULL,NULL,NULL,NULL),(1577,527,2,0,NULL,NULL,NULL,NULL,NULL),(1578,527,3,0,NULL,NULL,NULL,NULL,NULL),(1579,528,1,0,NULL,NULL,NULL,NULL,NULL),(1580,528,2,0,NULL,NULL,NULL,NULL,NULL),(1581,528,3,0,NULL,NULL,NULL,NULL,NULL),(1582,529,1,0,NULL,NULL,NULL,NULL,NULL),(1583,529,2,0,NULL,NULL,NULL,NULL,NULL),(1584,529,3,0,NULL,NULL,NULL,NULL,NULL),(1585,530,1,0,NULL,NULL,NULL,NULL,NULL),(1586,530,2,0,NULL,NULL,NULL,NULL,NULL),(1587,530,3,0,NULL,NULL,NULL,NULL,NULL),(1588,531,1,0,NULL,NULL,NULL,NULL,NULL),(1589,531,2,0,NULL,NULL,NULL,NULL,NULL),(1590,531,3,0,NULL,NULL,NULL,NULL,NULL),(1591,532,1,0,NULL,NULL,NULL,NULL,NULL),(1592,532,2,0,NULL,NULL,NULL,NULL,NULL),(1593,532,3,0,NULL,NULL,NULL,NULL,NULL),(1594,533,1,0,NULL,NULL,NULL,NULL,NULL),(1595,533,2,0,NULL,NULL,NULL,NULL,NULL),(1596,533,3,0,NULL,NULL,NULL,NULL,NULL),(1597,534,1,0,NULL,NULL,NULL,NULL,NULL),(1598,534,2,0,NULL,NULL,NULL,NULL,NULL),(1599,534,3,0,NULL,NULL,NULL,NULL,NULL),(1600,535,1,0,NULL,NULL,NULL,NULL,NULL),(1601,535,2,0,NULL,NULL,NULL,NULL,NULL),(1602,535,3,0,NULL,NULL,NULL,NULL,NULL),(1603,536,1,0,NULL,NULL,NULL,NULL,NULL),(1604,536,2,0,NULL,NULL,NULL,NULL,NULL),(1605,536,3,0,NULL,NULL,NULL,NULL,NULL),(1606,537,1,0,NULL,NULL,NULL,NULL,NULL),(1607,537,2,0,NULL,NULL,NULL,NULL,NULL),(1608,537,3,0,NULL,NULL,NULL,NULL,NULL),(1609,538,1,0,NULL,NULL,NULL,NULL,NULL),(1610,538,2,0,NULL,NULL,NULL,NULL,NULL),(1611,538,3,0,NULL,NULL,NULL,NULL,NULL),(1612,539,1,0,NULL,NULL,NULL,NULL,NULL),(1613,539,2,0,NULL,NULL,NULL,NULL,NULL),(1614,539,3,0,NULL,NULL,NULL,NULL,NULL),(1615,540,1,0,NULL,NULL,NULL,NULL,NULL),(1616,540,2,0,NULL,NULL,NULL,NULL,NULL),(1617,540,3,0,NULL,NULL,NULL,NULL,NULL),(1618,541,1,0,NULL,NULL,NULL,NULL,NULL),(1619,541,2,0,NULL,NULL,NULL,NULL,NULL),(1620,541,3,0,NULL,NULL,NULL,NULL,NULL),(1621,542,1,0,NULL,NULL,NULL,NULL,NULL),(1622,542,2,0,NULL,NULL,NULL,NULL,NULL),(1623,542,3,0,NULL,NULL,NULL,NULL,NULL),(1624,543,1,0,NULL,NULL,NULL,NULL,NULL),(1625,543,2,0,NULL,NULL,NULL,NULL,NULL),(1626,543,3,0,NULL,NULL,NULL,NULL,NULL),(1627,544,1,0,NULL,NULL,NULL,NULL,NULL),(1628,544,2,0,NULL,NULL,NULL,NULL,NULL),(1629,544,3,0,NULL,NULL,NULL,NULL,NULL),(1630,545,1,0,NULL,NULL,NULL,NULL,NULL),(1631,545,2,0,NULL,NULL,NULL,NULL,NULL),(1632,545,3,0,NULL,NULL,NULL,NULL,NULL),(1633,546,1,0,NULL,NULL,NULL,NULL,NULL),(1634,546,2,0,NULL,NULL,NULL,NULL,NULL),(1635,546,3,0,NULL,NULL,NULL,NULL,NULL),(1636,547,1,0,NULL,NULL,NULL,NULL,NULL),(1637,547,2,0,NULL,NULL,NULL,NULL,NULL),(1638,547,3,0,NULL,NULL,NULL,NULL,NULL),(1639,548,1,0,NULL,NULL,NULL,NULL,NULL),(1640,548,2,0,NULL,NULL,NULL,NULL,NULL),(1641,548,3,0,NULL,NULL,NULL,NULL,NULL),(1642,549,1,0,NULL,NULL,NULL,NULL,NULL),(1643,549,2,0,NULL,NULL,NULL,NULL,NULL),(1644,549,3,0,NULL,NULL,NULL,NULL,NULL),(1645,550,1,0,NULL,NULL,NULL,NULL,NULL),(1646,550,2,0,NULL,NULL,NULL,NULL,NULL),(1647,550,3,0,NULL,NULL,NULL,NULL,NULL),(1648,551,1,0,NULL,NULL,NULL,NULL,NULL),(1649,551,2,0,NULL,NULL,NULL,NULL,NULL),(1650,551,3,0,NULL,NULL,NULL,NULL,NULL),(1651,552,1,0,NULL,NULL,NULL,NULL,NULL),(1652,552,2,0,NULL,NULL,NULL,NULL,NULL),(1653,552,3,0,NULL,NULL,NULL,NULL,NULL),(1654,553,1,0,NULL,NULL,NULL,NULL,NULL),(1655,553,2,0,NULL,NULL,NULL,NULL,NULL),(1656,553,3,0,NULL,NULL,NULL,NULL,NULL),(1657,554,1,0,NULL,NULL,NULL,NULL,NULL),(1658,554,2,0,NULL,NULL,NULL,NULL,NULL),(1659,554,3,0,NULL,NULL,NULL,NULL,NULL),(1660,555,1,0,NULL,NULL,NULL,NULL,NULL),(1661,555,2,0,NULL,NULL,NULL,NULL,NULL),(1662,555,3,0,NULL,NULL,NULL,NULL,NULL),(1663,556,1,0,NULL,NULL,NULL,NULL,NULL),(1664,556,2,0,NULL,NULL,NULL,NULL,NULL),(1665,556,3,0,NULL,NULL,NULL,NULL,NULL),(1666,557,1,0,NULL,NULL,NULL,NULL,NULL),(1667,557,2,0,NULL,NULL,NULL,NULL,NULL),(1668,557,3,0,NULL,NULL,NULL,NULL,NULL),(1669,558,1,0,NULL,NULL,NULL,NULL,NULL),(1670,558,2,0,NULL,NULL,NULL,NULL,NULL),(1671,558,3,0,NULL,NULL,NULL,NULL,NULL),(1672,559,1,0,NULL,NULL,NULL,NULL,NULL),(1673,559,2,0,NULL,NULL,NULL,NULL,NULL),(1674,559,3,0,NULL,NULL,NULL,NULL,NULL),(1675,560,1,0,NULL,NULL,NULL,NULL,NULL),(1676,560,2,0,NULL,NULL,NULL,NULL,NULL),(1677,560,3,0,NULL,NULL,NULL,NULL,NULL),(1678,561,1,0,NULL,NULL,NULL,NULL,NULL),(1679,561,2,0,NULL,NULL,NULL,NULL,NULL),(1680,561,3,0,NULL,NULL,NULL,NULL,NULL),(1681,562,1,0,NULL,NULL,NULL,NULL,NULL),(1682,562,2,0,NULL,NULL,NULL,NULL,NULL),(1683,562,3,0,NULL,NULL,NULL,NULL,NULL),(1684,563,1,0,NULL,NULL,NULL,NULL,NULL),(1685,564,1,0,NULL,NULL,NULL,NULL,NULL),(1686,564,2,0,NULL,NULL,NULL,NULL,NULL),(1687,563,2,0,NULL,NULL,NULL,NULL,NULL),(1688,564,3,0,NULL,NULL,NULL,NULL,NULL),(1689,563,3,0,NULL,NULL,NULL,NULL,NULL),(1690,565,1,0,NULL,NULL,NULL,NULL,NULL),(1691,565,2,0,NULL,NULL,NULL,NULL,NULL),(1692,565,3,0,NULL,NULL,NULL,NULL,NULL),(1693,566,1,0,NULL,NULL,NULL,NULL,NULL),(1694,566,2,0,NULL,NULL,NULL,NULL,NULL),(1695,566,3,0,NULL,NULL,NULL,NULL,NULL),(1696,567,1,0,NULL,NULL,NULL,NULL,NULL),(1697,567,2,0,NULL,NULL,NULL,NULL,NULL),(1698,567,3,0,NULL,NULL,NULL,NULL,NULL),(1699,568,1,0,NULL,NULL,NULL,NULL,NULL),(1700,568,2,0,NULL,NULL,NULL,NULL,NULL),(1701,568,3,0,NULL,NULL,NULL,NULL,NULL),(1702,569,1,0,NULL,NULL,NULL,NULL,NULL),(1703,569,2,0,NULL,NULL,NULL,NULL,NULL),(1704,569,3,0,NULL,NULL,NULL,NULL,NULL),(1705,570,1,0,NULL,NULL,NULL,NULL,NULL),(1706,570,2,0,NULL,NULL,NULL,NULL,NULL),(1707,570,3,0,NULL,NULL,NULL,NULL,NULL),(1708,571,1,0,NULL,NULL,NULL,NULL,NULL),(1709,571,2,0,NULL,NULL,NULL,NULL,NULL),(1710,571,3,0,NULL,NULL,NULL,NULL,NULL),(1711,572,1,0,NULL,NULL,NULL,NULL,NULL),(1712,572,2,0,NULL,NULL,NULL,NULL,NULL),(1713,572,3,0,NULL,NULL,NULL,NULL,NULL),(1714,573,1,0,NULL,NULL,NULL,NULL,NULL),(1715,573,2,0,NULL,NULL,NULL,NULL,NULL),(1716,573,3,0,NULL,NULL,NULL,NULL,NULL),(1717,574,1,0,NULL,NULL,NULL,NULL,NULL),(1718,574,2,0,NULL,NULL,NULL,NULL,NULL),(1719,574,3,0,NULL,NULL,NULL,NULL,NULL),(1720,575,1,0,NULL,NULL,NULL,NULL,NULL),(1721,575,2,0,NULL,NULL,NULL,NULL,NULL),(1722,575,3,0,NULL,NULL,NULL,NULL,NULL),(1723,576,1,0,NULL,NULL,NULL,NULL,NULL),(1724,576,2,0,NULL,NULL,NULL,NULL,NULL),(1725,576,3,0,NULL,NULL,NULL,NULL,NULL),(1726,577,1,0,NULL,NULL,NULL,NULL,NULL),(1727,577,2,0,NULL,NULL,NULL,NULL,NULL),(1728,577,3,0,NULL,NULL,NULL,NULL,NULL),(1729,578,1,0,NULL,NULL,NULL,NULL,NULL),(1730,578,2,0,NULL,NULL,NULL,NULL,NULL),(1731,578,3,0,NULL,NULL,NULL,NULL,NULL),(1732,579,1,0,NULL,NULL,NULL,NULL,NULL),(1733,579,2,0,NULL,NULL,NULL,NULL,NULL),(1734,579,3,0,NULL,NULL,NULL,NULL,NULL),(1735,580,1,0,NULL,NULL,NULL,NULL,NULL),(1736,580,2,0,NULL,NULL,NULL,NULL,NULL),(1737,580,3,0,NULL,NULL,NULL,NULL,NULL),(1738,581,1,0,NULL,NULL,NULL,NULL,NULL),(1739,581,2,0,NULL,NULL,NULL,NULL,NULL),(1740,581,3,0,NULL,NULL,NULL,NULL,NULL),(1741,582,1,0,NULL,NULL,NULL,NULL,NULL),(1742,582,2,0,NULL,NULL,NULL,NULL,NULL),(1743,582,3,0,NULL,NULL,NULL,NULL,NULL),(1744,583,1,0,NULL,NULL,NULL,NULL,NULL),(1745,583,2,0,NULL,NULL,NULL,NULL,NULL),(1746,583,3,0,NULL,NULL,NULL,NULL,NULL),(1747,584,1,0,NULL,NULL,NULL,NULL,NULL),(1748,584,2,0,NULL,NULL,NULL,NULL,NULL),(1749,584,3,0,NULL,NULL,NULL,NULL,NULL),(1750,585,1,0,NULL,NULL,NULL,NULL,NULL),(1751,585,2,0,NULL,NULL,NULL,NULL,NULL),(1752,585,3,0,NULL,NULL,NULL,NULL,NULL),(1753,586,1,0,NULL,NULL,NULL,NULL,NULL),(1754,586,2,0,NULL,NULL,NULL,NULL,NULL),(1755,586,3,0,NULL,NULL,NULL,NULL,NULL),(1756,587,1,0,NULL,NULL,NULL,NULL,NULL),(1757,587,2,0,NULL,NULL,NULL,NULL,NULL),(1758,587,3,0,NULL,NULL,NULL,NULL,NULL),(1759,588,1,0,NULL,NULL,NULL,NULL,NULL),(1760,588,2,0,NULL,NULL,NULL,NULL,NULL),(1761,588,3,0,NULL,NULL,NULL,NULL,NULL),(1762,589,1,0,NULL,NULL,NULL,NULL,NULL),(1763,589,2,0,NULL,NULL,NULL,NULL,NULL),(1764,589,3,0,NULL,NULL,NULL,NULL,NULL),(1765,590,1,0,NULL,NULL,NULL,NULL,NULL),(1766,590,2,0,NULL,NULL,NULL,NULL,NULL),(1767,590,3,0,NULL,NULL,NULL,NULL,NULL),(1768,591,1,0,NULL,NULL,NULL,NULL,NULL),(1769,591,2,0,NULL,NULL,NULL,NULL,NULL),(1770,591,3,0,NULL,NULL,NULL,NULL,NULL),(1771,592,1,0,NULL,NULL,NULL,NULL,NULL),(1772,592,2,0,NULL,NULL,NULL,NULL,NULL),(1773,592,3,0,NULL,NULL,NULL,NULL,NULL),(1774,593,1,0,NULL,NULL,NULL,NULL,NULL),(1775,593,2,0,NULL,NULL,NULL,NULL,NULL),(1776,593,3,0,NULL,NULL,NULL,NULL,NULL),(1777,594,1,0,NULL,NULL,NULL,NULL,NULL),(1778,594,2,0,NULL,NULL,NULL,NULL,NULL),(1779,594,3,0,NULL,NULL,NULL,NULL,NULL),(1780,595,1,0,NULL,NULL,NULL,NULL,NULL),(1781,595,2,0,NULL,NULL,NULL,NULL,NULL),(1782,595,3,0,NULL,NULL,NULL,NULL,NULL),(1783,596,1,0,NULL,NULL,NULL,NULL,NULL),(1784,596,2,0,NULL,NULL,NULL,NULL,NULL),(1785,596,3,0,NULL,NULL,NULL,NULL,NULL),(1786,597,1,0,NULL,NULL,NULL,NULL,NULL),(1787,597,2,0,NULL,NULL,NULL,NULL,NULL),(1788,597,3,0,NULL,NULL,NULL,NULL,NULL),(1789,598,1,0,NULL,NULL,NULL,NULL,NULL),(1790,598,2,0,NULL,NULL,NULL,NULL,NULL),(1791,598,3,0,NULL,NULL,NULL,NULL,NULL),(1792,599,1,0,NULL,NULL,NULL,NULL,NULL),(1793,599,2,0,NULL,NULL,NULL,NULL,NULL),(1794,599,3,0,NULL,NULL,NULL,NULL,NULL),(1795,600,1,0,NULL,NULL,NULL,NULL,NULL),(1796,600,2,0,NULL,NULL,NULL,NULL,NULL),(1797,600,3,0,NULL,NULL,NULL,NULL,NULL),(1798,601,1,0,NULL,NULL,NULL,NULL,NULL),(1799,601,2,0,NULL,NULL,NULL,NULL,NULL),(1800,601,3,0,NULL,NULL,NULL,NULL,NULL),(1801,602,1,0,NULL,NULL,NULL,NULL,NULL),(1802,602,2,0,NULL,NULL,NULL,NULL,NULL),(1803,602,3,0,NULL,NULL,NULL,NULL,NULL),(1804,603,1,0,NULL,NULL,NULL,NULL,NULL),(1805,603,2,0,NULL,NULL,NULL,NULL,NULL),(1806,603,3,0,NULL,NULL,NULL,NULL,NULL),(1807,604,1,0,NULL,NULL,NULL,NULL,NULL),(1808,604,2,0,NULL,NULL,NULL,NULL,NULL),(1809,604,3,0,NULL,NULL,NULL,NULL,NULL),(1810,605,1,0,NULL,NULL,NULL,NULL,NULL),(1811,605,2,0,NULL,NULL,NULL,NULL,NULL),(1812,605,3,0,NULL,NULL,NULL,NULL,NULL),(1813,606,1,0,NULL,NULL,NULL,NULL,NULL),(1814,606,2,0,NULL,NULL,NULL,NULL,NULL),(1815,606,3,0,NULL,NULL,NULL,NULL,NULL),(1816,607,1,0,NULL,NULL,NULL,NULL,NULL),(1817,607,2,0,NULL,NULL,NULL,NULL,NULL),(1818,607,3,0,NULL,NULL,NULL,NULL,NULL),(1819,608,1,0,NULL,NULL,NULL,NULL,NULL),(1820,608,2,0,NULL,NULL,NULL,NULL,NULL),(1821,608,3,0,NULL,NULL,NULL,NULL,NULL),(1822,609,1,0,NULL,NULL,NULL,NULL,NULL),(1823,609,2,0,NULL,NULL,NULL,NULL,NULL),(1824,609,3,0,NULL,NULL,NULL,NULL,NULL),(1825,610,1,0,NULL,NULL,NULL,NULL,NULL),(1826,610,2,0,NULL,NULL,NULL,NULL,NULL),(1827,610,3,0,NULL,NULL,NULL,NULL,NULL),(1828,611,1,0,NULL,NULL,NULL,NULL,NULL),(1829,611,2,0,NULL,NULL,NULL,NULL,NULL),(1830,611,3,0,NULL,NULL,NULL,NULL,NULL),(1831,612,1,0,NULL,NULL,NULL,NULL,NULL),(1832,612,2,0,NULL,NULL,NULL,NULL,NULL),(1833,612,3,0,NULL,NULL,NULL,NULL,NULL),(1834,613,1,0,NULL,NULL,NULL,NULL,NULL),(1835,613,2,0,NULL,NULL,NULL,NULL,NULL),(1836,613,3,0,NULL,NULL,NULL,NULL,NULL),(1837,614,1,0,NULL,NULL,NULL,NULL,NULL),(1838,614,2,0,NULL,NULL,NULL,NULL,NULL),(1839,614,3,0,NULL,NULL,NULL,NULL,NULL),(1840,615,1,0,NULL,NULL,NULL,NULL,NULL),(1841,615,2,0,NULL,NULL,NULL,NULL,NULL),(1842,615,3,0,NULL,NULL,NULL,NULL,NULL),(1843,616,1,0,NULL,NULL,NULL,NULL,NULL),(1844,616,2,0,NULL,NULL,NULL,NULL,NULL),(1845,616,3,0,NULL,NULL,NULL,NULL,NULL),(1846,617,1,0,NULL,NULL,NULL,NULL,NULL),(1847,617,2,0,NULL,NULL,NULL,NULL,NULL),(1848,617,3,0,NULL,NULL,NULL,NULL,NULL),(1849,618,1,0,NULL,NULL,NULL,NULL,NULL),(1850,618,2,0,NULL,NULL,NULL,NULL,NULL),(1851,618,3,0,NULL,NULL,NULL,NULL,NULL),(1852,619,1,0,NULL,NULL,NULL,NULL,NULL),(1853,619,2,0,NULL,NULL,NULL,NULL,NULL),(1854,619,3,0,NULL,NULL,NULL,NULL,NULL),(1855,620,1,0,NULL,NULL,NULL,NULL,NULL),(1856,620,2,0,NULL,NULL,NULL,NULL,NULL),(1857,620,3,0,NULL,NULL,NULL,NULL,NULL),(1858,621,1,0,NULL,NULL,NULL,NULL,NULL),(1859,621,2,0,NULL,NULL,NULL,NULL,NULL),(1860,621,3,0,NULL,NULL,NULL,NULL,NULL),(1861,622,1,0,NULL,NULL,NULL,NULL,NULL),(1862,622,2,0,NULL,NULL,NULL,NULL,NULL),(1863,622,3,0,NULL,NULL,NULL,NULL,NULL),(1864,623,1,0,NULL,NULL,NULL,NULL,NULL),(1865,623,2,0,NULL,NULL,NULL,NULL,NULL),(1866,623,3,0,NULL,NULL,NULL,NULL,NULL),(1867,624,1,0,NULL,NULL,NULL,NULL,NULL),(1868,624,2,0,NULL,NULL,NULL,NULL,NULL),(1869,624,3,0,NULL,NULL,NULL,NULL,NULL),(1870,625,1,0,NULL,NULL,NULL,NULL,NULL),(1871,625,2,0,NULL,NULL,NULL,NULL,NULL),(1872,625,3,0,NULL,NULL,NULL,NULL,NULL),(1873,626,1,0,NULL,NULL,NULL,NULL,NULL),(1874,626,2,0,NULL,NULL,NULL,NULL,NULL),(1875,626,3,0,NULL,NULL,NULL,NULL,NULL),(1876,627,1,0,NULL,NULL,NULL,NULL,NULL),(1877,627,2,0,NULL,NULL,NULL,NULL,NULL),(1878,627,3,0,NULL,NULL,NULL,NULL,NULL),(1879,628,1,0,NULL,NULL,NULL,NULL,NULL),(1880,628,2,0,NULL,NULL,NULL,NULL,NULL),(1881,628,3,0,NULL,NULL,NULL,NULL,NULL),(1882,629,1,0,NULL,NULL,NULL,NULL,NULL),(1883,629,2,0,NULL,NULL,NULL,NULL,NULL),(1884,629,3,0,NULL,NULL,NULL,NULL,NULL),(1885,630,1,0,NULL,NULL,NULL,NULL,NULL),(1886,630,2,0,NULL,NULL,NULL,NULL,NULL),(1887,630,3,0,NULL,NULL,NULL,NULL,NULL),(1888,631,1,0,NULL,NULL,NULL,NULL,NULL),(1889,631,2,0,NULL,NULL,NULL,NULL,NULL),(1890,631,3,0,NULL,NULL,NULL,NULL,NULL),(1891,632,1,0,NULL,NULL,NULL,NULL,NULL),(1892,632,2,0,NULL,NULL,NULL,NULL,NULL),(1893,632,3,0,NULL,NULL,NULL,NULL,NULL),(1894,633,1,0,NULL,NULL,NULL,NULL,NULL),(1895,633,2,0,NULL,NULL,NULL,NULL,NULL),(1896,633,3,0,NULL,NULL,NULL,NULL,NULL),(1897,634,1,0,NULL,NULL,NULL,NULL,NULL),(1898,634,2,0,NULL,NULL,NULL,NULL,NULL),(1899,634,3,0,NULL,NULL,NULL,NULL,NULL),(1900,635,1,0,NULL,NULL,NULL,NULL,NULL),(1901,635,2,0,NULL,NULL,NULL,NULL,NULL),(1902,635,3,0,NULL,NULL,NULL,NULL,NULL),(1903,636,1,0,NULL,NULL,NULL,NULL,NULL),(1904,636,2,0,NULL,NULL,NULL,NULL,NULL),(1905,636,3,0,NULL,NULL,NULL,NULL,NULL),(1906,637,1,0,NULL,NULL,NULL,NULL,NULL),(1907,637,2,0,NULL,NULL,NULL,NULL,NULL),(1908,637,3,0,NULL,NULL,NULL,NULL,NULL),(1909,638,1,0,NULL,NULL,NULL,NULL,NULL),(1910,638,2,0,NULL,NULL,NULL,NULL,NULL),(1911,638,3,0,NULL,NULL,NULL,NULL,NULL),(1912,639,1,0,NULL,NULL,NULL,NULL,NULL),(1913,639,2,0,NULL,NULL,NULL,NULL,NULL),(1914,639,3,0,NULL,NULL,NULL,NULL,NULL),(1915,640,1,0,NULL,NULL,NULL,NULL,NULL),(1916,640,2,0,NULL,NULL,NULL,NULL,NULL),(1917,640,3,0,NULL,NULL,NULL,NULL,NULL),(1918,641,1,0,NULL,NULL,NULL,NULL,NULL),(1919,641,2,0,NULL,NULL,NULL,NULL,NULL),(1920,641,3,0,NULL,NULL,NULL,NULL,NULL),(1921,642,1,0,NULL,NULL,NULL,NULL,NULL),(1922,642,2,0,NULL,NULL,NULL,NULL,NULL),(1923,642,3,0,NULL,NULL,NULL,NULL,NULL),(1924,643,1,0,NULL,NULL,NULL,NULL,NULL),(1925,643,2,0,NULL,NULL,NULL,NULL,NULL),(1926,643,3,0,NULL,NULL,NULL,NULL,NULL),(1927,644,1,0,NULL,NULL,NULL,NULL,NULL),(1928,644,2,0,NULL,NULL,NULL,NULL,NULL),(1929,644,3,0,NULL,NULL,NULL,NULL,NULL),(1930,645,1,0,NULL,NULL,NULL,NULL,NULL),(1931,645,2,0,NULL,NULL,NULL,NULL,NULL),(1932,645,3,0,NULL,NULL,NULL,NULL,NULL),(1933,646,1,0,NULL,NULL,NULL,NULL,NULL),(1934,646,2,0,NULL,NULL,NULL,NULL,NULL),(1935,646,3,0,NULL,NULL,NULL,NULL,NULL),(1936,647,1,0,NULL,NULL,NULL,NULL,NULL),(1937,647,2,0,NULL,NULL,NULL,NULL,NULL),(1938,647,3,0,NULL,NULL,NULL,NULL,NULL),(1939,648,1,0,NULL,NULL,NULL,NULL,NULL),(1940,648,2,0,NULL,NULL,NULL,NULL,NULL),(1941,648,3,0,NULL,NULL,NULL,NULL,NULL),(1942,649,1,0,NULL,NULL,NULL,NULL,NULL),(1943,649,2,0,NULL,NULL,NULL,NULL,NULL),(1944,649,3,0,NULL,NULL,NULL,NULL,NULL),(1945,650,1,0,NULL,NULL,NULL,NULL,NULL),(1946,650,2,0,NULL,NULL,NULL,NULL,NULL),(1947,650,3,0,NULL,NULL,NULL,NULL,NULL),(1948,651,1,0,NULL,NULL,NULL,NULL,NULL),(1949,651,2,0,NULL,NULL,NULL,NULL,NULL),(1950,651,3,0,NULL,NULL,NULL,NULL,NULL),(1951,652,1,0,NULL,NULL,NULL,NULL,NULL),(1952,652,2,0,NULL,NULL,NULL,NULL,NULL),(1953,652,3,0,NULL,NULL,NULL,NULL,NULL),(1954,653,1,0,NULL,NULL,NULL,NULL,NULL),(1955,653,2,0,NULL,NULL,NULL,NULL,NULL),(1956,653,3,0,NULL,NULL,NULL,NULL,NULL),(1957,654,1,0,NULL,NULL,NULL,NULL,NULL),(1958,654,2,0,NULL,NULL,NULL,NULL,NULL),(1959,654,3,0,NULL,NULL,NULL,NULL,NULL),(1960,655,1,0,NULL,NULL,NULL,NULL,NULL),(1961,655,2,0,NULL,NULL,NULL,NULL,NULL),(1962,655,3,0,NULL,NULL,NULL,NULL,NULL),(1963,656,1,0,NULL,NULL,NULL,NULL,NULL),(1964,656,2,0,NULL,NULL,NULL,NULL,NULL),(1965,656,3,0,NULL,NULL,NULL,NULL,NULL),(1966,657,1,0,NULL,NULL,NULL,NULL,NULL),(1967,657,2,0,NULL,NULL,NULL,NULL,NULL),(1968,657,3,0,NULL,NULL,NULL,NULL,NULL),(1969,658,1,0,NULL,NULL,NULL,NULL,NULL),(1970,658,2,0,NULL,NULL,NULL,NULL,NULL),(1971,658,3,0,NULL,NULL,NULL,NULL,NULL),(1972,659,1,0,NULL,NULL,NULL,NULL,NULL),(1973,659,2,0,NULL,NULL,NULL,NULL,NULL),(1974,659,3,0,NULL,NULL,NULL,NULL,NULL),(1975,660,1,0,NULL,NULL,NULL,NULL,NULL),(1976,660,2,0,NULL,NULL,NULL,NULL,NULL),(1977,660,3,0,NULL,NULL,NULL,NULL,NULL),(1978,661,1,0,NULL,NULL,NULL,NULL,NULL),(1979,661,2,0,NULL,NULL,NULL,NULL,NULL),(1980,661,3,0,NULL,NULL,NULL,NULL,NULL),(1981,662,1,0,NULL,NULL,NULL,NULL,NULL),(1982,662,2,0,NULL,NULL,NULL,NULL,NULL),(1983,662,3,0,NULL,NULL,NULL,NULL,NULL),(1984,663,1,0,NULL,NULL,NULL,NULL,NULL),(1985,663,2,0,NULL,NULL,NULL,NULL,NULL),(1986,663,3,0,NULL,NULL,NULL,NULL,NULL),(1987,664,1,0,NULL,NULL,NULL,NULL,NULL),(1988,664,2,0,NULL,NULL,NULL,NULL,NULL),(1989,664,3,0,NULL,NULL,NULL,NULL,NULL),(1990,665,1,0,NULL,NULL,NULL,NULL,NULL),(1991,665,2,0,NULL,NULL,NULL,NULL,NULL),(1992,665,3,0,NULL,NULL,NULL,NULL,NULL),(1993,666,1,0,NULL,NULL,NULL,NULL,NULL),(1994,666,2,0,NULL,NULL,NULL,NULL,NULL),(1995,666,3,0,NULL,NULL,NULL,NULL,NULL),(1996,667,1,0,NULL,NULL,NULL,NULL,NULL),(1997,667,2,0,NULL,NULL,NULL,NULL,NULL),(1998,667,3,0,NULL,NULL,NULL,NULL,NULL),(1999,668,1,0,NULL,NULL,NULL,NULL,NULL),(2000,668,2,0,NULL,NULL,NULL,NULL,NULL),(2001,668,3,0,NULL,NULL,NULL,NULL,NULL),(2002,669,1,0,NULL,NULL,NULL,NULL,NULL),(2003,669,2,0,NULL,NULL,NULL,NULL,NULL),(2004,669,3,0,NULL,NULL,NULL,NULL,NULL),(2005,670,1,0,NULL,NULL,NULL,NULL,NULL),(2006,670,2,0,NULL,NULL,NULL,NULL,NULL),(2007,670,3,0,NULL,NULL,NULL,NULL,NULL),(2008,671,1,0,NULL,NULL,NULL,NULL,NULL),(2009,671,2,0,NULL,NULL,NULL,NULL,NULL),(2010,671,3,0,NULL,NULL,NULL,NULL,NULL),(2011,672,1,0,NULL,NULL,NULL,NULL,NULL),(2012,672,2,0,NULL,NULL,NULL,NULL,NULL),(2013,672,3,0,NULL,NULL,NULL,NULL,NULL),(2014,673,1,0,NULL,NULL,NULL,NULL,NULL),(2015,673,2,0,NULL,NULL,NULL,NULL,NULL),(2016,673,3,0,NULL,NULL,NULL,NULL,NULL),(2017,674,1,0,NULL,NULL,NULL,NULL,NULL),(2018,674,2,0,NULL,NULL,NULL,NULL,NULL),(2019,674,3,0,NULL,NULL,NULL,NULL,NULL),(2020,675,1,0,NULL,NULL,NULL,NULL,NULL),(2021,675,2,0,NULL,NULL,NULL,NULL,NULL),(2022,675,3,0,NULL,NULL,NULL,NULL,NULL),(2023,676,1,0,NULL,NULL,NULL,NULL,NULL),(2024,676,2,0,NULL,NULL,NULL,NULL,NULL),(2025,676,3,0,NULL,NULL,NULL,NULL,NULL),(2026,677,1,0,NULL,NULL,NULL,NULL,NULL),(2027,677,2,0,NULL,NULL,NULL,NULL,NULL),(2028,677,3,0,NULL,NULL,NULL,NULL,NULL),(2029,678,1,0,NULL,NULL,NULL,NULL,NULL),(2030,678,2,0,NULL,NULL,NULL,NULL,NULL),(2031,678,3,0,NULL,NULL,NULL,NULL,NULL),(2032,679,1,0,NULL,NULL,NULL,NULL,NULL),(2033,679,2,0,NULL,NULL,NULL,NULL,NULL),(2034,679,3,0,NULL,NULL,NULL,NULL,NULL),(2035,680,1,0,NULL,NULL,NULL,NULL,NULL),(2036,680,2,0,NULL,NULL,NULL,NULL,NULL),(2037,680,3,0,NULL,NULL,NULL,NULL,NULL),(2038,681,1,0,NULL,NULL,NULL,NULL,NULL),(2039,681,2,0,NULL,NULL,NULL,NULL,NULL),(2040,681,3,0,NULL,NULL,NULL,NULL,NULL),(2041,682,1,0,NULL,NULL,NULL,NULL,NULL),(2042,682,2,0,NULL,NULL,NULL,NULL,NULL),(2043,682,3,0,NULL,NULL,NULL,NULL,NULL),(2044,683,1,0,NULL,NULL,NULL,NULL,NULL),(2045,683,2,0,NULL,NULL,NULL,NULL,NULL),(2046,683,3,0,NULL,NULL,NULL,NULL,NULL),(2047,684,1,0,NULL,NULL,NULL,NULL,NULL),(2048,684,2,0,NULL,NULL,NULL,NULL,NULL),(2049,684,3,0,NULL,NULL,NULL,NULL,NULL),(2050,685,1,0,NULL,NULL,NULL,NULL,NULL),(2051,685,2,0,NULL,NULL,NULL,NULL,NULL),(2052,685,3,0,NULL,NULL,NULL,NULL,NULL),(2053,686,1,0,NULL,NULL,NULL,NULL,NULL),(2054,686,2,0,NULL,NULL,NULL,NULL,NULL),(2055,686,3,0,NULL,NULL,NULL,NULL,NULL),(2056,687,1,0,NULL,NULL,NULL,NULL,NULL),(2057,687,2,0,NULL,NULL,NULL,NULL,NULL),(2058,687,3,0,NULL,NULL,NULL,NULL,NULL),(2059,688,1,0,NULL,NULL,NULL,NULL,NULL),(2060,688,2,0,NULL,NULL,NULL,NULL,NULL),(2061,688,3,0,NULL,NULL,NULL,NULL,NULL),(2062,689,1,0,NULL,NULL,NULL,NULL,NULL),(2063,689,2,0,NULL,NULL,NULL,NULL,NULL),(2064,689,3,0,NULL,NULL,NULL,NULL,NULL),(2065,690,1,0,NULL,NULL,NULL,NULL,NULL),(2066,690,2,0,NULL,NULL,NULL,NULL,NULL),(2067,690,3,0,NULL,NULL,NULL,NULL,NULL),(2068,691,1,0,NULL,NULL,NULL,NULL,NULL),(2069,691,2,0,NULL,NULL,NULL,NULL,NULL),(2070,691,3,0,NULL,NULL,NULL,NULL,NULL),(2071,692,1,0,NULL,NULL,NULL,NULL,NULL),(2072,692,2,0,NULL,NULL,NULL,NULL,NULL),(2073,692,3,0,NULL,NULL,NULL,NULL,NULL),(2074,693,1,0,NULL,NULL,NULL,NULL,NULL),(2075,693,2,0,NULL,NULL,NULL,NULL,NULL),(2076,693,3,0,NULL,NULL,NULL,NULL,NULL),(2077,694,1,0,NULL,NULL,NULL,NULL,NULL),(2078,694,2,0,NULL,NULL,NULL,NULL,NULL),(2079,694,3,0,NULL,NULL,NULL,NULL,NULL),(2080,695,1,0,NULL,NULL,NULL,NULL,NULL),(2081,695,2,0,NULL,NULL,NULL,NULL,NULL),(2082,695,3,0,NULL,NULL,NULL,NULL,NULL),(2083,696,1,0,NULL,NULL,NULL,NULL,NULL),(2084,696,2,0,NULL,NULL,NULL,NULL,NULL),(2085,696,3,0,NULL,NULL,NULL,NULL,NULL),(2086,697,1,0,NULL,NULL,NULL,NULL,NULL),(2087,697,2,0,NULL,NULL,NULL,NULL,NULL),(2088,697,3,0,NULL,NULL,NULL,NULL,NULL),(2089,698,1,0,NULL,NULL,NULL,NULL,NULL),(2090,698,2,0,NULL,NULL,NULL,NULL,NULL),(2091,698,3,0,NULL,NULL,NULL,NULL,NULL),(2092,699,1,0,NULL,NULL,NULL,NULL,NULL),(2093,699,2,0,NULL,NULL,NULL,NULL,NULL),(2094,699,3,0,NULL,NULL,NULL,NULL,NULL),(2095,700,1,0,NULL,NULL,NULL,NULL,NULL),(2096,700,2,0,NULL,NULL,NULL,NULL,NULL),(2097,700,3,0,NULL,NULL,NULL,NULL,NULL),(2098,701,1,0,NULL,NULL,NULL,NULL,NULL),(2099,701,2,0,NULL,NULL,NULL,NULL,NULL),(2100,701,3,0,NULL,NULL,NULL,NULL,NULL),(2101,702,1,0,NULL,NULL,NULL,NULL,NULL),(2102,702,2,0,NULL,NULL,NULL,NULL,NULL),(2103,702,3,0,NULL,NULL,NULL,NULL,NULL),(2104,703,1,0,NULL,NULL,NULL,NULL,NULL),(2105,703,2,0,NULL,NULL,NULL,NULL,NULL),(2106,703,3,0,NULL,NULL,NULL,NULL,NULL),(2107,704,1,0,NULL,NULL,NULL,NULL,NULL),(2108,704,2,0,NULL,NULL,NULL,NULL,NULL),(2109,704,3,0,NULL,NULL,NULL,NULL,NULL),(2110,705,1,0,NULL,NULL,NULL,NULL,NULL),(2111,705,2,0,NULL,NULL,NULL,NULL,NULL),(2112,705,3,0,NULL,NULL,NULL,NULL,NULL),(2113,706,1,0,NULL,NULL,NULL,NULL,NULL),(2114,706,2,0,NULL,NULL,NULL,NULL,NULL),(2115,706,3,0,NULL,NULL,NULL,NULL,NULL),(2116,707,1,0,NULL,NULL,NULL,NULL,NULL),(2117,707,2,0,NULL,NULL,NULL,NULL,NULL),(2118,707,3,0,NULL,NULL,NULL,NULL,NULL),(2119,708,1,0,NULL,NULL,NULL,NULL,NULL),(2120,708,2,0,NULL,NULL,NULL,NULL,NULL),(2121,708,3,0,NULL,NULL,NULL,NULL,NULL),(2122,709,1,0,NULL,NULL,NULL,NULL,NULL),(2123,709,2,0,NULL,NULL,NULL,NULL,NULL),(2124,709,3,0,NULL,NULL,NULL,NULL,NULL),(2125,710,1,0,NULL,NULL,NULL,NULL,NULL),(2126,710,2,0,NULL,NULL,NULL,NULL,NULL),(2127,710,3,0,NULL,NULL,NULL,NULL,NULL),(2128,711,1,0,NULL,NULL,NULL,NULL,NULL),(2129,711,2,0,NULL,NULL,NULL,NULL,NULL),(2130,711,3,0,NULL,NULL,NULL,NULL,NULL),(2131,712,1,0,NULL,NULL,NULL,NULL,NULL),(2132,712,2,0,NULL,NULL,NULL,NULL,NULL),(2133,712,3,0,NULL,NULL,NULL,NULL,NULL),(2134,713,1,0,NULL,NULL,NULL,NULL,NULL),(2135,713,2,0,NULL,NULL,NULL,NULL,NULL),(2136,713,3,0,NULL,NULL,NULL,NULL,NULL),(2137,714,1,0,NULL,NULL,NULL,NULL,NULL),(2138,714,2,0,NULL,NULL,NULL,NULL,NULL),(2139,714,3,0,NULL,NULL,NULL,NULL,NULL),(2140,715,1,0,NULL,NULL,NULL,NULL,NULL),(2141,715,2,0,NULL,NULL,NULL,NULL,NULL),(2142,715,3,0,NULL,NULL,NULL,NULL,NULL),(2143,716,1,0,NULL,NULL,NULL,NULL,NULL),(2144,716,2,0,NULL,NULL,NULL,NULL,NULL),(2145,716,3,0,NULL,NULL,NULL,NULL,NULL),(2146,717,1,0,NULL,NULL,NULL,NULL,NULL),(2147,717,2,0,NULL,NULL,NULL,NULL,NULL),(2148,717,3,0,NULL,NULL,NULL,NULL,NULL),(2149,718,1,0,NULL,NULL,NULL,NULL,NULL),(2150,718,2,0,NULL,NULL,NULL,NULL,NULL),(2151,718,3,0,NULL,NULL,NULL,NULL,NULL),(2152,719,1,0,NULL,NULL,NULL,NULL,NULL),(2153,719,2,0,NULL,NULL,NULL,NULL,NULL),(2154,719,3,0,NULL,NULL,NULL,NULL,NULL),(2155,720,1,0,NULL,NULL,NULL,NULL,NULL),(2156,720,2,0,NULL,NULL,NULL,NULL,NULL),(2157,720,3,0,NULL,NULL,NULL,NULL,NULL),(2158,721,1,0,NULL,NULL,NULL,NULL,NULL),(2159,721,2,0,NULL,NULL,NULL,NULL,NULL),(2160,721,3,0,NULL,NULL,NULL,NULL,NULL),(2161,722,1,0,NULL,NULL,NULL,NULL,NULL),(2162,722,2,0,NULL,NULL,NULL,NULL,NULL),(2163,722,3,0,NULL,NULL,NULL,NULL,NULL),(2164,723,1,0,NULL,NULL,NULL,NULL,NULL),(2165,723,2,0,NULL,NULL,NULL,NULL,NULL),(2166,723,3,0,NULL,NULL,NULL,NULL,NULL),(2167,724,1,0,NULL,NULL,NULL,NULL,NULL),(2168,724,2,0,NULL,NULL,NULL,NULL,NULL),(2169,724,3,0,NULL,NULL,NULL,NULL,NULL),(2170,725,1,0,NULL,NULL,NULL,NULL,NULL),(2171,725,2,0,NULL,NULL,NULL,NULL,NULL),(2172,725,3,0,NULL,NULL,NULL,NULL,NULL),(2173,726,1,0,NULL,NULL,NULL,NULL,NULL),(2174,726,2,0,NULL,NULL,NULL,NULL,NULL),(2175,726,3,0,NULL,NULL,NULL,NULL,NULL),(2176,727,1,0,NULL,NULL,NULL,NULL,NULL),(2177,727,2,0,NULL,NULL,NULL,NULL,NULL),(2178,727,3,0,NULL,NULL,NULL,NULL,NULL),(2179,728,1,0,NULL,NULL,NULL,NULL,NULL),(2180,728,2,0,NULL,NULL,NULL,NULL,NULL),(2181,728,3,0,NULL,NULL,NULL,NULL,NULL),(2182,729,1,0,NULL,NULL,NULL,NULL,NULL),(2183,729,2,0,NULL,NULL,NULL,NULL,NULL),(2184,729,3,0,NULL,NULL,NULL,NULL,NULL),(2185,730,1,0,NULL,NULL,NULL,NULL,NULL),(2186,730,2,0,NULL,NULL,NULL,NULL,NULL),(2187,730,3,0,NULL,NULL,NULL,NULL,NULL),(2188,731,1,0,NULL,NULL,NULL,NULL,NULL),(2189,731,2,0,NULL,NULL,NULL,NULL,NULL),(2190,731,3,0,NULL,NULL,NULL,NULL,NULL),(2191,732,1,0,NULL,NULL,NULL,NULL,NULL),(2192,732,2,0,NULL,NULL,NULL,NULL,NULL),(2193,732,3,0,NULL,NULL,NULL,NULL,NULL),(2194,733,1,0,NULL,NULL,NULL,NULL,NULL),(2195,733,2,0,NULL,NULL,NULL,NULL,NULL),(2196,733,3,0,NULL,NULL,NULL,NULL,NULL),(2197,734,1,0,NULL,NULL,NULL,NULL,NULL),(2198,734,2,0,NULL,NULL,NULL,NULL,NULL),(2199,734,3,0,NULL,NULL,NULL,NULL,NULL),(2200,735,1,0,NULL,NULL,NULL,NULL,NULL),(2201,735,2,0,NULL,NULL,NULL,NULL,NULL),(2202,735,3,0,NULL,NULL,NULL,NULL,NULL),(2203,736,1,0,NULL,NULL,NULL,NULL,NULL),(2204,736,2,0,NULL,NULL,NULL,NULL,NULL),(2205,736,3,0,NULL,NULL,NULL,NULL,NULL),(2206,737,1,0,NULL,NULL,NULL,NULL,NULL),(2207,737,2,0,NULL,NULL,NULL,NULL,NULL),(2208,737,3,0,NULL,NULL,NULL,NULL,NULL),(2209,738,1,0,NULL,NULL,NULL,NULL,NULL),(2210,738,2,0,NULL,NULL,NULL,NULL,NULL),(2211,738,3,0,NULL,NULL,NULL,NULL,NULL),(2212,739,1,0,NULL,NULL,NULL,NULL,NULL),(2213,739,2,0,NULL,NULL,NULL,NULL,NULL),(2214,739,3,0,NULL,NULL,NULL,NULL,NULL),(2215,740,1,0,NULL,NULL,NULL,NULL,NULL),(2216,740,2,0,NULL,NULL,NULL,NULL,NULL),(2217,740,3,0,NULL,NULL,NULL,NULL,NULL),(2218,741,1,0,NULL,NULL,NULL,NULL,NULL),(2219,741,2,0,NULL,NULL,NULL,NULL,NULL),(2220,741,3,0,NULL,NULL,NULL,NULL,NULL),(2221,742,1,0,NULL,NULL,NULL,NULL,NULL),(2222,742,2,0,NULL,NULL,NULL,NULL,NULL),(2223,742,3,0,NULL,NULL,NULL,NULL,NULL),(2224,743,1,0,NULL,NULL,NULL,NULL,NULL),(2225,743,2,0,NULL,NULL,NULL,NULL,NULL),(2226,743,3,0,NULL,NULL,NULL,NULL,NULL),(2227,744,1,0,NULL,NULL,NULL,NULL,NULL),(2228,744,2,0,NULL,NULL,NULL,NULL,NULL),(2229,744,3,0,NULL,NULL,NULL,NULL,NULL),(2230,745,1,0,NULL,NULL,NULL,NULL,NULL),(2231,745,2,0,NULL,NULL,NULL,NULL,NULL),(2232,745,3,0,NULL,NULL,NULL,NULL,NULL),(2233,746,1,0,NULL,NULL,NULL,NULL,NULL),(2234,746,2,0,NULL,NULL,NULL,NULL,NULL),(2235,746,3,0,NULL,NULL,NULL,NULL,NULL),(2236,747,1,0,NULL,NULL,NULL,NULL,NULL),(2237,747,2,0,NULL,NULL,NULL,NULL,NULL),(2238,747,3,0,NULL,NULL,NULL,NULL,NULL),(2239,748,1,0,NULL,NULL,NULL,NULL,NULL),(2240,748,2,0,NULL,NULL,NULL,NULL,NULL),(2241,748,3,0,NULL,NULL,NULL,NULL,NULL),(2242,749,1,0,NULL,NULL,NULL,NULL,NULL),(2243,749,2,0,NULL,NULL,NULL,NULL,NULL),(2244,749,3,0,NULL,NULL,NULL,NULL,NULL),(2245,750,1,0,NULL,NULL,NULL,NULL,NULL),(2246,750,2,0,NULL,NULL,NULL,NULL,NULL),(2247,750,3,0,NULL,NULL,NULL,NULL,NULL),(2248,751,1,0,NULL,NULL,NULL,NULL,NULL),(2249,751,2,0,NULL,NULL,NULL,NULL,NULL),(2250,751,3,0,NULL,NULL,NULL,NULL,NULL),(2251,752,1,0,NULL,NULL,NULL,NULL,NULL),(2252,752,2,0,NULL,NULL,NULL,NULL,NULL),(2253,752,3,0,NULL,NULL,NULL,NULL,NULL),(2254,753,1,0,NULL,NULL,NULL,NULL,NULL),(2255,753,2,0,NULL,NULL,NULL,NULL,NULL),(2256,753,3,0,NULL,NULL,NULL,NULL,NULL),(2257,754,1,0,NULL,NULL,NULL,NULL,NULL),(2258,754,2,0,NULL,NULL,NULL,NULL,NULL),(2259,754,3,0,NULL,NULL,NULL,NULL,NULL),(2260,755,1,0,NULL,NULL,NULL,NULL,NULL),(2261,755,2,0,NULL,NULL,NULL,NULL,NULL),(2262,755,3,0,NULL,NULL,NULL,NULL,NULL),(2263,756,1,0,NULL,NULL,NULL,NULL,NULL),(2264,756,2,0,NULL,NULL,NULL,NULL,NULL),(2265,756,3,0,NULL,NULL,NULL,NULL,NULL),(2266,757,1,0,NULL,NULL,NULL,NULL,NULL),(2267,757,2,0,NULL,NULL,NULL,NULL,NULL),(2268,757,3,0,NULL,NULL,NULL,NULL,NULL),(2269,758,1,0,NULL,NULL,NULL,NULL,NULL),(2270,758,2,0,NULL,NULL,NULL,NULL,NULL),(2271,758,3,0,NULL,NULL,NULL,NULL,NULL),(2272,759,1,0,NULL,NULL,NULL,NULL,NULL),(2273,759,2,0,NULL,NULL,NULL,NULL,NULL),(2274,759,3,0,NULL,NULL,NULL,NULL,NULL),(2275,760,1,0,NULL,NULL,NULL,NULL,NULL),(2276,760,2,0,NULL,NULL,NULL,NULL,NULL),(2277,760,3,0,NULL,NULL,NULL,NULL,NULL),(2278,761,1,0,NULL,NULL,NULL,NULL,NULL),(2279,761,2,0,NULL,NULL,NULL,NULL,NULL),(2280,761,3,0,NULL,NULL,NULL,NULL,NULL),(2281,762,1,0,NULL,NULL,NULL,NULL,NULL),(2282,762,2,0,NULL,NULL,NULL,NULL,NULL),(2283,762,3,0,NULL,NULL,NULL,NULL,NULL),(2284,763,1,0,NULL,NULL,NULL,NULL,NULL),(2285,763,2,0,NULL,NULL,NULL,NULL,NULL),(2286,763,3,0,NULL,NULL,NULL,NULL,NULL),(2287,764,1,0,NULL,NULL,NULL,NULL,NULL),(2288,764,2,0,NULL,NULL,NULL,NULL,NULL),(2289,764,3,0,NULL,NULL,NULL,NULL,NULL),(2290,765,1,0,NULL,NULL,NULL,NULL,NULL),(2291,765,2,0,NULL,NULL,NULL,NULL,NULL),(2292,765,3,0,NULL,NULL,NULL,NULL,NULL),(2293,766,1,0,NULL,NULL,NULL,NULL,NULL),(2294,766,2,0,NULL,NULL,NULL,NULL,NULL),(2295,766,3,0,NULL,NULL,NULL,NULL,NULL),(2296,767,1,0,NULL,NULL,NULL,NULL,NULL),(2297,767,2,0,NULL,NULL,NULL,NULL,NULL),(2298,767,3,0,NULL,NULL,NULL,NULL,NULL),(2299,768,1,0,NULL,NULL,NULL,NULL,NULL),(2300,768,2,0,NULL,NULL,NULL,NULL,NULL),(2301,768,3,0,NULL,NULL,NULL,NULL,NULL),(2302,769,1,0,NULL,NULL,NULL,NULL,NULL),(2303,769,2,0,NULL,NULL,NULL,NULL,NULL),(2304,769,3,0,NULL,NULL,NULL,NULL,NULL),(2305,770,1,0,NULL,NULL,NULL,NULL,NULL),(2306,770,2,0,NULL,NULL,NULL,NULL,NULL),(2307,770,3,0,NULL,NULL,NULL,NULL,NULL),(2308,771,1,0,NULL,NULL,NULL,NULL,NULL),(2309,771,2,0,NULL,NULL,NULL,NULL,NULL),(2310,771,3,0,NULL,NULL,NULL,NULL,NULL),(2311,772,1,0,NULL,NULL,NULL,NULL,NULL),(2312,772,2,0,NULL,NULL,NULL,NULL,NULL),(2313,772,3,0,NULL,NULL,NULL,NULL,NULL),(2314,773,1,0,NULL,NULL,NULL,NULL,NULL),(2315,773,2,0,NULL,NULL,NULL,NULL,NULL),(2316,773,3,0,NULL,NULL,NULL,NULL,NULL),(2317,774,1,0,NULL,NULL,NULL,NULL,NULL),(2318,774,2,0,NULL,NULL,NULL,NULL,NULL),(2319,774,3,0,NULL,NULL,NULL,NULL,NULL),(2320,775,1,0,NULL,NULL,NULL,NULL,NULL),(2321,775,2,0,NULL,NULL,NULL,NULL,NULL),(2322,775,3,0,NULL,NULL,NULL,NULL,NULL),(2323,776,1,0,NULL,NULL,NULL,NULL,NULL),(2324,776,2,0,NULL,NULL,NULL,NULL,NULL),(2325,776,3,0,NULL,NULL,NULL,NULL,NULL),(2326,777,1,0,NULL,NULL,NULL,NULL,NULL),(2327,777,2,0,NULL,NULL,NULL,NULL,NULL),(2328,777,3,0,NULL,NULL,NULL,NULL,NULL),(2329,778,1,0,NULL,NULL,NULL,NULL,NULL),(2330,778,2,0,NULL,NULL,NULL,NULL,NULL),(2331,778,3,0,NULL,NULL,NULL,NULL,NULL),(2332,779,1,0,NULL,NULL,NULL,NULL,NULL),(2333,779,2,0,NULL,NULL,NULL,NULL,NULL),(2334,779,3,0,NULL,NULL,NULL,NULL,NULL),(2335,780,1,0,NULL,NULL,NULL,NULL,NULL),(2336,780,2,0,NULL,NULL,NULL,NULL,NULL),(2337,780,3,0,NULL,NULL,NULL,NULL,NULL),(2338,781,1,0,NULL,NULL,NULL,NULL,NULL),(2339,781,2,0,NULL,NULL,NULL,NULL,NULL),(2340,781,3,0,NULL,NULL,NULL,NULL,NULL),(2341,782,1,0,NULL,NULL,NULL,NULL,NULL),(2342,782,2,0,NULL,NULL,NULL,NULL,NULL),(2343,782,3,0,NULL,NULL,NULL,NULL,NULL),(2344,783,1,0,NULL,NULL,NULL,NULL,NULL),(2345,783,2,0,NULL,NULL,NULL,NULL,NULL),(2346,784,1,0,NULL,NULL,NULL,NULL,NULL),(2347,783,3,0,NULL,NULL,NULL,NULL,NULL),(2348,784,2,0,NULL,NULL,NULL,NULL,NULL),(2349,784,3,0,NULL,NULL,NULL,NULL,NULL),(2350,785,1,0,NULL,NULL,NULL,NULL,NULL),(2351,785,2,0,NULL,NULL,NULL,NULL,NULL),(2352,785,3,0,NULL,NULL,NULL,NULL,NULL),(2353,786,1,0,NULL,NULL,NULL,NULL,NULL),(2354,786,2,0,NULL,NULL,NULL,NULL,NULL),(2355,786,3,0,NULL,NULL,NULL,NULL,NULL),(2356,787,1,0,NULL,NULL,NULL,NULL,NULL),(2357,787,2,0,NULL,NULL,NULL,NULL,NULL),(2358,787,3,0,NULL,NULL,NULL,NULL,NULL),(2359,788,1,0,NULL,NULL,NULL,NULL,NULL),(2360,788,2,0,NULL,NULL,NULL,NULL,NULL),(2361,788,3,0,NULL,NULL,NULL,NULL,NULL),(2362,789,1,0,NULL,NULL,NULL,NULL,NULL),(2363,789,2,0,NULL,NULL,NULL,NULL,NULL),(2364,789,3,0,NULL,NULL,NULL,NULL,NULL),(2365,790,1,0,NULL,NULL,NULL,NULL,NULL),(2366,790,2,0,NULL,NULL,NULL,NULL,NULL),(2367,790,3,0,NULL,NULL,NULL,NULL,NULL),(2368,791,1,0,NULL,NULL,NULL,NULL,NULL),(2369,791,2,0,NULL,NULL,NULL,NULL,NULL),(2370,791,3,0,NULL,NULL,NULL,NULL,NULL),(2371,792,1,0,NULL,NULL,NULL,NULL,NULL),(2372,792,2,0,NULL,NULL,NULL,NULL,NULL),(2373,792,3,0,NULL,NULL,NULL,NULL,NULL),(2374,793,1,0,NULL,NULL,NULL,NULL,NULL),(2375,793,2,0,NULL,NULL,NULL,NULL,NULL),(2376,793,3,0,NULL,NULL,NULL,NULL,NULL),(2377,794,1,0,NULL,NULL,NULL,NULL,NULL),(2378,794,2,0,NULL,NULL,NULL,NULL,NULL),(2379,794,3,0,NULL,NULL,NULL,NULL,NULL),(2380,795,1,0,NULL,NULL,NULL,NULL,NULL),(2381,795,2,0,NULL,NULL,NULL,NULL,NULL),(2382,795,3,0,NULL,NULL,NULL,NULL,NULL),(2383,796,1,0,NULL,NULL,NULL,NULL,NULL),(2384,796,2,0,NULL,NULL,NULL,NULL,NULL),(2385,796,3,0,NULL,NULL,NULL,NULL,NULL),(2386,797,1,0,NULL,NULL,NULL,NULL,NULL),(2387,797,2,0,NULL,NULL,NULL,NULL,NULL),(2388,797,3,0,NULL,NULL,NULL,NULL,NULL),(2389,798,1,0,NULL,NULL,NULL,NULL,NULL),(2390,798,2,0,NULL,NULL,NULL,NULL,NULL),(2391,798,3,0,NULL,NULL,NULL,NULL,NULL),(2392,799,1,0,NULL,NULL,NULL,NULL,NULL),(2393,799,2,0,NULL,NULL,NULL,NULL,NULL),(2394,799,3,0,NULL,NULL,NULL,NULL,NULL),(2395,800,1,0,NULL,NULL,NULL,NULL,NULL),(2396,800,2,0,NULL,NULL,NULL,NULL,NULL),(2397,800,3,0,NULL,NULL,NULL,NULL,NULL),(2398,801,1,0,NULL,NULL,NULL,NULL,NULL),(2399,801,2,0,NULL,NULL,NULL,NULL,NULL),(2400,801,3,0,NULL,NULL,NULL,NULL,NULL),(2401,802,1,0,NULL,NULL,NULL,NULL,NULL),(2402,802,2,0,NULL,NULL,NULL,NULL,NULL),(2403,802,3,0,NULL,NULL,NULL,NULL,NULL),(2404,803,1,0,NULL,NULL,NULL,NULL,NULL),(2405,803,2,0,NULL,NULL,NULL,NULL,NULL),(2406,803,3,0,NULL,NULL,NULL,NULL,NULL),(2407,804,1,0,NULL,NULL,NULL,NULL,NULL),(2408,804,2,0,NULL,NULL,NULL,NULL,NULL),(2409,804,3,0,NULL,NULL,NULL,NULL,NULL),(2410,805,1,0,NULL,NULL,NULL,NULL,NULL),(2411,805,2,0,NULL,NULL,NULL,NULL,NULL),(2412,805,3,0,NULL,NULL,NULL,NULL,NULL),(2413,806,1,0,NULL,NULL,NULL,NULL,NULL),(2414,806,2,0,NULL,NULL,NULL,NULL,NULL),(2415,806,3,0,NULL,NULL,NULL,NULL,NULL),(2416,807,1,0,NULL,NULL,NULL,NULL,NULL),(2417,807,2,0,NULL,NULL,NULL,NULL,NULL),(2418,807,3,0,NULL,NULL,NULL,NULL,NULL),(2419,808,1,0,NULL,NULL,NULL,NULL,NULL),(2420,808,2,0,NULL,NULL,NULL,NULL,NULL),(2421,808,3,0,NULL,NULL,NULL,NULL,NULL),(2422,809,1,0,NULL,NULL,NULL,NULL,NULL),(2423,809,2,0,NULL,NULL,NULL,NULL,NULL),(2424,809,3,0,NULL,NULL,NULL,NULL,NULL),(2425,810,1,0,NULL,NULL,NULL,NULL,NULL),(2426,810,2,0,NULL,NULL,NULL,NULL,NULL),(2427,810,3,0,NULL,NULL,NULL,NULL,NULL),(2428,811,1,0,NULL,NULL,NULL,NULL,NULL),(2429,811,2,0,NULL,NULL,NULL,NULL,NULL),(2430,811,3,0,NULL,NULL,NULL,NULL,NULL),(2431,812,1,0,NULL,NULL,NULL,NULL,NULL),(2432,813,1,0,NULL,NULL,NULL,NULL,NULL),(2433,813,2,0,NULL,NULL,NULL,NULL,NULL),(2434,813,3,0,NULL,NULL,NULL,NULL,NULL),(2435,812,2,0,NULL,NULL,NULL,NULL,NULL),(2436,812,3,0,NULL,NULL,NULL,NULL,NULL),(2437,814,1,0,NULL,NULL,NULL,NULL,NULL),(2438,814,2,0,NULL,NULL,NULL,NULL,NULL),(2439,814,3,0,NULL,NULL,NULL,NULL,NULL),(2440,815,1,0,NULL,NULL,NULL,NULL,NULL),(2441,815,2,0,NULL,NULL,NULL,NULL,NULL),(2442,815,3,0,NULL,NULL,NULL,NULL,NULL),(2443,816,1,0,NULL,NULL,NULL,NULL,NULL),(2444,816,2,0,NULL,NULL,NULL,NULL,NULL),(2445,816,3,0,NULL,NULL,NULL,NULL,NULL),(2446,817,1,0,NULL,NULL,NULL,NULL,NULL),(2447,817,2,0,NULL,NULL,NULL,NULL,NULL),(2448,817,3,0,NULL,NULL,NULL,NULL,NULL),(2449,818,1,0,NULL,NULL,NULL,NULL,NULL),(2450,818,2,0,NULL,NULL,NULL,NULL,NULL),(2451,818,3,0,NULL,NULL,NULL,NULL,NULL),(2452,819,1,0,NULL,NULL,NULL,NULL,NULL),(2453,819,2,0,NULL,NULL,NULL,NULL,NULL),(2454,819,3,0,NULL,NULL,NULL,NULL,NULL),(2455,820,1,0,NULL,NULL,NULL,NULL,NULL),(2456,820,2,0,NULL,NULL,NULL,NULL,NULL),(2457,820,3,0,NULL,NULL,NULL,NULL,NULL),(2458,821,1,0,NULL,NULL,NULL,NULL,NULL),(2459,821,2,0,NULL,NULL,NULL,NULL,NULL),(2460,821,3,0,NULL,NULL,NULL,NULL,NULL),(2461,822,1,0,NULL,NULL,NULL,NULL,NULL),(2462,822,2,0,NULL,NULL,NULL,NULL,NULL),(2463,822,3,0,NULL,NULL,NULL,NULL,NULL),(2464,823,1,0,NULL,NULL,NULL,NULL,NULL),(2465,823,2,0,NULL,NULL,NULL,NULL,NULL),(2466,823,3,0,NULL,NULL,NULL,NULL,NULL),(2467,824,1,0,NULL,NULL,NULL,NULL,NULL),(2468,824,2,0,NULL,NULL,NULL,NULL,NULL),(2469,824,3,0,NULL,NULL,NULL,NULL,NULL),(2470,825,1,0,NULL,NULL,NULL,NULL,NULL),(2471,825,2,0,NULL,NULL,NULL,NULL,NULL),(2472,825,3,0,NULL,NULL,NULL,NULL,NULL),(2473,826,1,0,NULL,NULL,NULL,NULL,NULL),(2474,826,2,0,NULL,NULL,NULL,NULL,NULL),(2475,826,3,0,NULL,NULL,NULL,NULL,NULL),(2476,827,1,0,NULL,NULL,NULL,NULL,NULL),(2477,827,2,0,NULL,NULL,NULL,NULL,NULL),(2478,827,3,0,NULL,NULL,NULL,NULL,NULL),(2479,828,1,0,NULL,NULL,NULL,NULL,NULL),(2480,828,2,0,NULL,NULL,NULL,NULL,NULL),(2481,828,3,0,NULL,NULL,NULL,NULL,NULL),(2482,829,1,0,NULL,NULL,NULL,NULL,NULL),(2483,829,2,0,NULL,NULL,NULL,NULL,NULL),(2484,829,3,0,NULL,NULL,NULL,NULL,NULL),(2485,830,1,0,NULL,NULL,NULL,NULL,NULL),(2486,830,2,0,NULL,NULL,NULL,NULL,NULL),(2487,830,3,0,NULL,NULL,NULL,NULL,NULL),(2488,831,1,0,NULL,NULL,NULL,NULL,NULL),(2489,831,2,0,NULL,NULL,NULL,NULL,NULL),(2490,831,3,0,NULL,NULL,NULL,NULL,NULL),(2491,832,1,0,NULL,NULL,NULL,NULL,NULL),(2492,832,2,0,NULL,NULL,NULL,NULL,NULL),(2493,832,3,0,NULL,NULL,NULL,NULL,NULL),(2494,833,1,0,NULL,NULL,NULL,NULL,NULL),(2495,833,2,0,NULL,NULL,NULL,NULL,NULL),(2496,833,3,0,NULL,NULL,NULL,NULL,NULL),(2497,834,1,0,NULL,NULL,NULL,NULL,NULL),(2498,834,2,0,NULL,NULL,NULL,NULL,NULL),(2499,834,3,0,NULL,NULL,NULL,NULL,NULL),(2500,835,1,0,NULL,NULL,NULL,NULL,NULL),(2501,835,2,0,NULL,NULL,NULL,NULL,NULL),(2502,835,3,0,NULL,NULL,NULL,NULL,NULL),(2503,836,1,0,NULL,NULL,NULL,NULL,NULL),(2504,836,2,0,NULL,NULL,NULL,NULL,NULL),(2505,836,3,0,NULL,NULL,NULL,NULL,NULL),(2506,837,1,0,NULL,NULL,NULL,NULL,NULL),(2507,837,2,0,NULL,NULL,NULL,NULL,NULL),(2508,837,3,0,NULL,NULL,NULL,NULL,NULL),(2509,838,1,0,NULL,NULL,NULL,NULL,NULL),(2510,838,2,0,NULL,NULL,NULL,NULL,NULL),(2511,838,3,0,NULL,NULL,NULL,NULL,NULL),(2512,839,1,0,NULL,NULL,NULL,NULL,NULL),(2513,839,2,0,NULL,NULL,NULL,NULL,NULL),(2514,839,3,0,NULL,NULL,NULL,NULL,NULL),(2515,840,1,0,NULL,NULL,NULL,NULL,NULL),(2516,840,2,0,NULL,NULL,NULL,NULL,NULL),(2517,840,3,0,NULL,NULL,NULL,NULL,NULL),(2518,841,1,0,NULL,NULL,NULL,NULL,NULL),(2519,841,2,0,NULL,NULL,NULL,NULL,NULL),(2520,841,3,0,NULL,NULL,NULL,NULL,NULL),(2521,842,1,0,NULL,NULL,NULL,NULL,NULL),(2522,842,2,0,NULL,NULL,NULL,NULL,NULL),(2523,842,3,0,NULL,NULL,NULL,NULL,NULL),(2524,843,1,0,NULL,NULL,NULL,NULL,NULL),(2525,843,2,0,NULL,NULL,NULL,NULL,NULL),(2526,843,3,0,NULL,NULL,NULL,NULL,NULL),(2527,844,1,0,NULL,NULL,NULL,NULL,NULL),(2528,844,2,0,NULL,NULL,NULL,NULL,NULL),(2529,844,3,0,NULL,NULL,NULL,NULL,NULL),(2530,845,1,0,NULL,NULL,NULL,NULL,NULL),(2531,845,2,0,NULL,NULL,NULL,NULL,NULL),(2532,845,3,0,NULL,NULL,NULL,NULL,NULL),(2533,846,1,0,NULL,NULL,NULL,NULL,NULL),(2534,846,2,0,NULL,NULL,NULL,NULL,NULL),(2535,846,3,0,NULL,NULL,NULL,NULL,NULL),(2536,847,1,0,NULL,NULL,NULL,NULL,NULL),(2537,847,2,0,NULL,NULL,NULL,NULL,NULL),(2538,847,3,0,NULL,NULL,NULL,NULL,NULL),(2539,848,1,0,NULL,NULL,NULL,NULL,NULL),(2540,848,2,0,NULL,NULL,NULL,NULL,NULL),(2541,848,3,0,NULL,NULL,NULL,NULL,NULL),(2542,849,1,0,NULL,NULL,NULL,NULL,NULL),(2543,849,2,0,NULL,NULL,NULL,NULL,NULL),(2544,849,3,0,NULL,NULL,NULL,NULL,NULL),(2545,850,1,0,NULL,NULL,NULL,NULL,NULL),(2546,850,2,0,NULL,NULL,NULL,NULL,NULL),(2547,850,3,0,NULL,NULL,NULL,NULL,NULL),(2548,851,1,0,NULL,NULL,NULL,NULL,NULL),(2549,851,2,0,NULL,NULL,NULL,NULL,NULL),(2550,851,3,0,NULL,NULL,NULL,NULL,NULL),(2551,852,1,0,NULL,NULL,NULL,NULL,NULL),(2552,852,2,0,NULL,NULL,NULL,NULL,NULL),(2553,852,3,0,NULL,NULL,NULL,NULL,NULL),(2554,853,1,0,NULL,NULL,NULL,NULL,NULL),(2555,853,2,0,NULL,NULL,NULL,NULL,NULL),(2556,853,3,0,NULL,NULL,NULL,NULL,NULL),(2557,854,1,0,NULL,NULL,NULL,NULL,NULL),(2558,854,2,0,NULL,NULL,NULL,NULL,NULL),(2559,854,3,0,NULL,NULL,NULL,NULL,NULL),(2560,855,1,0,NULL,NULL,NULL,NULL,NULL),(2561,855,2,0,NULL,NULL,NULL,NULL,NULL),(2562,855,3,0,NULL,NULL,NULL,NULL,NULL),(2563,856,1,0,NULL,NULL,NULL,NULL,NULL),(2564,856,2,0,NULL,NULL,NULL,NULL,NULL),(2565,856,3,0,NULL,NULL,NULL,NULL,NULL),(2566,857,1,0,NULL,NULL,NULL,NULL,NULL),(2567,857,2,0,NULL,NULL,NULL,NULL,NULL),(2568,857,3,0,NULL,NULL,NULL,NULL,NULL),(2569,858,1,0,NULL,NULL,NULL,NULL,NULL),(2570,858,2,0,NULL,NULL,NULL,NULL,NULL),(2571,858,3,0,NULL,NULL,NULL,NULL,NULL),(2572,859,1,0,NULL,NULL,NULL,NULL,NULL),(2573,859,2,0,NULL,NULL,NULL,NULL,NULL),(2574,859,3,0,NULL,NULL,NULL,NULL,NULL),(2575,860,1,0,NULL,NULL,NULL,NULL,NULL),(2576,860,2,0,NULL,NULL,NULL,NULL,NULL),(2577,860,3,0,NULL,NULL,NULL,NULL,NULL),(2578,861,1,0,NULL,NULL,NULL,NULL,NULL),(2579,861,2,0,NULL,NULL,NULL,NULL,NULL),(2580,861,3,0,NULL,NULL,NULL,NULL,NULL),(2581,862,1,0,NULL,NULL,NULL,NULL,NULL),(2582,862,2,0,NULL,NULL,NULL,NULL,NULL),(2583,862,3,0,NULL,NULL,NULL,NULL,NULL),(2584,863,1,0,NULL,NULL,NULL,NULL,NULL),(2585,863,2,0,NULL,NULL,NULL,NULL,NULL),(2586,863,3,0,NULL,NULL,NULL,NULL,NULL),(2587,864,1,0,NULL,NULL,NULL,NULL,NULL),(2588,864,2,0,NULL,NULL,NULL,NULL,NULL),(2589,864,3,0,NULL,NULL,NULL,NULL,NULL),(2590,865,1,0,NULL,NULL,NULL,NULL,NULL),(2591,865,2,0,NULL,NULL,NULL,NULL,NULL),(2592,865,3,0,NULL,NULL,NULL,NULL,NULL),(2593,866,1,0,NULL,NULL,NULL,NULL,NULL),(2594,866,2,0,NULL,NULL,NULL,NULL,NULL),(2595,867,1,0,NULL,NULL,NULL,NULL,NULL),(2596,866,3,0,NULL,NULL,NULL,NULL,NULL),(2597,867,2,0,NULL,NULL,NULL,NULL,NULL),(2598,867,3,0,NULL,NULL,NULL,NULL,NULL),(2599,868,1,0,NULL,NULL,NULL,NULL,NULL),(2600,868,2,0,NULL,NULL,NULL,NULL,NULL),(2601,868,3,0,NULL,NULL,NULL,NULL,NULL),(2602,869,1,0,NULL,NULL,NULL,NULL,NULL),(2603,869,2,0,NULL,NULL,NULL,NULL,NULL),(2604,869,3,0,NULL,NULL,NULL,NULL,NULL),(2605,870,1,0,NULL,NULL,NULL,NULL,NULL),(2606,870,2,0,NULL,NULL,NULL,NULL,NULL),(2607,870,3,0,NULL,NULL,NULL,NULL,NULL),(2608,871,1,0,NULL,NULL,NULL,NULL,NULL),(2609,871,2,0,NULL,NULL,NULL,NULL,NULL),(2610,871,3,0,NULL,NULL,NULL,NULL,NULL),(2611,872,1,0,NULL,NULL,NULL,NULL,NULL),(2612,872,2,0,NULL,NULL,NULL,NULL,NULL),(2613,872,3,0,NULL,NULL,NULL,NULL,NULL),(2614,873,1,0,NULL,NULL,NULL,NULL,NULL),(2615,873,2,0,NULL,NULL,NULL,NULL,NULL),(2616,873,3,0,NULL,NULL,NULL,NULL,NULL),(2617,874,1,0,NULL,NULL,NULL,NULL,NULL),(2618,874,2,0,NULL,NULL,NULL,NULL,NULL),(2619,874,3,0,NULL,NULL,NULL,NULL,NULL),(2620,875,1,0,NULL,NULL,NULL,NULL,NULL),(2621,875,2,0,NULL,NULL,NULL,NULL,NULL),(2622,875,3,0,NULL,NULL,NULL,NULL,NULL),(2623,876,1,0,NULL,NULL,NULL,NULL,NULL),(2624,876,2,0,NULL,NULL,NULL,NULL,NULL),(2625,876,3,0,NULL,NULL,NULL,NULL,NULL),(2626,877,1,0,NULL,NULL,NULL,NULL,NULL),(2627,877,2,0,NULL,NULL,NULL,NULL,NULL),(2628,877,3,0,NULL,NULL,NULL,NULL,NULL),(2629,878,1,0,NULL,NULL,NULL,NULL,NULL),(2630,878,2,0,NULL,NULL,NULL,NULL,NULL),(2631,878,3,0,NULL,NULL,NULL,NULL,NULL),(2632,879,1,0,NULL,NULL,NULL,NULL,NULL),(2633,879,2,0,NULL,NULL,NULL,NULL,NULL),(2634,879,3,0,NULL,NULL,NULL,NULL,NULL),(2635,880,1,0,NULL,NULL,NULL,NULL,NULL),(2636,880,2,0,NULL,NULL,NULL,NULL,NULL),(2637,880,3,0,NULL,NULL,NULL,NULL,NULL),(2638,881,1,0,NULL,NULL,NULL,NULL,NULL),(2639,881,2,0,NULL,NULL,NULL,NULL,NULL),(2640,881,3,0,NULL,NULL,NULL,NULL,NULL),(2641,882,1,0,NULL,NULL,NULL,NULL,NULL),(2642,882,2,0,NULL,NULL,NULL,NULL,NULL),(2643,882,3,0,NULL,NULL,NULL,NULL,NULL),(2644,883,1,0,NULL,NULL,NULL,NULL,NULL),(2645,883,2,0,NULL,NULL,NULL,NULL,NULL),(2646,883,3,0,NULL,NULL,NULL,NULL,NULL),(2647,884,1,0,NULL,NULL,NULL,NULL,NULL),(2648,884,2,0,NULL,NULL,NULL,NULL,NULL),(2649,884,3,0,NULL,NULL,NULL,NULL,NULL),(2650,885,1,0,NULL,NULL,NULL,NULL,NULL),(2651,885,2,0,NULL,NULL,NULL,NULL,NULL),(2652,885,3,0,NULL,NULL,NULL,NULL,NULL),(2653,886,1,0,NULL,NULL,NULL,NULL,NULL),(2654,886,2,0,NULL,NULL,NULL,NULL,NULL),(2655,886,3,0,NULL,NULL,NULL,NULL,NULL),(2656,887,1,0,NULL,NULL,NULL,NULL,NULL),(2657,887,2,0,NULL,NULL,NULL,NULL,NULL),(2658,888,1,0,NULL,NULL,NULL,NULL,NULL),(2659,887,3,0,NULL,NULL,NULL,NULL,NULL),(2660,888,2,0,NULL,NULL,NULL,NULL,NULL),(2661,888,3,0,NULL,NULL,NULL,NULL,NULL),(2662,889,1,0,NULL,NULL,NULL,NULL,NULL),(2663,889,2,0,NULL,NULL,NULL,NULL,NULL),(2664,889,3,0,NULL,NULL,NULL,NULL,NULL),(2665,890,1,0,NULL,NULL,NULL,NULL,NULL),(2666,890,2,0,NULL,NULL,NULL,NULL,NULL),(2667,890,3,0,NULL,NULL,NULL,NULL,NULL),(2668,891,1,0,NULL,NULL,NULL,NULL,NULL),(2669,891,2,0,NULL,NULL,NULL,NULL,NULL),(2670,891,3,0,NULL,NULL,NULL,NULL,NULL),(2671,892,1,0,NULL,NULL,NULL,NULL,NULL),(2672,892,2,0,NULL,NULL,NULL,NULL,NULL),(2673,892,3,0,NULL,NULL,NULL,NULL,NULL),(2674,893,1,0,NULL,NULL,NULL,NULL,NULL),(2675,893,2,0,NULL,NULL,NULL,NULL,NULL),(2676,893,3,0,NULL,NULL,NULL,NULL,NULL),(2677,894,1,0,NULL,NULL,NULL,NULL,NULL),(2678,894,2,0,NULL,NULL,NULL,NULL,NULL),(2679,894,3,0,NULL,NULL,NULL,NULL,NULL),(2680,895,1,0,NULL,NULL,NULL,NULL,NULL),(2681,895,2,0,NULL,NULL,NULL,NULL,NULL),(2682,895,3,0,NULL,NULL,NULL,NULL,NULL),(2683,896,1,0,NULL,NULL,NULL,NULL,NULL),(2684,896,2,0,NULL,NULL,NULL,NULL,NULL),(2685,896,3,0,NULL,NULL,NULL,NULL,NULL),(2686,897,1,0,NULL,NULL,NULL,NULL,NULL),(2687,897,2,0,NULL,NULL,NULL,NULL,NULL),(2688,897,3,0,NULL,NULL,NULL,NULL,NULL),(2689,898,1,0,NULL,NULL,NULL,NULL,NULL),(2690,898,2,0,NULL,NULL,NULL,NULL,NULL),(2691,898,3,0,NULL,NULL,NULL,NULL,NULL),(2692,899,1,0,NULL,NULL,NULL,NULL,NULL),(2693,899,2,0,NULL,NULL,NULL,NULL,NULL),(2694,899,3,0,NULL,NULL,NULL,NULL,NULL),(2695,900,1,0,NULL,NULL,NULL,NULL,NULL),(2696,900,2,0,NULL,NULL,NULL,NULL,NULL),(2697,900,3,0,NULL,NULL,NULL,NULL,NULL),(2698,901,1,0,NULL,NULL,NULL,NULL,NULL),(2699,901,2,0,NULL,NULL,NULL,NULL,NULL),(2700,901,3,0,NULL,NULL,NULL,NULL,NULL),(2701,902,1,0,NULL,NULL,NULL,NULL,NULL),(2702,902,2,0,NULL,NULL,NULL,NULL,NULL),(2703,902,3,0,NULL,NULL,NULL,NULL,NULL),(2704,903,1,0,NULL,NULL,NULL,NULL,NULL),(2705,903,2,0,NULL,NULL,NULL,NULL,NULL),(2706,903,3,0,NULL,NULL,NULL,NULL,NULL),(2707,904,1,0,NULL,NULL,NULL,NULL,NULL),(2708,904,2,0,NULL,NULL,NULL,NULL,NULL),(2709,904,3,0,NULL,NULL,NULL,NULL,NULL),(2710,905,1,0,NULL,NULL,NULL,NULL,NULL),(2711,905,2,0,NULL,NULL,NULL,NULL,NULL),(2712,905,3,0,NULL,NULL,NULL,NULL,NULL),(2713,906,1,0,NULL,NULL,NULL,NULL,NULL),(2714,906,2,0,NULL,NULL,NULL,NULL,NULL),(2715,906,3,0,NULL,NULL,NULL,NULL,NULL),(2716,907,1,0,NULL,NULL,NULL,NULL,NULL),(2717,907,2,0,NULL,NULL,NULL,NULL,NULL),(2718,907,3,0,NULL,NULL,NULL,NULL,NULL),(2719,908,1,0,NULL,NULL,NULL,NULL,NULL),(2720,908,2,0,NULL,NULL,NULL,NULL,NULL),(2721,908,3,0,NULL,NULL,NULL,NULL,NULL),(2722,909,1,0,NULL,NULL,NULL,NULL,NULL),(2723,909,2,0,NULL,NULL,NULL,NULL,NULL),(2724,909,3,0,NULL,NULL,NULL,NULL,NULL),(2725,910,1,0,NULL,NULL,NULL,NULL,NULL),(2726,910,2,0,NULL,NULL,NULL,NULL,NULL),(2727,910,3,0,NULL,NULL,NULL,NULL,NULL),(2728,911,1,0,NULL,NULL,NULL,NULL,NULL),(2729,911,2,0,NULL,NULL,NULL,NULL,NULL),(2730,911,3,0,NULL,NULL,NULL,NULL,NULL),(2731,912,1,0,NULL,NULL,NULL,NULL,NULL),(2732,912,2,0,NULL,NULL,NULL,NULL,NULL),(2733,912,3,0,NULL,NULL,NULL,NULL,NULL),(2734,913,1,0,NULL,NULL,NULL,NULL,NULL),(2735,913,2,0,NULL,NULL,NULL,NULL,NULL),(2736,913,3,0,NULL,NULL,NULL,NULL,NULL),(2737,914,1,0,NULL,NULL,NULL,NULL,NULL),(2738,914,2,0,NULL,NULL,NULL,NULL,NULL),(2739,914,3,0,NULL,NULL,NULL,NULL,NULL),(2740,915,1,0,NULL,NULL,NULL,NULL,NULL),(2741,915,2,0,NULL,NULL,NULL,NULL,NULL),(2742,915,3,0,NULL,NULL,NULL,NULL,NULL),(2743,916,1,0,NULL,NULL,NULL,NULL,NULL),(2744,916,2,0,NULL,NULL,NULL,NULL,NULL),(2745,916,3,0,NULL,NULL,NULL,NULL,NULL),(2746,917,1,0,NULL,NULL,NULL,NULL,NULL),(2747,917,2,0,NULL,NULL,NULL,NULL,NULL),(2748,917,3,0,NULL,NULL,NULL,NULL,NULL),(2749,918,1,0,NULL,NULL,NULL,NULL,NULL),(2750,918,2,0,NULL,NULL,NULL,NULL,NULL),(2751,918,3,0,NULL,NULL,NULL,NULL,NULL),(2752,919,1,0,NULL,NULL,NULL,NULL,NULL),(2753,919,2,0,NULL,NULL,NULL,NULL,NULL),(2754,919,3,0,NULL,NULL,NULL,NULL,NULL),(2755,920,1,0,NULL,NULL,NULL,NULL,NULL),(2756,920,2,0,NULL,NULL,NULL,NULL,NULL),(2757,920,3,0,NULL,NULL,NULL,NULL,NULL),(2758,921,1,0,NULL,NULL,NULL,NULL,NULL),(2759,921,2,0,NULL,NULL,NULL,NULL,NULL),(2760,921,3,0,NULL,NULL,NULL,NULL,NULL),(2761,922,1,0,NULL,NULL,NULL,NULL,NULL),(2762,922,2,0,NULL,NULL,NULL,NULL,NULL),(2763,922,3,0,NULL,NULL,NULL,NULL,NULL),(2764,923,1,0,NULL,NULL,NULL,NULL,NULL),(2765,923,2,0,NULL,NULL,NULL,NULL,NULL),(2766,923,3,0,NULL,NULL,NULL,NULL,NULL),(2767,924,1,0,NULL,NULL,NULL,NULL,NULL),(2768,924,2,0,NULL,NULL,NULL,NULL,NULL),(2769,924,3,0,NULL,NULL,NULL,NULL,NULL),(2770,925,1,0,NULL,NULL,NULL,NULL,NULL),(2771,925,2,0,NULL,NULL,NULL,NULL,NULL),(2772,925,3,0,NULL,NULL,NULL,NULL,NULL),(2773,926,1,0,NULL,NULL,NULL,NULL,NULL),(2774,926,2,0,NULL,NULL,NULL,NULL,NULL),(2775,926,3,0,NULL,NULL,NULL,NULL,NULL),(2776,927,1,0,NULL,NULL,NULL,NULL,NULL),(2777,927,2,0,NULL,NULL,NULL,NULL,NULL),(2778,927,3,0,NULL,NULL,NULL,NULL,NULL),(2779,928,1,0,NULL,NULL,NULL,NULL,NULL),(2780,928,2,0,NULL,NULL,NULL,NULL,NULL),(2781,928,3,0,NULL,NULL,NULL,NULL,NULL),(2782,929,1,0,NULL,NULL,NULL,NULL,NULL),(2783,929,2,0,NULL,NULL,NULL,NULL,NULL),(2784,929,3,0,NULL,NULL,NULL,NULL,NULL),(2785,930,1,0,NULL,NULL,NULL,NULL,NULL),(2786,930,2,0,NULL,NULL,NULL,NULL,NULL),(2787,930,3,0,NULL,NULL,NULL,NULL,NULL),(2788,931,1,0,NULL,NULL,NULL,NULL,NULL),(2789,931,2,0,NULL,NULL,NULL,NULL,NULL),(2790,931,3,0,NULL,NULL,NULL,NULL,NULL),(2791,932,1,0,NULL,NULL,NULL,NULL,NULL),(2792,932,2,0,NULL,NULL,NULL,NULL,NULL),(2793,932,3,0,NULL,NULL,NULL,NULL,NULL),(2794,933,1,0,NULL,NULL,NULL,NULL,NULL),(2795,933,2,0,NULL,NULL,NULL,NULL,NULL),(2796,933,3,0,NULL,NULL,NULL,NULL,NULL),(2797,934,1,0,NULL,NULL,NULL,NULL,NULL),(2798,934,2,0,NULL,NULL,NULL,NULL,NULL),(2799,934,3,0,NULL,NULL,NULL,NULL,NULL),(2800,935,1,0,NULL,NULL,NULL,NULL,NULL),(2801,935,2,0,NULL,NULL,NULL,NULL,NULL),(2802,935,3,0,NULL,NULL,NULL,NULL,NULL),(2803,936,1,0,NULL,NULL,NULL,NULL,NULL),(2804,936,2,0,NULL,NULL,NULL,NULL,NULL),(2805,936,3,0,NULL,NULL,NULL,NULL,NULL),(2806,937,1,0,NULL,NULL,NULL,NULL,NULL),(2807,937,2,0,NULL,NULL,NULL,NULL,NULL),(2808,937,3,0,NULL,NULL,NULL,NULL,NULL),(2809,938,1,0,NULL,NULL,NULL,NULL,NULL),(2810,938,2,0,NULL,NULL,NULL,NULL,NULL),(2811,938,3,0,NULL,NULL,NULL,NULL,NULL),(2812,939,1,0,NULL,NULL,NULL,NULL,NULL),(2813,939,2,0,NULL,NULL,NULL,NULL,NULL),(2814,939,3,0,NULL,NULL,NULL,NULL,NULL),(2815,940,1,0,NULL,NULL,NULL,NULL,NULL),(2816,940,2,0,NULL,NULL,NULL,NULL,NULL),(2817,940,3,0,NULL,NULL,NULL,NULL,NULL),(2818,941,1,0,NULL,NULL,NULL,NULL,NULL),(2819,941,2,0,NULL,NULL,NULL,NULL,NULL),(2820,941,3,0,NULL,NULL,NULL,NULL,NULL),(2821,942,1,0,NULL,NULL,NULL,NULL,NULL),(2822,942,2,0,NULL,NULL,NULL,NULL,NULL),(2823,942,3,0,NULL,NULL,NULL,NULL,NULL),(2824,943,1,0,NULL,NULL,NULL,NULL,NULL),(2825,943,2,0,NULL,NULL,NULL,NULL,NULL),(2826,943,3,0,NULL,NULL,NULL,NULL,NULL),(2827,944,1,0,NULL,NULL,NULL,NULL,NULL),(2828,944,2,0,NULL,NULL,NULL,NULL,NULL),(2829,944,3,0,NULL,NULL,NULL,NULL,NULL),(2830,945,1,0,NULL,NULL,NULL,NULL,NULL),(2831,945,2,0,NULL,NULL,NULL,NULL,NULL),(2832,945,3,0,NULL,NULL,NULL,NULL,NULL),(2833,946,1,0,NULL,NULL,NULL,NULL,NULL),(2834,946,2,0,NULL,NULL,NULL,NULL,NULL),(2835,946,3,0,NULL,NULL,NULL,NULL,NULL),(2836,947,1,0,NULL,NULL,NULL,NULL,NULL),(2837,947,2,0,NULL,NULL,NULL,NULL,NULL),(2838,947,3,0,NULL,NULL,NULL,NULL,NULL),(2839,948,1,0,NULL,NULL,NULL,NULL,NULL),(2840,948,2,0,NULL,NULL,NULL,NULL,NULL),(2841,948,3,0,NULL,NULL,NULL,NULL,NULL),(2842,949,1,0,NULL,NULL,NULL,NULL,NULL),(2843,949,2,0,NULL,NULL,NULL,NULL,NULL),(2844,949,3,0,NULL,NULL,NULL,NULL,NULL),(2845,950,1,0,NULL,NULL,NULL,NULL,NULL),(2846,950,2,0,NULL,NULL,NULL,NULL,NULL),(2847,950,3,0,NULL,NULL,NULL,NULL,NULL),(2848,951,1,0,NULL,NULL,NULL,NULL,NULL),(2849,951,2,0,NULL,NULL,NULL,NULL,NULL),(2850,951,3,0,NULL,NULL,NULL,NULL,NULL),(2851,952,1,0,NULL,NULL,NULL,NULL,NULL),(2852,952,2,0,NULL,NULL,NULL,NULL,NULL),(2853,952,3,0,NULL,NULL,NULL,NULL,NULL),(2854,953,1,0,NULL,NULL,NULL,NULL,NULL),(2855,953,2,0,NULL,NULL,NULL,NULL,NULL),(2856,953,3,0,NULL,NULL,NULL,NULL,NULL),(2857,954,1,0,NULL,NULL,NULL,NULL,NULL),(2858,954,2,0,NULL,NULL,NULL,NULL,NULL),(2859,954,3,0,NULL,NULL,NULL,NULL,NULL),(2860,955,1,0,NULL,NULL,NULL,NULL,NULL),(2861,955,2,0,NULL,NULL,NULL,NULL,NULL),(2862,955,3,0,NULL,NULL,NULL,NULL,NULL),(2863,956,1,0,NULL,NULL,NULL,NULL,NULL),(2864,956,2,0,NULL,NULL,NULL,NULL,NULL),(2865,956,3,0,NULL,NULL,NULL,NULL,NULL),(2866,957,1,0,NULL,NULL,NULL,NULL,NULL),(2867,957,2,0,NULL,NULL,NULL,NULL,NULL),(2868,957,3,0,NULL,NULL,NULL,NULL,NULL),(2869,958,1,0,NULL,NULL,NULL,NULL,NULL),(2870,958,2,0,NULL,NULL,NULL,NULL,NULL),(2871,958,3,0,NULL,NULL,NULL,NULL,NULL),(2872,959,1,0,NULL,NULL,NULL,NULL,NULL),(2873,959,2,0,NULL,NULL,NULL,NULL,NULL),(2874,959,3,0,NULL,NULL,NULL,NULL,NULL),(2875,960,1,0,NULL,NULL,NULL,NULL,NULL),(2876,960,2,0,NULL,NULL,NULL,NULL,NULL),(2877,960,3,0,NULL,NULL,NULL,NULL,NULL),(2878,961,1,0,NULL,NULL,NULL,NULL,NULL),(2879,961,2,0,NULL,NULL,NULL,NULL,NULL),(2880,961,3,0,NULL,NULL,NULL,NULL,NULL),(2881,962,1,0,NULL,NULL,NULL,NULL,NULL),(2882,962,2,0,NULL,NULL,NULL,NULL,NULL),(2883,962,3,0,NULL,NULL,NULL,NULL,NULL),(2884,963,1,0,NULL,NULL,NULL,NULL,NULL),(2885,964,1,0,NULL,NULL,NULL,NULL,NULL),(2886,963,2,0,NULL,NULL,NULL,NULL,NULL),(2887,964,2,0,NULL,NULL,NULL,NULL,NULL),(2888,963,3,0,NULL,NULL,NULL,NULL,NULL),(2889,964,3,0,NULL,NULL,NULL,NULL,NULL),(2890,965,1,0,NULL,NULL,NULL,NULL,NULL),(2891,965,2,0,NULL,NULL,NULL,NULL,NULL),(2892,965,3,0,NULL,NULL,NULL,NULL,NULL),(2893,966,1,0,NULL,NULL,NULL,NULL,NULL),(2894,966,2,0,NULL,NULL,NULL,NULL,NULL),(2895,966,3,0,NULL,NULL,NULL,NULL,NULL),(2896,967,1,0,NULL,NULL,NULL,NULL,NULL),(2897,967,2,0,NULL,NULL,NULL,NULL,NULL),(2898,967,3,0,NULL,NULL,NULL,NULL,NULL),(2899,968,1,0,NULL,NULL,NULL,NULL,NULL),(2900,968,2,0,NULL,NULL,NULL,NULL,NULL),(2901,968,3,0,NULL,NULL,NULL,NULL,NULL),(2902,969,1,0,NULL,NULL,NULL,NULL,NULL),(2903,969,2,0,NULL,NULL,NULL,NULL,NULL),(2904,969,3,0,NULL,NULL,NULL,NULL,NULL),(2905,970,1,0,NULL,NULL,NULL,NULL,NULL),(2906,970,2,0,NULL,NULL,NULL,NULL,NULL),(2907,970,3,0,NULL,NULL,NULL,NULL,NULL),(2908,971,1,0,NULL,NULL,NULL,NULL,NULL),(2909,971,2,0,NULL,NULL,NULL,NULL,NULL),(2910,971,3,0,NULL,NULL,NULL,NULL,NULL),(2911,972,1,0,NULL,NULL,NULL,NULL,NULL),(2912,972,2,0,NULL,NULL,NULL,NULL,NULL),(2913,972,3,0,NULL,NULL,NULL,NULL,NULL),(2914,973,1,0,NULL,NULL,NULL,NULL,NULL),(2915,973,2,0,NULL,NULL,NULL,NULL,NULL),(2916,973,3,0,NULL,NULL,NULL,NULL,NULL),(2917,974,1,0,NULL,NULL,NULL,NULL,NULL),(2918,974,2,0,NULL,NULL,NULL,NULL,NULL),(2919,974,3,0,NULL,NULL,NULL,NULL,NULL),(2920,975,1,0,NULL,NULL,NULL,NULL,NULL),(2921,975,2,0,NULL,NULL,NULL,NULL,NULL),(2922,975,3,0,NULL,NULL,NULL,NULL,NULL),(2923,976,1,0,NULL,NULL,NULL,NULL,NULL),(2924,976,2,0,NULL,NULL,NULL,NULL,NULL),(2925,976,3,0,NULL,NULL,NULL,NULL,NULL),(2926,977,1,0,NULL,NULL,NULL,NULL,NULL),(2927,977,2,0,NULL,NULL,NULL,NULL,NULL),(2928,977,3,0,NULL,NULL,NULL,NULL,NULL),(2929,978,1,0,NULL,NULL,NULL,NULL,NULL),(2930,978,2,0,NULL,NULL,NULL,NULL,NULL),(2931,978,3,0,NULL,NULL,NULL,NULL,NULL),(2932,979,1,0,NULL,NULL,NULL,NULL,NULL),(2933,979,2,0,NULL,NULL,NULL,NULL,NULL),(2934,979,3,0,NULL,NULL,NULL,NULL,NULL),(2935,980,1,0,NULL,NULL,NULL,NULL,NULL),(2936,980,2,0,NULL,NULL,NULL,NULL,NULL),(2937,980,3,0,NULL,NULL,NULL,NULL,NULL),(2938,981,1,0,NULL,NULL,NULL,NULL,NULL),(2939,981,2,0,NULL,NULL,NULL,NULL,NULL),(2940,981,3,0,NULL,NULL,NULL,NULL,NULL),(2941,982,1,0,NULL,NULL,NULL,NULL,NULL),(2942,982,2,0,NULL,NULL,NULL,NULL,NULL),(2943,982,3,0,NULL,NULL,NULL,NULL,NULL),(2944,983,1,0,NULL,NULL,NULL,NULL,NULL),(2945,983,2,0,NULL,NULL,NULL,NULL,NULL),(2946,983,3,0,NULL,NULL,NULL,NULL,NULL),(2947,984,1,0,NULL,NULL,NULL,NULL,NULL),(2948,984,2,0,NULL,NULL,NULL,NULL,NULL),(2949,984,3,0,NULL,NULL,NULL,NULL,NULL),(2950,985,1,0,NULL,NULL,NULL,NULL,NULL),(2951,985,2,0,NULL,NULL,NULL,NULL,NULL),(2952,985,3,0,NULL,NULL,NULL,NULL,NULL),(2953,986,1,0,NULL,NULL,NULL,NULL,NULL),(2954,986,2,0,NULL,NULL,NULL,NULL,NULL),(2955,986,3,0,NULL,NULL,NULL,NULL,NULL),(2956,987,1,0,NULL,NULL,NULL,NULL,NULL),(2957,987,2,0,NULL,NULL,NULL,NULL,NULL),(2958,987,3,0,NULL,NULL,NULL,NULL,NULL),(2959,988,1,0,NULL,NULL,NULL,NULL,NULL),(2960,988,2,0,NULL,NULL,NULL,NULL,NULL),(2961,988,3,0,NULL,NULL,NULL,NULL,NULL),(2962,989,1,0,NULL,NULL,NULL,NULL,NULL),(2963,989,2,0,NULL,NULL,NULL,NULL,NULL),(2964,989,3,0,NULL,NULL,NULL,NULL,NULL),(2965,990,1,0,NULL,NULL,NULL,NULL,NULL),(2966,990,2,0,NULL,NULL,NULL,NULL,NULL),(2967,990,3,0,NULL,NULL,NULL,NULL,NULL),(2968,991,1,0,NULL,NULL,NULL,NULL,NULL),(2969,991,2,0,NULL,NULL,NULL,NULL,NULL),(2970,991,3,0,NULL,NULL,NULL,NULL,NULL),(2971,992,1,0,NULL,NULL,NULL,NULL,NULL),(2972,992,2,0,NULL,NULL,NULL,NULL,NULL),(2973,992,3,0,NULL,NULL,NULL,NULL,NULL),(2974,993,1,0,NULL,NULL,NULL,NULL,NULL),(2975,993,2,0,NULL,NULL,NULL,NULL,NULL),(2976,993,3,0,NULL,NULL,NULL,NULL,NULL),(2977,994,1,0,NULL,NULL,NULL,NULL,NULL),(2978,994,2,0,NULL,NULL,NULL,NULL,NULL),(2979,994,3,0,NULL,NULL,NULL,NULL,NULL),(2980,995,1,0,NULL,NULL,NULL,NULL,NULL),(2981,995,2,0,NULL,NULL,NULL,NULL,NULL),(2982,995,3,0,NULL,NULL,NULL,NULL,NULL),(2983,996,1,0,NULL,NULL,NULL,NULL,NULL),(2984,996,2,0,NULL,NULL,NULL,NULL,NULL),(2985,996,3,0,NULL,NULL,NULL,NULL,NULL),(2986,997,1,0,NULL,NULL,NULL,NULL,NULL),(2987,997,2,0,NULL,NULL,NULL,NULL,NULL),(2988,997,3,0,NULL,NULL,NULL,NULL,NULL),(2989,998,1,0,NULL,NULL,NULL,NULL,NULL),(2990,998,2,0,NULL,NULL,NULL,NULL,NULL),(2991,998,3,0,NULL,NULL,NULL,NULL,NULL),(2992,999,1,0,NULL,NULL,NULL,NULL,NULL),(2993,999,2,0,NULL,NULL,NULL,NULL,NULL),(2994,999,3,0,NULL,NULL,NULL,NULL,NULL),(2995,1000,1,0,NULL,NULL,NULL,NULL,NULL),(2996,1000,2,0,NULL,NULL,NULL,NULL,NULL),(2997,1000,3,0,NULL,NULL,NULL,NULL,NULL),(2998,1001,1,0,NULL,NULL,NULL,NULL,NULL),(2999,1001,2,0,NULL,NULL,NULL,NULL,NULL),(3000,1001,3,0,NULL,NULL,NULL,NULL,NULL),(3001,3,2,0,NULL,NULL,NULL,NULL,NULL),(3003,8,44,0,NULL,NULL,NULL,NULL,NULL),(3004,13,3,0,NULL,NULL,NULL,NULL,NULL),(3006,15,44,0,NULL,NULL,NULL,NULL,NULL),(3008,16,43,0,NULL,NULL,NULL,NULL,NULL),(3010,17,43,0,NULL,NULL,NULL,NULL,NULL),(3012,19,40,0,NULL,NULL,NULL,NULL,NULL),(3013,23,42,0,NULL,NULL,NULL,NULL,NULL),(3014,28,3,0,NULL,NULL,NULL,NULL,NULL),(3015,33,3,1,'2013-10-25 09:35:02',NULL,NULL,NULL,'usermicroaction/526a3b46883d5.jpg '),(3016,37,3,1,'2013-10-25 09:35:59',NULL,'a8kiu2a3',NULL,NULL),(3018,40,45,1,'2013-10-25 09:37:06',NULL,NULL,NULL,'usermicroaction/526a3bc24bb15.jpg '),(3019,41,3,1,'2013-10-25 09:38:17',NULL,'p_s.1agl',NULL,NULL),(3020,42,2,1,'2013-10-25 09:39:05',NULL,'c6j_l9p3',NULL,NULL),(3022,45,45,1,'2013-10-25 09:39:18',NULL,NULL,NULL,'usermicroaction/526a3c461e922.jpg '),(3024,49,42,1,'2013-10-25 09:40:15',NULL,NULL,NULL,'usermicroaction/526a3c7f9ccb0.jpg '),(3026,50,41,1,'2013-10-25 09:40:30',NULL,'6p791f6h',NULL,NULL),(3028,56,3,1,'2013-10-25 09:41:33',NULL,NULL,NULL,'usermicroaction/526a3ccdbb703.jpg '),(3029,58,39,1,'2013-10-25 09:41:42',NULL,NULL,NULL,'usermicroaction/526a3cd67986b.jpg '),(3031,57,3,1,'2013-10-25 09:43:01',NULL,'are3o_ep',NULL,NULL),(3032,59,44,1,'2013-10-25 09:43:05',NULL,NULL,NULL,'usermicroaction/526a3d295a5a7.jpg '),(3034,61,45,1,'2013-10-25 09:44:01',NULL,NULL,NULL,'usermicroaction/526a3d6135787.jpg '),(3037,64,45,1,'2013-10-25 09:44:20',NULL,'0iclkkkx',NULL,NULL),(3038,62,45,1,'2013-10-25 09:44:22',NULL,NULL,NULL,'usermicroaction/526a3d76479eb.jpg '),(3040,68,41,1,'2013-10-25 09:45:18',NULL,NULL,NULL,'usermicroaction/526a3daed51a2.jpg '),(3042,70,40,1,'2013-10-25 09:45:36',NULL,NULL,NULL,'usermicroaction/526a3dc04f7f8.jpg '),(3044,75,1,1,'2013-10-25 09:46:44',NULL,'nd1ti4.s',NULL,NULL),(3045,76,42,1,'2013-10-25 09:46:42',NULL,'7rpopws_',NULL,NULL),(3047,77,3,1,'2013-10-25 09:47:53',NULL,'dm_ftpwj',NULL,NULL),(3048,78,43,1,'2013-10-25 09:47:58',NULL,NULL,NULL,'usermicroaction/526a3e4f00366.jpg '),(3052,79,41,1,'2013-10-25 09:48:59',NULL,'16.bxgu2',NULL,NULL),(3053,81,42,1,'2013-10-25 09:49:12',NULL,NULL,NULL,'usermicroaction/526a3e982c7a2.jpg '),(3054,83,45,1,'2013-10-25 09:49:11',NULL,NULL,NULL,'usermicroaction/526a3e97639d7.jpg '),(3057,89,43,1,'2013-10-25 09:50:17',NULL,'x0pu3sw5',NULL,NULL),(3058,91,41,1,'2013-10-25 09:50:31',NULL,'ac8e1dqw',NULL,NULL),(3059,88,1,1,'2013-10-25 09:50:31',NULL,NULL,NULL,'usermicroaction/526a3ee76a46b.jpg '),(3061,96,40,1,'2013-10-25 09:51:31',NULL,'1y1eqgih',NULL,NULL),(3063,95,40,1,'2013-10-25 09:51:48',NULL,NULL,NULL,'usermicroaction/526a3f346f52f.jpg '),(3065,97,43,1,'2013-10-25 09:52:35',NULL,NULL,NULL,'usermicroaction/526a3f637ef7c.jpg '),(3067,98,41,1,'2013-10-25 09:53:05',NULL,NULL,NULL,'usermicroaction/526a3f811d983.jpg '),(3070,99,45,1,'2013-10-25 09:53:50',NULL,NULL,NULL,'usermicroaction/526a3fae28100.jpg '),(3071,102,45,1,'2013-10-25 09:54:05',NULL,NULL,NULL,'usermicroaction/526a3fbd4d845.jpg '),(3072,101,1,1,'2013-10-25 09:54:27',NULL,'j8ep_1i0',NULL,NULL),(3074,107,2,1,'2013-10-25 09:55:04',NULL,NULL,NULL,'usermicroaction/526a3ff8e2e41.jpg '),(3075,109,44,1,'2013-10-25 09:55:06',NULL,NULL,NULL,'usermicroaction/526a3ffaea46a.jpg '),(3076,111,2,1,'2013-10-25 09:55:44',NULL,NULL,NULL,'usermicroaction/526a402026c0b.jpg '),(3077,116,3,1,'2013-10-25 09:56:14',NULL,'gi59adhm',NULL,NULL),(3078,115,1,1,'2013-10-25 09:56:26',NULL,'nwtrtsnb',NULL,NULL),(3080,117,42,1,'2013-10-25 09:57:22',NULL,NULL,NULL,'usermicroaction/526a40827ddc0.jpg '),(3081,118,1,1,'2013-10-25 09:57:45',NULL,NULL,NULL,'usermicroaction/526a409928fbb.jpg '),(3082,119,1,1,'2013-10-25 09:58:48',NULL,'3klzs3ye',NULL,NULL),(3083,120,2,1,'2013-10-25 09:59:02',NULL,NULL,NULL,'usermicroaction/526a40e688909.jpg '),(3084,121,3,1,'2013-10-25 09:59:12',NULL,NULL,NULL,'usermicroaction/526a40f0cd1be.jpg '),(3086,126,42,1,'2013-10-25 10:00:13',NULL,NULL,NULL,'usermicroaction/526a412d6fa7e.jpg '),(3087,129,1,1,'2013-10-25 10:00:30',NULL,'b326sq2z',NULL,NULL),(3088,128,2,1,'2013-10-25 10:00:36',NULL,NULL,NULL,'usermicroaction/526a4144c3b62.jpg '),(3091,135,45,1,'2013-10-25 10:01:54',NULL,'6mnk0pjk',NULL,NULL),(3092,136,39,1,'2013-10-25 10:02:11',NULL,NULL,NULL,'usermicroaction/526a41a352eb3.jpg '),(3094,138,41,1,'2013-10-25 10:03:06',NULL,NULL,NULL,'usermicroaction/526a41da4631d.jpg '),(3095,137,3,1,'2013-10-25 10:03:34',NULL,NULL,NULL,'usermicroaction/526a41f6aa541.jpg '),(3097,139,43,1,'2013-10-25 10:03:59',NULL,NULL,NULL,'usermicroaction/526a420fbbd79.jpg '),(3099,142,44,1,'2013-10-25 10:04:27',NULL,'9j_a_dtt',NULL,NULL),(3101,145,44,1,'2013-10-25 10:04:51',NULL,'fszcx357',NULL,NULL),(3103,146,44,1,'2013-10-25 10:05:19',NULL,'fcjg3dhm',NULL,NULL),(3105,149,40,1,'2013-10-25 10:05:45',NULL,NULL,NULL,'usermicroaction/526a42797af31.jpg '),(3107,152,44,1,'2013-10-25 10:06:04',NULL,'h1riuy_u',NULL,NULL),(3109,155,44,1,'2013-10-25 10:06:38',NULL,NULL,NULL,'usermicroaction/526a42ae71aee.jpg '),(3110,156,3,1,'2013-10-25 10:07:07',NULL,NULL,NULL,'usermicroaction/526a42cc01b40.jpg '),(3111,157,3,1,'2013-10-25 10:07:54',NULL,NULL,NULL,'usermicroaction/526a42fa991cb.jpg '),(3113,158,41,1,'2013-10-25 10:08:28',NULL,NULL,NULL,'usermicroaction/526a431c1ab73.jpg '),(3116,161,45,1,'2013-10-25 10:09:09',NULL,'tx9il7.y',NULL,NULL),(3117,160,44,1,'2013-10-25 10:09:13',NULL,NULL,NULL,'usermicroaction/526a43495e009.jpg '),(3119,165,41,1,'2013-10-25 10:09:57',NULL,'8zcxtdy.',NULL,NULL),(3121,168,43,1,'2013-10-25 10:10:20',NULL,NULL,NULL,'usermicroaction/526a438c0834f.jpg '),(3122,169,2,1,'2013-10-25 10:10:25',NULL,NULL,NULL,'usermicroaction/526a4391a2f01.jpg '),(3124,174,43,1,'2013-10-25 10:11:11',NULL,NULL,NULL,'usermicroaction/526a43bfed65e.jpg '),(3127,175,42,1,'2013-10-25 10:11:36',NULL,'knpwhgtc',NULL,NULL),(3128,176,41,1,'2013-10-25 10:11:39',NULL,NULL,NULL,'usermicroaction/526a43db7ea75.jpg '),(3129,179,3,1,'2013-10-25 10:12:42',NULL,'nkn5i402',NULL,NULL),(3131,177,44,1,'2013-10-25 10:13:00',NULL,'o17oraso',NULL,NULL),(3133,178,42,1,'2013-10-25 10:13:42',NULL,NULL,NULL,'usermicroaction/526a445622cdd.jpg '),(3134,181,3,1,'2013-10-25 10:14:05',NULL,NULL,NULL,'usermicroaction/526a446d9e78d.jpg '),(3135,184,2,1,'2013-10-25 10:14:20',NULL,'a1qugjip',NULL,NULL),(3137,185,42,1,'2013-10-25 10:14:54',NULL,'hg8hdd_1',NULL,NULL),(3139,188,40,1,'2013-10-25 10:15:15',NULL,'xzx_6tni',NULL,NULL),(3141,190,39,1,'2013-10-25 10:15:22',NULL,'pjat3gqg',NULL,NULL),(3144,195,44,1,'2013-10-25 10:16:39',NULL,'eedxck7t',NULL,NULL),(3145,196,40,1,'2013-10-25 10:16:45',NULL,'sl4qi3ys',NULL,NULL),(3146,198,3,1,'2013-10-25 10:17:53',NULL,'c3szoa1e',NULL,NULL),(3147,197,1,1,'2013-10-25 10:18:06',NULL,NULL,NULL,'usermicroaction/526a455ed2376.jpg '),(3151,202,42,1,'2013-10-25 10:18:57',NULL,'h62szfu6',NULL,NULL),(3152,200,45,1,'2013-10-25 10:19:15',NULL,NULL,NULL,'usermicroaction/526a45a30c3a7.jpg '),(3153,203,40,1,'2013-10-25 10:19:13',NULL,NULL,NULL,'usermicroaction/526a45a1caefe.jpg '),(3154,207,2,1,'2013-10-25 10:20:13',NULL,NULL,NULL,'usermicroaction/526a45dde44fa.jpg '),(3156,210,3,1,'2013-10-25 10:20:34',NULL,'r3etaq7z',NULL,NULL),(3157,211,41,1,'2013-10-25 10:20:35',NULL,'k_u9nwyn',NULL,NULL),(3159,215,1,1,'2013-10-25 10:21:56',NULL,NULL,NULL,'usermicroaction/526a4644dad07.jpg '),(3160,216,44,1,'2013-10-25 10:21:53',NULL,'wy4..qmj',NULL,NULL),(3162,218,43,1,'2013-10-25 10:23:03',NULL,'42q1ynyi',NULL,NULL),(3163,217,1,1,'2013-10-25 10:23:12',NULL,'69mph3_x',NULL,NULL),(3166,220,45,1,'2013-10-25 10:24:24',NULL,NULL,NULL,'usermicroaction/526a46d8201a9.jpg '),(3167,219,45,1,'2013-10-25 10:24:33',NULL,'j0clrnzp',NULL,NULL),(3169,221,3,1,'2013-10-25 10:25:40',NULL,NULL,NULL,'usermicroaction/526a472484e58.jpg '),(3170,224,41,1,'2013-10-25 10:25:44',NULL,NULL,NULL,'usermicroaction/526a472852b13.jpg '),(3172,222,40,1,'2013-10-25 10:26:46',NULL,NULL,NULL,'usermicroaction/526a47663d642.jpg '),(3174,223,44,1,'2013-10-25 10:28:04',NULL,NULL,NULL,'usermicroaction/526a47b48063e.jpg '),(3176,225,43,1,'2013-10-25 10:29:22',NULL,'962dj7w6',NULL,NULL),(3178,226,43,1,'2013-10-25 10:30:42',NULL,'fll9gad_',NULL,NULL);
/*!40000 ALTER TABLE `user_microaction` ENABLE KEYS */;
UNLOCK TABLES;

--
-- Table structure for table `user_microaction_comment`
--

DROP TABLE IF EXISTS `user_microaction_comment`;
/*!40101 SET @saved_cs_client     = @@character_set_client */;
/*!40101 SET character_set_client = utf8 */;
CREATE TABLE `user_microaction_comment` (
  `id` int(11) NOT NULL AUTO_INCREMENT,
  `user_id` int(11) NOT NULL,
  `user_microaction_id` int(11) NOT NULL,
  `text` varchar(255) COLLATE utf8_unicode_ci NOT NULL,
  `publish_date` datetime NOT NULL,
  PRIMARY KEY (`id`),
  KEY `IDX_42C6C367A76ED395` (`user_id`),
  KEY `IDX_42C6C367AA2A67F6` (`user_microaction_id`),
  CONSTRAINT `FK_42C6C367AA2A67F6` FOREIGN KEY (`user_microaction_id`) REFERENCES `user_microaction` (`id`) ON DELETE CASCADE,
  CONSTRAINT `FK_42C6C367A76ED395` FOREIGN KEY (`user_id`) REFERENCES `user` (`id`)
) ENGINE=InnoDB DEFAULT CHARSET=utf8 COLLATE=utf8_unicode_ci;
/*!40101 SET character_set_client = @saved_cs_client */;

--
-- Dumping data for table `user_microaction_comment`
--

LOCK TABLES `user_microaction_comment` WRITE;
/*!40000 ALTER TABLE `user_microaction_comment` DISABLE KEYS */;
/*!40000 ALTER TABLE `user_microaction_comment` ENABLE KEYS */;
UNLOCK TABLES;

--
-- Table structure for table `user_microaction_comment_flag`
--

DROP TABLE IF EXISTS `user_microaction_comment_flag`;
/*!40101 SET @saved_cs_client     = @@character_set_client */;
/*!40101 SET character_set_client = utf8 */;
CREATE TABLE `user_microaction_comment_flag` (
  `id` int(11) NOT NULL AUTO_INCREMENT,
  `user_id` int(11) NOT NULL,
  `user_microaction_comment_id` int(11) NOT NULL,
  `text` varchar(255) COLLATE utf8_unicode_ci DEFAULT NULL,
  `publish_date` datetime NOT NULL,
  `readstate` enum('0','1') COLLATE utf8_unicode_ci NOT NULL COMMENT '(DC2Type:flag_enum)',
  PRIMARY KEY (`id`),
  KEY `IDX_9456B641A76ED395` (`user_id`),
  KEY `IDX_9456B641B909FBDF` (`user_microaction_comment_id`),
  CONSTRAINT `FK_9456B641B909FBDF` FOREIGN KEY (`user_microaction_comment_id`) REFERENCES `user_microaction_comment` (`id`) ON DELETE CASCADE,
  CONSTRAINT `FK_9456B641A76ED395` FOREIGN KEY (`user_id`) REFERENCES `user` (`id`)
) ENGINE=InnoDB DEFAULT CHARSET=utf8 COLLATE=utf8_unicode_ci;
/*!40101 SET character_set_client = @saved_cs_client */;

--
-- Dumping data for table `user_microaction_comment_flag`
--

LOCK TABLES `user_microaction_comment_flag` WRITE;
/*!40000 ALTER TABLE `user_microaction_comment_flag` DISABLE KEYS */;
/*!40000 ALTER TABLE `user_microaction_comment_flag` ENABLE KEYS */;
UNLOCK TABLES;

--
-- Table structure for table `user_microaction_comment_love`
--

DROP TABLE IF EXISTS `user_microaction_comment_love`;
/*!40101 SET @saved_cs_client     = @@character_set_client */;
/*!40101 SET character_set_client = utf8 */;
CREATE TABLE `user_microaction_comment_love` (
  `id` int(11) NOT NULL AUTO_INCREMENT,
  `user_id` int(11) NOT NULL,
  `user_microaction_comment_id` int(11) NOT NULL,
  `date` datetime NOT NULL,
  PRIMARY KEY (`id`),
  UNIQUE KEY `user_microaction_comment_user_UNIQUE_IDX` (`user_id`,`user_microaction_comment_id`),
  KEY `IDX_12200DC6A76ED395` (`user_id`),
  KEY `IDX_12200DC6B909FBDF` (`user_microaction_comment_id`),
  CONSTRAINT `FK_12200DC6B909FBDF` FOREIGN KEY (`user_microaction_comment_id`) REFERENCES `user_microaction_comment` (`id`) ON DELETE CASCADE,
  CONSTRAINT `FK_12200DC6A76ED395` FOREIGN KEY (`user_id`) REFERENCES `user` (`id`)
) ENGINE=InnoDB DEFAULT CHARSET=utf8 COLLATE=utf8_unicode_ci;
/*!40101 SET character_set_client = @saved_cs_client */;

--
-- Dumping data for table `user_microaction_comment_love`
--

LOCK TABLES `user_microaction_comment_love` WRITE;
/*!40000 ALTER TABLE `user_microaction_comment_love` DISABLE KEYS */;
/*!40000 ALTER TABLE `user_microaction_comment_love` ENABLE KEYS */;
UNLOCK TABLES;

--
-- Table structure for table `user_microaction_love`
--

DROP TABLE IF EXISTS `user_microaction_love`;
/*!40101 SET @saved_cs_client     = @@character_set_client */;
/*!40101 SET character_set_client = utf8 */;
CREATE TABLE `user_microaction_love` (
  `id` int(11) NOT NULL AUTO_INCREMENT,
  `user_id` int(11) DEFAULT NULL,
  `user_microaction_id` int(11) NOT NULL,
  `date` datetime NOT NULL,
  PRIMARY KEY (`id`),
  UNIQUE KEY `U_M_USER` (`user_id`,`user_microaction_id`),
  KEY `IDX_AFDF5E61A76ED395` (`user_id`),
  KEY `IDX_AFDF5E61AA2A67F6` (`user_microaction_id`),
  CONSTRAINT `FK_AFDF5E61AA2A67F6` FOREIGN KEY (`user_microaction_id`) REFERENCES `user_microaction` (`id`) ON DELETE CASCADE,
  CONSTRAINT `FK_AFDF5E61A76ED395` FOREIGN KEY (`user_id`) REFERENCES `user` (`id`)
) ENGINE=InnoDB AUTO_INCREMENT=99 DEFAULT CHARSET=utf8 COLLATE=utf8_unicode_ci;
/*!40101 SET character_set_client = @saved_cs_client */;

--
-- Dumping data for table `user_microaction_love`
--

LOCK TABLES `user_microaction_love` WRITE;
/*!40000 ALTER TABLE `user_microaction_love` DISABLE KEYS */;
INSERT INTO `user_microaction_love` VALUES (1,37,3015,'2013-10-25 09:36:07'),(2,40,3015,'2013-10-25 09:37:09'),(3,41,3015,'2013-10-25 09:38:22'),(4,42,3015,'2013-10-25 09:39:15'),(5,45,3015,'2013-10-25 09:39:24'),(6,49,3015,'2013-10-25 09:40:24'),(7,50,3015,'2013-10-25 09:40:37'),(8,56,3015,'2013-10-25 09:41:42'),(9,58,3015,'2013-10-25 09:41:48'),(10,57,3015,'2013-10-25 09:43:08'),(11,59,3015,'2013-10-25 09:43:08'),(12,61,3015,'2013-10-25 09:44:10'),(13,64,3015,'2013-10-25 09:44:25'),(14,62,3015,'2013-10-25 09:44:30'),(15,68,3015,'2013-10-25 09:45:25'),(16,70,3015,'2013-10-25 09:45:45'),(17,76,3024,'2013-10-25 09:46:49'),(18,75,3024,'2013-10-25 09:46:52'),(19,77,3024,'2013-10-25 09:47:58'),(20,78,3024,'2013-10-25 09:48:03'),(21,79,3024,'2013-10-25 09:49:10'),(22,83,3024,'2013-10-25 09:49:14'),(23,81,3024,'2013-10-25 09:49:17'),(24,89,3024,'2013-10-25 09:50:24'),(25,91,3024,'2013-10-25 09:50:35'),(26,88,3024,'2013-10-25 09:50:39'),(27,96,3024,'2013-10-25 09:51:38'),(28,95,3042,'2013-10-25 09:51:51'),(29,97,3042,'2013-10-25 09:52:45'),(30,98,3042,'2013-10-25 09:53:12'),(31,99,3042,'2013-10-25 09:53:58'),(32,102,3042,'2013-10-25 09:54:11'),(33,101,3042,'2013-10-25 09:54:34'),(34,109,3042,'2013-10-25 09:55:10'),(35,107,3042,'2013-10-25 09:55:10'),(36,111,3042,'2013-10-25 09:55:51'),(37,116,3042,'2013-10-25 09:56:22'),(38,115,3042,'2013-10-25 09:56:36'),(39,117,3024,'2013-10-25 09:57:28'),(40,118,3024,'2013-10-25 09:57:50'),(41,119,3024,'2013-10-25 09:58:55'),(42,120,3024,'2013-10-25 09:59:08'),(43,121,3024,'2013-10-25 09:59:20'),(44,126,3024,'2013-10-25 10:00:22'),(45,129,3024,'2013-10-25 10:00:39'),(46,128,3024,'2013-10-25 10:00:42'),(47,135,3024,'2013-10-25 10:01:58'),(48,136,3024,'2013-10-25 10:02:18'),(49,138,3026,'2013-10-25 10:03:16'),(50,137,3026,'2013-10-25 10:03:39'),(51,139,3026,'2013-10-25 10:04:09'),(52,142,3026,'2013-10-25 10:04:34'),(53,145,3026,'2013-10-25 10:04:58'),(54,146,3026,'2013-10-25 10:05:27'),(55,149,3026,'2013-10-25 10:05:50'),(56,152,3026,'2013-10-25 10:06:11'),(57,155,3026,'2013-10-25 10:06:45'),(58,156,3026,'2013-10-25 10:07:16'),(59,157,3026,'2013-10-25 10:07:58'),(60,158,3026,'2013-10-25 10:08:37'),(61,161,3026,'2013-10-25 10:09:13'),(62,160,3026,'2013-10-25 10:09:22'),(63,165,3026,'2013-10-25 10:10:07'),(64,168,3026,'2013-10-25 10:10:26'),(65,169,3026,'2013-10-25 10:10:33'),(66,174,3026,'2013-10-25 10:11:21'),(67,175,3026,'2013-10-25 10:11:41'),(68,176,3026,'2013-10-25 10:11:45'),(69,179,3026,'2013-10-25 10:12:48'),(70,177,3026,'2013-10-25 10:13:08'),(71,178,3024,'2013-10-25 10:13:49'),(72,181,3024,'2013-10-25 10:14:07'),(73,184,3024,'2013-10-25 10:14:25'),(74,185,3024,'2013-10-25 10:15:03'),(75,188,3024,'2013-10-25 10:15:26'),(76,190,3024,'2013-10-25 10:15:30'),(77,195,3024,'2013-10-25 10:16:47'),(78,196,3024,'2013-10-25 10:16:55'),(79,198,3024,'2013-10-25 10:18:02'),(80,197,3024,'2013-10-25 10:18:12'),(81,202,3024,'2013-10-25 10:19:06'),(82,203,3024,'2013-10-25 10:19:21'),(83,200,3024,'2013-10-25 10:19:24'),(84,207,3024,'2013-10-25 10:20:22'),(85,210,3024,'2013-10-25 10:20:44'),(86,211,3024,'2013-10-25 10:20:44'),(87,215,3024,'2013-10-25 10:22:03'),(88,216,3024,'2013-10-25 10:22:03'),(89,218,3024,'2013-10-25 10:23:07'),(90,217,3024,'2013-10-25 10:23:20'),(91,220,3018,'2013-10-25 10:24:32'),(92,219,3018,'2013-10-25 10:24:44'),(93,221,3018,'2013-10-25 10:25:46'),(94,224,3018,'2013-10-25 10:25:49'),(95,222,3018,'2013-10-25 10:26:51'),(96,223,3018,'2013-10-25 10:28:13'),(97,225,3048,'2013-10-25 10:29:33'),(98,226,3048,'2013-10-25 10:30:51');
/*!40000 ALTER TABLE `user_microaction_love` ENABLE KEYS */;
UNLOCK TABLES;

--
-- Table structure for table `user_role`
--

DROP TABLE IF EXISTS `user_role`;
/*!40101 SET @saved_cs_client     = @@character_set_client */;
/*!40101 SET character_set_client = utf8 */;
CREATE TABLE `user_role` (
  `user_id` int(11) NOT NULL,
  `role_id` int(11) NOT NULL,
  PRIMARY KEY (`user_id`,`role_id`),
  KEY `IDX_2DE8C6A3A76ED395` (`user_id`),
  KEY `IDX_2DE8C6A3D60322AC` (`role_id`),
  CONSTRAINT `FK_2DE8C6A3D60322AC` FOREIGN KEY (`role_id`) REFERENCES `roles` (`id`) ON DELETE CASCADE,
  CONSTRAINT `FK_2DE8C6A3A76ED395` FOREIGN KEY (`user_id`) REFERENCES `user` (`id`) ON DELETE CASCADE
) ENGINE=InnoDB DEFAULT CHARSET=utf8 COLLATE=utf8_unicode_ci;
/*!40101 SET character_set_client = @saved_cs_client */;

--
-- Dumping data for table `user_role`
--

LOCK TABLES `user_role` WRITE;
/*!40000 ALTER TABLE `user_role` DISABLE KEYS */;
INSERT INTO `user_role` VALUES (1,1),(2,3),(3,3),(4,3),(5,3),(6,3),(7,3),(8,3),(9,3),(10,3),(11,3),(12,3),(13,3),(14,3),(15,3),(16,3),(17,3),(18,3),(19,3),(20,3),(21,3),(22,3),(23,3),(24,3),(25,3),(26,3),(27,3),(28,3),(29,3),(30,3),(31,3),(32,3),(33,3),(34,3),(35,3),(36,3),(37,3),(38,3),(39,3),(40,3),(41,3),(42,3),(43,3),(44,3),(45,3),(46,3),(47,3),(48,3),(49,3),(50,3),(51,3),(52,3),(53,3),(54,3),(55,3),(56,3),(57,3),(58,3),(59,3),(60,3),(61,3),(62,3),(63,3),(64,3),(65,3),(66,3),(67,3),(68,3),(69,3),(70,3),(71,3),(72,3),(73,3),(74,3),(75,3),(76,3),(77,3),(78,3),(79,3),(80,3),(81,3),(82,3),(83,3),(84,3),(85,3),(86,3),(87,3),(88,3),(89,3),(90,3),(91,3),(92,3),(93,3),(94,3),(95,3),(96,3),(97,3),(98,3),(99,3),(100,3),(101,3),(102,3),(103,3),(104,3),(105,3),(106,3),(107,3),(108,3),(109,3),(110,3),(111,3),(112,3),(113,3),(114,3),(115,3),(116,3),(117,3),(118,3),(119,3),(120,3),(121,3),(122,3),(123,3),(124,3),(125,3),(126,3),(127,3),(128,3),(129,3),(130,3),(131,3),(132,3),(133,3),(134,3),(135,3),(136,3),(137,3),(138,3),(139,3),(140,3),(141,3),(142,3),(143,3),(144,3),(145,3),(146,3),(147,3),(148,3),(149,3),(150,3),(151,3),(152,3),(153,3),(154,3),(155,3),(156,3),(157,3),(158,3),(159,3),(160,3),(161,3),(162,3),(163,3),(164,3),(165,3),(166,3),(167,3),(168,3),(169,3),(170,3),(171,3),(172,3),(173,3),(174,3),(175,3),(176,3),(177,3),(178,3),(179,3),(180,3),(181,3),(182,3),(183,3),(184,3),(185,3),(186,3),(187,3),(188,3),(189,3),(190,3),(191,3),(192,3),(193,3),(194,3),(195,3),(196,3),(197,3),(198,3),(199,3),(200,3),(201,3),(202,3),(203,3),(204,3),(205,3),(206,3),(207,3),(208,3),(209,3),(210,3),(211,3),(212,3),(213,3),(214,3),(215,3),(216,3),(217,3),(218,3),(219,3),(220,3),(221,3),(222,3),(223,3),(224,3),(225,3),(226,3),(227,3),(228,3),(229,3),(230,3),(231,3),(232,3),(233,3),(234,3),(235,3),(236,3),(237,3),(238,3),(239,3),(240,3),(241,3),(242,3),(243,3),(244,3),(245,3),(246,3),(247,3),(248,3),(249,3),(250,3),(251,3),(252,3),(253,3),(254,3),(255,3),(256,3),(257,3),(258,3),(259,3),(260,3),(261,3),(262,3),(263,3),(264,3),(265,3),(266,3),(267,3),(268,3),(269,3),(270,3),(271,3),(272,3),(273,3),(274,3),(275,3),(276,3),(277,3),(278,3),(279,3),(280,3),(281,3),(282,3),(283,3),(284,3),(285,3),(286,3),(287,3),(288,3),(289,3),(290,3),(291,3),(292,3),(293,3),(294,3),(295,3),(296,3),(297,3),(298,3),(299,3),(300,3),(301,3),(302,3),(303,3),(304,3),(305,3),(306,3),(307,3),(308,3),(309,3),(310,3),(311,3),(312,3),(313,3),(314,3),(315,3),(316,3),(317,3),(318,3),(319,3),(320,3),(321,3),(322,3),(323,3),(324,3),(325,3),(326,3),(327,3),(328,3),(329,3),(330,3),(331,3),(332,3),(333,3),(334,3),(335,3),(336,3),(337,3),(338,3),(339,3),(340,3),(341,3),(342,3),(343,3),(344,3),(345,3),(346,3),(347,3),(348,3),(349,3),(350,3),(351,3),(352,3),(353,3),(354,3),(355,3),(356,3),(357,3),(358,3),(359,3),(360,3),(361,3),(362,3),(363,3),(364,3),(365,3),(366,3),(367,3),(368,3),(369,3),(370,3),(371,3),(372,3),(373,3),(374,3),(375,3),(376,3),(377,3),(378,3),(379,3),(380,3),(381,3),(382,3),(383,3),(384,3),(385,3),(386,3),(387,3),(388,3),(389,3),(390,3),(391,3),(392,3),(393,3),(394,3),(395,3),(396,3),(397,3),(398,3),(399,3),(400,3),(401,3),(402,3),(403,3),(404,3),(405,3),(406,3),(407,3),(408,3),(409,3),(410,3),(411,3),(412,3),(413,3),(414,3),(415,3),(416,3),(417,3),(418,3),(419,3),(420,3),(421,3),(422,3),(423,3),(424,3),(425,3),(426,3),(427,3),(428,3),(429,3),(430,3),(431,3),(432,3),(433,3),(434,3),(435,3),(436,3),(437,3),(438,3),(439,3),(440,3),(441,3),(442,3),(443,3),(444,3),(445,3),(446,3),(447,3),(448,3),(449,3),(450,3),(451,3),(452,3),(453,3),(454,3),(455,3),(456,3),(457,3),(458,3),(459,3),(460,3),(461,3),(462,3),(463,3),(464,3),(465,3),(466,3),(467,3),(468,3),(469,3),(470,3),(471,3),(472,3),(473,3),(474,3),(475,3),(476,3),(477,3),(478,3),(479,3),(480,3),(481,3),(482,3),(483,3),(484,3),(485,3),(486,3),(487,3),(488,3),(489,3),(490,3),(491,3),(492,3),(493,3),(494,3),(495,3),(496,3),(497,3),(498,3),(499,3),(500,3),(501,3),(502,3),(503,3),(504,3),(505,3),(506,3),(507,3),(508,3),(509,3),(510,3),(511,3),(512,3),(513,3),(514,3),(515,3),(516,3),(517,3),(518,3),(519,3),(520,3),(521,3),(522,3),(523,3),(524,3),(525,3),(526,3),(527,3),(528,3),(529,3),(530,3),(531,3),(532,3),(533,3),(534,3),(535,3),(536,3),(537,3),(538,3),(539,3),(540,3),(541,3),(542,3),(543,3),(544,3),(545,3),(546,3),(547,3),(548,3),(549,3),(550,3),(551,3),(552,3),(553,3),(554,3),(555,3),(556,3),(557,3),(558,3),(559,3),(560,3),(561,3),(562,3),(563,3),(564,3),(565,3),(566,3),(567,3),(568,3),(569,3),(570,3),(571,3),(572,3),(573,3),(574,3),(575,3),(576,3),(577,3),(578,3),(579,3),(580,3),(581,3),(582,3),(583,3),(584,3),(585,3),(586,3),(587,3),(588,3),(589,3),(590,3),(591,3),(592,3),(593,3),(594,3),(595,3),(596,3),(597,3),(598,3),(599,3),(600,3),(601,3),(602,3),(603,3),(604,3),(605,3),(606,3),(607,3),(608,3),(609,3),(610,3),(611,3),(612,3),(613,3),(614,3),(615,3),(616,3),(617,3),(618,3),(619,3),(620,3),(621,3),(622,3),(623,3),(624,3),(625,3),(626,3),(627,3),(628,3),(629,3),(630,3),(631,3),(632,3),(633,3),(634,3),(635,3),(636,3),(637,3),(638,3),(639,3),(640,3),(641,3),(642,3),(643,3),(644,3),(645,3),(646,3),(647,3),(648,3),(649,3),(650,3),(651,3),(652,3),(653,3),(654,3),(655,3),(656,3),(657,3),(658,3),(659,3),(660,3),(661,3),(662,3),(663,3),(664,3),(665,3),(666,3),(667,3),(668,3),(669,3),(670,3),(671,3),(672,3),(673,3),(674,3),(675,3),(676,3),(677,3),(678,3),(679,3),(680,3),(681,3),(682,3),(683,3),(684,3),(685,3),(686,3),(687,3),(688,3),(689,3),(690,3),(691,3),(692,3),(693,3),(694,3),(695,3),(696,3),(697,3),(698,3),(699,3),(700,3),(701,3),(702,3),(703,3),(704,3),(705,3),(706,3),(707,3),(708,3),(709,3),(710,3),(711,3),(712,3),(713,3),(714,3),(715,3),(716,3),(717,3),(718,3),(719,3),(720,3),(721,3),(722,3),(723,3),(724,3),(725,3),(726,3),(727,3),(728,3),(729,3),(730,3),(731,3),(732,3),(733,3),(734,3),(735,3),(736,3),(737,3),(738,3),(739,3),(740,3),(741,3),(742,3),(743,3),(744,3),(745,3),(746,3),(747,3),(748,3),(749,3),(750,3),(751,3),(752,3),(753,3),(754,3),(755,3),(756,3),(757,3),(758,3),(759,3),(760,3),(761,3),(762,3),(763,3),(764,3),(765,3),(766,3),(767,3),(768,3),(769,3),(770,3),(771,3),(772,3),(773,3),(774,3),(775,3),(776,3),(777,3),(778,3),(779,3),(780,3),(781,3),(782,3),(783,3),(784,3),(785,3),(786,3),(787,3),(788,3),(789,3),(790,3),(791,3),(792,3),(793,3),(794,3),(795,3),(796,3),(797,3),(798,3),(799,3),(800,3),(801,3),(802,3),(803,3),(804,3),(805,3),(806,3),(807,3),(808,3),(809,3),(810,3),(811,3),(812,3),(813,3),(814,3),(815,3),(816,3),(817,3),(818,3),(819,3),(820,3),(821,3),(822,3),(823,3),(824,3),(825,3),(826,3),(827,3),(828,3),(829,3),(830,3),(831,3),(832,3),(833,3),(834,3),(835,3),(836,3),(837,3),(838,3),(839,3),(840,3),(841,3),(842,3),(843,3),(844,3),(845,3),(846,3),(847,3),(848,3),(849,3),(850,3),(851,3),(852,3),(853,3),(854,3),(855,3),(856,3),(857,3),(858,3),(859,3),(860,3),(861,3),(862,3),(863,3),(864,3),(865,3),(866,3),(867,3),(868,3),(869,3),(870,3),(871,3),(872,3),(873,3),(874,3),(875,3),(876,3),(877,3),(878,3),(879,3),(880,3),(881,3),(882,3),(883,3),(884,3),(885,3),(886,3),(887,3),(888,3),(889,3),(890,3),(891,3),(892,3),(893,3),(894,3),(895,3),(896,3),(897,3),(898,3),(899,3),(900,3),(901,3),(902,3),(903,3),(904,3),(905,3),(906,3),(907,3),(908,3),(909,3),(910,3),(911,3),(912,3),(913,3),(914,3),(915,3),(916,3),(917,3),(918,3),(919,3),(920,3),(921,3),(922,3),(923,3),(924,3),(925,3),(926,3),(927,3),(928,3),(929,3),(930,3),(931,3),(932,3),(933,3),(934,3),(935,3),(936,3),(937,3),(938,3),(939,3),(940,3),(941,3),(942,3),(943,3),(944,3),(945,3),(946,3),(947,3),(948,3),(949,3),(950,3),(951,3),(952,3),(953,3),(954,3),(955,3),(956,3),(957,3),(958,3),(959,3),(960,3),(961,3),(962,3),(963,3),(964,3),(965,3),(966,3),(967,3),(968,3),(969,3),(970,3),(971,3),(972,3),(973,3),(974,3),(975,3),(976,3),(977,3),(978,3),(979,3),(980,3),(981,3),(982,3),(983,3),(984,3),(985,3),(986,3),(987,3),(988,3),(989,3),(990,3),(991,3),(992,3),(993,3),(994,3),(995,3),(996,3),(997,3),(998,3),(999,3),(1000,3),(1001,3);
/*!40000 ALTER TABLE `user_role` ENABLE KEYS */;
UNLOCK TABLES;

--
-- Table structure for table `user_stage`
--

DROP TABLE IF EXISTS `user_stage`;
/*!40101 SET @saved_cs_client     = @@character_set_client */;
/*!40101 SET character_set_client = utf8 */;
CREATE TABLE `user_stage` (
  `id` int(11) NOT NULL AUTO_INCREMENT,
  `user_id` int(11) DEFAULT NULL,
  `stage_id` int(11) DEFAULT NULL,
  `available` tinyint(1) NOT NULL,
  `completedMa` int(11) NOT NULL,
  PRIMARY KEY (`id`),
  KEY `IDX_20BE6831A76ED395` (`user_id`),
  KEY `IDX_20BE68312298D193` (`stage_id`),
  CONSTRAINT `FK_20BE68312298D193` FOREIGN KEY (`stage_id`) REFERENCES `stage` (`id`) ON DELETE CASCADE,
  CONSTRAINT `FK_20BE6831A76ED395` FOREIGN KEY (`user_id`) REFERENCES `user` (`id`)
) ENGINE=InnoDB AUTO_INCREMENT=1142 DEFAULT CHARSET=utf8 COLLATE=utf8_unicode_ci;
/*!40101 SET character_set_client = @saved_cs_client */;

--
-- Dumping data for table `user_stage`
--

LOCK TABLES `user_stage` WRITE;
/*!40000 ALTER TABLE `user_stage` DISABLE KEYS */;
INSERT INTO `user_stage` VALUES (1,2,1,0,0),(2,3,1,0,0),(3,4,1,0,0),(4,5,1,0,0),(5,6,1,0,0),(6,7,1,0,0),(7,8,1,0,0),(8,9,1,0,0),(9,10,1,0,0),(10,11,1,0,0),(11,12,1,0,0),(12,13,1,0,0),(13,14,1,0,0),(14,15,1,0,0),(15,16,1,0,0),(16,17,1,0,0),(17,18,1,0,0),(18,19,1,0,0),(19,20,1,0,0),(20,21,1,0,0),(21,22,1,0,0),(22,23,1,0,0),(23,24,1,0,0),(24,25,1,0,0),(25,26,1,0,0),(26,27,1,0,0),(27,28,1,0,0),(28,29,1,0,0),(29,30,1,0,0),(30,31,1,0,0),(31,32,1,0,0),(32,33,1,0,1),(33,34,1,0,0),(34,35,1,0,0),(35,36,1,0,0),(36,37,1,0,1),(37,38,1,0,0),(38,39,1,0,0),(39,40,1,0,0),(40,41,1,0,1),(41,42,1,0,1),(42,43,1,0,0),(43,44,1,0,0),(44,45,1,0,0),(45,46,1,0,0),(46,47,1,0,0),(47,48,1,0,0),(48,49,1,0,0),(49,50,1,0,0),(50,51,1,0,0),(51,52,1,0,0),(52,53,1,0,0),(53,54,1,0,0),(54,55,1,0,0),(55,56,1,0,1),(56,57,1,0,1),(57,58,1,0,0),(58,59,1,0,0),(59,60,1,0,0),(60,61,1,0,0),(61,62,1,0,0),(62,63,1,0,0),(63,64,1,0,0),(64,65,1,0,0),(65,66,1,0,0),(66,67,1,0,0),(67,69,1,0,0),(68,68,1,0,0),(69,70,1,0,0),(70,71,1,0,0),(71,72,1,0,0),(72,73,1,0,0),(73,74,1,0,0),(74,75,1,0,1),(75,76,1,0,0),(76,77,1,0,1),(77,78,1,0,0),(78,79,1,0,0),(79,80,1,0,0),(80,81,1,0,0),(81,82,1,0,0),(82,83,1,0,0),(83,84,1,0,0),(84,85,1,0,0),(85,86,1,0,0),(86,87,1,0,0),(87,88,1,0,1),(88,89,1,0,0),(89,90,1,0,0),(90,91,1,0,0),(91,92,1,0,0),(92,93,1,0,0),(93,94,1,0,0),(94,95,1,0,0),(95,96,1,0,0),(96,97,1,0,0),(97,98,1,0,0),(98,99,1,0,0),(99,100,1,0,0),(100,101,1,0,1),(101,102,1,0,0),(102,103,1,0,0),(103,104,1,0,0),(104,105,1,0,0),(105,106,1,0,0),(106,107,1,0,1),(107,108,1,0,0),(108,109,1,0,0),(109,110,1,0,0),(110,111,1,0,1),(111,112,1,0,0),(112,113,1,0,0),(113,114,1,0,0),(114,115,1,0,1),(115,116,1,0,1),(116,117,1,0,0),(117,118,1,0,1),(118,119,1,0,1),(119,120,1,0,1),(120,121,1,0,1),(121,122,1,0,0),(122,123,1,0,0),(123,125,1,0,0),(124,124,1,0,0),(125,126,1,0,0),(126,127,1,0,0),(127,128,1,0,1),(128,129,1,0,1),(129,130,1,0,0),(130,131,1,0,0),(131,132,1,0,0),(132,133,1,0,0),(133,134,1,0,0),(134,135,1,0,0),(135,136,1,0,0),(136,137,1,0,1),(137,138,1,0,0),(138,139,1,0,0),(139,140,1,0,0),(140,141,1,0,0),(141,142,1,0,0),(142,143,1,0,0),(143,144,1,0,0),(144,145,1,0,0),(145,146,1,0,0),(146,147,1,0,0),(147,148,1,0,0),(148,150,1,0,0),(149,149,1,0,0),(150,151,1,0,0),(151,152,1,0,0),(152,153,1,0,0),(153,154,1,0,0),(154,155,1,0,0),(155,156,1,0,1),(156,157,1,0,1),(157,158,1,0,0),(158,159,1,0,0),(159,160,1,0,0),(160,161,1,0,0),(161,162,1,0,0),(162,163,1,0,0),(163,164,1,0,0),(164,165,1,0,0),(165,166,1,0,0),(166,167,1,0,0),(167,168,1,0,0),(168,169,1,0,1),(169,170,1,0,0),(170,171,1,0,0),(171,172,1,0,0),(172,173,1,0,0),(173,174,1,0,0),(174,175,1,0,0),(175,176,1,0,0),(176,177,1,0,0),(177,178,1,0,0),(178,179,1,0,1),(179,180,1,0,0),(180,181,1,0,1),(181,182,1,0,0),(182,183,1,0,0),(183,184,1,0,1),(184,185,1,0,0),(185,187,1,0,0),(186,186,1,0,0),(187,188,1,0,0),(188,189,1,0,0),(189,190,1,0,0),(190,191,1,0,0),(191,192,1,0,0),(192,193,1,0,0),(193,194,1,0,0),(194,195,1,0,0),(195,196,1,0,0),(196,197,1,0,1),(197,198,1,0,1),(198,199,1,0,0),(199,200,1,0,0),(200,201,1,0,0),(201,202,1,0,0),(202,203,1,0,0),(203,204,1,0,0),(204,205,1,0,0),(205,206,1,0,0),(206,207,1,0,1),(207,208,1,0,0),(208,209,1,0,0),(209,210,1,0,1),(210,211,1,0,0),(211,212,1,0,0),(212,213,1,0,0),(213,214,1,0,0),(214,215,1,0,1),(215,216,1,0,0),(216,217,1,0,1),(217,218,1,0,0),(218,219,1,0,0),(219,220,1,0,0),(220,221,1,0,1),(221,222,1,0,0),(222,223,1,0,0),(223,224,1,0,0),(224,225,1,0,0),(225,226,1,0,0),(226,227,1,0,0),(227,228,1,0,0),(228,229,1,0,0),(229,230,1,0,0),(230,231,1,0,0),(231,232,1,0,0),(232,233,1,0,0),(233,234,1,0,0),(234,235,1,0,0),(235,236,1,0,0),(236,237,1,0,0),(237,238,1,0,0),(238,239,1,0,0),(239,240,1,0,0),(240,241,1,0,0),(241,242,1,0,0),(242,243,1,0,0),(243,244,1,0,0),(244,245,1,0,0),(245,246,1,0,0),(246,247,1,0,0),(247,248,1,0,0),(248,249,1,0,0),(249,250,1,0,0),(250,251,1,0,0),(251,252,1,0,0),(252,253,1,0,0),(253,254,1,0,0),(254,255,1,0,0),(255,256,1,0,0),(256,257,1,0,0),(257,258,1,0,0),(258,259,1,0,0),(259,260,1,0,0),(260,261,1,0,0),(261,262,1,0,0),(262,263,1,0,0),(263,264,1,0,0),(264,265,1,0,0),(265,266,1,0,0),(266,267,1,0,0),(267,268,1,0,0),(268,269,1,0,0),(269,270,1,0,0),(270,271,1,0,0),(271,272,1,0,0),(272,273,1,0,0),(273,274,1,0,0),(274,275,1,0,0),(275,276,1,0,0),(276,277,1,0,0),(277,278,1,0,0),(278,279,1,0,0),(279,280,1,0,0),(280,281,1,0,0),(281,282,1,0,0),(282,283,1,0,0),(283,284,1,0,0),(284,285,1,0,0),(285,286,1,0,0),(286,287,1,0,0),(287,288,1,0,0),(288,289,1,0,0),(289,290,1,0,0),(290,291,1,0,0),(291,292,1,0,0),(292,293,1,0,0),(293,294,1,0,0),(294,295,1,0,0),(295,296,1,0,0),(296,297,1,0,0),(297,298,1,0,0),(298,299,1,0,0),(299,300,1,0,0),(300,301,1,0,0),(301,302,1,0,0),(302,303,1,0,0),(303,304,1,0,0),(304,305,1,0,0),(305,306,1,0,0),(306,307,1,0,0),(307,308,1,0,0),(308,309,1,0,0),(309,310,1,0,0),(310,311,1,0,0),(311,312,1,0,0),(312,313,1,0,0),(313,314,1,0,0),(314,315,1,0,0),(315,316,1,0,0),(316,317,1,0,0),(317,318,1,0,0),(318,319,1,0,0),(319,320,1,0,0),(320,321,1,0,0),(321,322,1,0,0),(322,323,1,0,0),(323,324,1,0,0),(324,325,1,0,0),(325,326,1,0,0),(326,327,1,0,0),(327,328,1,0,0),(328,329,1,0,0),(329,330,1,0,0),(330,331,1,0,0),(331,332,1,0,0),(332,333,1,0,0),(333,334,1,0,0),(334,335,1,0,0),(335,336,1,0,0),(336,337,1,0,0),(337,338,1,0,0),(338,339,1,0,0),(339,340,1,0,0),(340,341,1,0,0),(341,342,1,0,0),(342,343,1,0,0),(343,344,1,0,0),(344,345,1,0,0),(345,346,1,0,0),(346,347,1,0,0),(347,348,1,0,0),(348,349,1,0,0),(349,350,1,0,0),(350,351,1,0,0),(351,352,1,0,0),(352,353,1,0,0),(353,354,1,0,0),(354,355,1,0,0),(355,356,1,0,0),(356,357,1,0,0),(357,358,1,0,0),(358,359,1,0,0),(359,360,1,0,0),(360,361,1,0,0),(361,362,1,0,0),(362,363,1,0,0),(363,364,1,0,0),(364,365,1,0,0),(365,366,1,0,0),(366,367,1,0,0),(367,368,1,0,0),(368,369,1,0,0),(369,370,1,0,0),(370,371,1,0,0),(371,372,1,0,0),(372,373,1,0,0),(373,374,1,0,0),(374,375,1,0,0),(375,376,1,0,0),(376,377,1,0,0),(377,378,1,0,0),(378,379,1,0,0),(379,380,1,0,0),(380,381,1,0,0),(381,382,1,0,0),(382,383,1,0,0),(383,384,1,0,0),(384,385,1,0,0),(385,386,1,0,0),(386,387,1,0,0),(387,388,1,0,0),(388,389,1,0,0),(389,390,1,0,0),(390,391,1,0,0),(391,392,1,0,0),(392,393,1,0,0),(393,394,1,0,0),(394,395,1,0,0),(395,396,1,0,0),(396,397,1,0,0),(397,398,1,0,0),(398,399,1,0,0),(399,400,1,0,0),(400,401,1,0,0),(401,402,1,0,0),(402,403,1,0,0),(403,404,1,0,0),(404,405,1,0,0),(405,406,1,0,0),(406,407,1,0,0),(407,408,1,0,0),(408,409,1,0,0),(409,410,1,0,0),(410,411,1,0,0),(411,412,1,0,0),(412,413,1,0,0),(413,414,1,0,0),(414,415,1,0,0),(415,416,1,0,0),(416,417,1,0,0),(417,418,1,0,0),(418,419,1,0,0),(419,420,1,0,0),(420,421,1,0,0),(421,422,1,0,0),(422,423,1,0,0),(423,424,1,0,0),(424,425,1,0,0),(425,426,1,0,0),(426,427,1,0,0),(427,428,1,0,0),(428,429,1,0,0),(429,430,1,0,0),(430,431,1,0,0),(431,432,1,0,0),(432,433,1,0,0),(433,434,1,0,0),(434,435,1,0,0),(435,436,1,0,0),(436,437,1,0,0),(437,438,1,0,0),(438,439,1,0,0),(439,440,1,0,0),(440,441,1,0,0),(441,442,1,0,0),(442,443,1,0,0),(443,444,1,0,0),(444,445,1,0,0),(445,446,1,0,0),(446,447,1,0,0),(447,448,1,0,0),(448,449,1,0,0),(449,450,1,0,0),(450,451,1,0,0),(451,452,1,0,0),(452,453,1,0,0),(453,454,1,0,0),(454,455,1,0,0),(455,456,1,0,0),(456,457,1,0,0),(457,458,1,0,0),(458,459,1,0,0),(459,460,1,0,0),(460,461,1,0,0),(461,462,1,0,0),(462,463,1,0,0),(463,464,1,0,0),(464,465,1,0,0),(465,466,1,0,0),(466,467,1,0,0),(467,468,1,0,0),(468,469,1,0,0),(469,470,1,0,0),(470,471,1,0,0),(471,472,1,0,0),(472,473,1,0,0),(473,474,1,0,0),(474,475,1,0,0),(475,476,1,0,0),(476,477,1,0,0),(477,478,1,0,0),(478,479,1,0,0),(479,480,1,0,0),(480,481,1,0,0),(481,482,1,0,0),(482,483,1,0,0),(483,484,1,0,0),(484,485,1,0,0),(485,486,1,0,0),(486,487,1,0,0),(487,488,1,0,0),(488,489,1,0,0),(489,490,1,0,0),(490,491,1,0,0),(491,492,1,0,0),(492,493,1,0,0),(493,494,1,0,0),(494,495,1,0,0),(495,496,1,0,0),(496,497,1,0,0),(497,498,1,0,0),(498,499,1,0,0),(499,500,1,0,0),(500,501,1,0,0),(501,502,1,0,0),(502,503,1,0,0),(503,504,1,0,0),(504,505,1,0,0),(505,506,1,0,0),(506,507,1,0,0),(507,508,1,0,0),(508,509,1,0,0),(509,510,1,0,0),(510,511,1,0,0),(511,512,1,0,0),(512,513,1,0,0),(513,514,1,0,0),(514,515,1,0,0),(515,516,1,0,0),(516,517,1,0,0),(517,518,1,0,0),(518,519,1,0,0),(519,520,1,0,0),(520,521,1,0,0),(521,522,1,0,0),(522,523,1,0,0),(523,524,1,0,0),(524,525,1,0,0),(525,526,1,0,0),(526,527,1,0,0),(527,528,1,0,0),(528,529,1,0,0),(529,530,1,0,0),(530,531,1,0,0),(531,532,1,0,0),(532,533,1,0,0),(533,534,1,0,0),(534,535,1,0,0),(535,536,1,0,0),(536,537,1,0,0),(537,538,1,0,0),(538,539,1,0,0),(539,540,1,0,0),(540,541,1,0,0),(541,542,1,0,0),(542,543,1,0,0),(543,544,1,0,0),(544,545,1,0,0),(545,546,1,0,0),(546,547,1,0,0),(547,548,1,0,0),(548,549,1,0,0),(549,550,1,0,0),(550,551,1,0,0),(551,552,1,0,0),(552,553,1,0,0),(553,554,1,0,0),(554,555,1,0,0),(555,556,1,0,0),(556,557,1,0,0),(557,558,1,0,0),(558,559,1,0,0),(559,560,1,0,0),(560,561,1,0,0),(561,562,1,0,0),(562,564,1,0,0),(563,563,1,0,0),(564,565,1,0,0),(565,566,1,0,0),(566,567,1,0,0),(567,568,1,0,0),(568,569,1,0,0),(569,570,1,0,0),(570,571,1,0,0),(571,572,1,0,0),(572,573,1,0,0),(573,574,1,0,0),(574,575,1,0,0),(575,576,1,0,0),(576,577,1,0,0),(577,578,1,0,0),(578,579,1,0,0),(579,580,1,0,0),(580,581,1,0,0),(581,582,1,0,0),(582,583,1,0,0),(583,584,1,0,0),(584,585,1,0,0),(585,586,1,0,0),(586,587,1,0,0),(587,588,1,0,0),(588,589,1,0,0),(589,590,1,0,0),(590,591,1,0,0),(591,592,1,0,0),(592,593,1,0,0),(593,594,1,0,0),(594,595,1,0,0),(595,596,1,0,0),(596,597,1,0,0),(597,598,1,0,0),(598,599,1,0,0),(599,600,1,0,0),(600,601,1,0,0),(601,602,1,0,0),(602,603,1,0,0),(603,604,1,0,0),(604,605,1,0,0),(605,606,1,0,0),(606,607,1,0,0),(607,608,1,0,0),(608,609,1,0,0),(609,610,1,0,0),(610,611,1,0,0),(611,612,1,0,0),(612,613,1,0,0),(613,614,1,0,0),(614,615,1,0,0),(615,616,1,0,0),(616,617,1,0,0),(617,618,1,0,0),(618,619,1,0,0),(619,620,1,0,0),(620,621,1,0,0),(621,622,1,0,0),(622,623,1,0,0),(623,624,1,0,0),(624,625,1,0,0),(625,626,1,0,0),(626,627,1,0,0),(627,628,1,0,0),(628,629,1,0,0),(629,630,1,0,0),(630,631,1,0,0),(631,632,1,0,0),(632,633,1,0,0),(633,634,1,0,0),(634,635,1,0,0),(635,636,1,0,0),(636,637,1,0,0),(637,638,1,0,0),(638,639,1,0,0),(639,640,1,0,0),(640,641,1,0,0),(641,642,1,0,0),(642,643,1,0,0),(643,644,1,0,0),(644,645,1,0,0),(645,646,1,0,0),(646,647,1,0,0),(647,648,1,0,0),(648,649,1,0,0),(649,650,1,0,0),(650,651,1,0,0),(651,652,1,0,0),(652,653,1,0,0),(653,654,1,0,0),(654,655,1,0,0),(655,656,1,0,0),(656,657,1,0,0),(657,658,1,0,0),(658,659,1,0,0),(659,660,1,0,0),(660,661,1,0,0),(661,662,1,0,0),(662,663,1,0,0),(663,664,1,0,0),(664,665,1,0,0),(665,666,1,0,0),(666,667,1,0,0),(667,668,1,0,0),(668,669,1,0,0),(669,670,1,0,0),(670,671,1,0,0),(671,672,1,0,0),(672,673,1,0,0),(673,674,1,0,0),(674,675,1,0,0),(675,676,1,0,0),(676,677,1,0,0),(677,678,1,0,0),(678,679,1,0,0),(679,680,1,0,0),(680,681,1,0,0),(681,682,1,0,0),(682,683,1,0,0),(683,684,1,0,0),(684,685,1,0,0),(685,686,1,0,0),(686,687,1,0,0),(687,688,1,0,0),(688,689,1,0,0),(689,690,1,0,0),(690,691,1,0,0),(691,692,1,0,0),(692,693,1,0,0),(693,694,1,0,0),(694,695,1,0,0),(695,696,1,0,0),(696,697,1,0,0),(697,698,1,0,0),(698,699,1,0,0),(699,700,1,0,0),(700,701,1,0,0),(701,702,1,0,0),(702,703,1,0,0),(703,704,1,0,0),(704,705,1,0,0),(705,706,1,0,0),(706,707,1,0,0),(707,708,1,0,0),(708,709,1,0,0),(709,710,1,0,0),(710,711,1,0,0),(711,712,1,0,0),(712,713,1,0,0),(713,714,1,0,0),(714,715,1,0,0),(715,716,1,0,0),(716,717,1,0,0),(717,718,1,0,0),(718,719,1,0,0),(719,720,1,0,0),(720,721,1,0,0),(721,722,1,0,0),(722,723,1,0,0),(723,724,1,0,0),(724,725,1,0,0),(725,726,1,0,0),(726,727,1,0,0),(727,728,1,0,0),(728,729,1,0,0),(729,730,1,0,0),(730,731,1,0,0),(731,732,1,0,0),(732,733,1,0,0),(733,734,1,0,0),(734,735,1,0,0),(735,736,1,0,0),(736,737,1,0,0),(737,738,1,0,0),(738,739,1,0,0),(739,740,1,0,0),(740,741,1,0,0),(741,742,1,0,0),(742,743,1,0,0),(743,744,1,0,0),(744,745,1,0,0),(745,746,1,0,0),(746,747,1,0,0),(747,748,1,0,0),(748,749,1,0,0),(749,750,1,0,0),(750,751,1,0,0),(751,752,1,0,0),(752,753,1,0,0),(753,754,1,0,0),(754,755,1,0,0),(755,756,1,0,0),(756,757,1,0,0),(757,758,1,0,0),(758,759,1,0,0),(759,760,1,0,0),(760,761,1,0,0),(761,762,1,0,0),(762,763,1,0,0),(763,764,1,0,0),(764,765,1,0,0),(765,766,1,0,0),(766,767,1,0,0),(767,768,1,0,0),(768,769,1,0,0),(769,770,1,0,0),(770,771,1,0,0),(771,772,1,0,0),(772,773,1,0,0),(773,774,1,0,0),(774,775,1,0,0),(775,776,1,0,0),(776,777,1,0,0),(777,778,1,0,0),(778,779,1,0,0),(779,780,1,0,0),(780,781,1,0,0),(781,782,1,0,0),(782,783,1,0,0),(783,784,1,0,0),(784,785,1,0,0),(785,786,1,0,0),(786,787,1,0,0),(787,788,1,0,0),(788,789,1,0,0),(789,790,1,0,0),(790,791,1,0,0),(791,792,1,0,0),(792,793,1,0,0),(793,794,1,0,0),(794,795,1,0,0),(795,796,1,0,0),(796,797,1,0,0),(797,798,1,0,0),(798,799,1,0,0),(799,800,1,0,0),(800,801,1,0,0),(801,802,1,0,0),(802,803,1,0,0),(803,804,1,0,0),(804,805,1,0,0),(805,806,1,0,0),(806,807,1,0,0),(807,808,1,0,0),(808,809,1,0,0),(809,810,1,0,0),(810,811,1,0,0),(811,813,1,0,0),(812,812,1,0,0),(813,814,1,0,0),(814,815,1,0,0),(815,816,1,0,0),(816,817,1,0,0),(817,818,1,0,0),(818,819,1,0,0),(819,820,1,0,0),(820,821,1,0,0),(821,822,1,0,0),(822,823,1,0,0),(823,824,1,0,0),(824,825,1,0,0),(825,826,1,0,0),(826,827,1,0,0),(827,828,1,0,0),(828,829,1,0,0),(829,830,1,0,0),(830,831,1,0,0),(831,832,1,0,0),(832,833,1,0,0),(833,834,1,0,0),(834,835,1,0,0),(835,836,1,0,0),(836,837,1,0,0),(837,838,1,0,0),(838,839,1,0,0),(839,840,1,0,0),(840,841,1,0,0),(841,842,1,0,0),(842,843,1,0,0),(843,844,1,0,0),(844,845,1,0,0),(845,846,1,0,0),(846,847,1,0,0),(847,848,1,0,0),(848,849,1,0,0),(849,850,1,0,0),(850,851,1,0,0),(851,852,1,0,0),(852,853,1,0,0),(853,854,1,0,0),(854,855,1,0,0),(855,856,1,0,0),(856,857,1,0,0),(857,858,1,0,0),(858,859,1,0,0),(859,860,1,0,0),(860,861,1,0,0),(861,862,1,0,0),(862,863,1,0,0),(863,864,1,0,0),(864,865,1,0,0),(865,866,1,0,0),(866,867,1,0,0),(867,868,1,0,0),(868,869,1,0,0),(869,870,1,0,0),(870,871,1,0,0),(871,872,1,0,0),(872,873,1,0,0),(873,874,1,0,0),(874,875,1,0,0),(875,876,1,0,0),(876,877,1,0,0),(877,878,1,0,0),(878,879,1,0,0),(879,880,1,0,0),(880,881,1,0,0),(881,882,1,0,0),(882,883,1,0,0),(883,884,1,0,0),(884,885,1,0,0),(885,886,1,0,0),(886,887,1,0,0),(887,888,1,0,0),(888,889,1,0,0),(889,890,1,0,0),(890,891,1,0,0),(891,892,1,0,0),(892,893,1,0,0),(893,894,1,0,0),(894,895,1,0,0),(895,896,1,0,0),(896,897,1,0,0),(897,898,1,0,0),(898,899,1,0,0),(899,900,1,0,0),(900,901,1,0,0),(901,902,1,0,0),(902,903,1,0,0),(903,904,1,0,0),(904,905,1,0,0),(905,906,1,0,0),(906,907,1,0,0),(907,908,1,0,0),(908,909,1,0,0),(909,910,1,0,0),(910,911,1,0,0),(911,912,1,0,0),(912,913,1,0,0),(913,914,1,0,0),(914,915,1,0,0),(915,916,1,0,0),(916,917,1,0,0),(917,918,1,0,0),(918,919,1,0,0),(919,920,1,0,0),(920,921,1,0,0),(921,922,1,0,0),(922,923,1,0,0),(923,924,1,0,0),(924,925,1,0,0),(925,926,1,0,0),(926,927,1,0,0),(927,928,1,0,0),(928,929,1,0,0),(929,930,1,0,0),(930,931,1,0,0),(931,932,1,0,0),(932,933,1,0,0),(933,934,1,0,0),(934,935,1,0,0),(935,936,1,0,0),(936,937,1,0,0),(937,938,1,0,0),(938,939,1,0,0),(939,940,1,0,0),(940,941,1,0,0),(941,942,1,0,0),(942,943,1,0,0),(943,944,1,0,0),(944,945,1,0,0),(945,946,1,0,0),(946,947,1,0,0),(947,948,1,0,0),(948,949,1,0,0),(949,950,1,0,0),(950,951,1,0,0),(951,952,1,0,0),(952,953,1,0,0),(953,954,1,0,0),(954,955,1,0,0),(955,956,1,0,0),(956,957,1,0,0),(957,958,1,0,0),(958,959,1,0,0),(959,960,1,0,0),(960,961,1,0,0),(961,962,1,0,0),(962,963,1,0,0),(963,964,1,0,0),(964,965,1,0,0),(965,966,1,0,0),(966,967,1,0,0),(967,968,1,0,0),(968,969,1,0,0),(969,970,1,0,0),(970,971,1,0,0),(971,972,1,0,0),(972,973,1,0,0),(973,974,1,0,0),(974,975,1,0,0),(975,976,1,0,0),(976,977,1,0,0),(977,978,1,0,0),(978,979,1,0,0),(979,980,1,0,0),(980,981,1,0,0),(981,982,1,0,0),(982,983,1,0,0),(983,984,1,0,0),(984,985,1,0,0),(985,986,1,0,0),(986,987,1,0,0),(987,988,1,0,0),(988,989,1,0,0),(989,990,1,0,0),(990,991,1,0,0),(991,992,1,0,0),(992,993,1,0,0),(993,994,1,0,0),(994,995,1,0,0),(995,996,1,0,0),(996,997,1,0,0),(997,998,1,0,0),(998,999,1,0,0),(999,1000,1,0,0),(1000,1001,1,0,0),(1002,8,7,0,0),(1004,15,7,0,0),(1006,16,7,0,0),(1008,17,7,0,0),(1010,19,7,0,0),(1011,23,7,0,0),(1013,40,7,0,1),(1015,45,7,0,1),(1017,49,7,0,1),(1019,50,7,0,1),(1021,58,7,0,1),(1023,59,7,0,1),(1025,61,7,0,1),(1028,64,7,0,1),(1029,62,7,0,1),(1031,68,7,0,1),(1033,70,7,0,1),(1035,76,7,0,1),(1037,78,7,0,1),(1041,79,7,0,1),(1042,81,7,0,1),(1043,83,7,0,1),(1046,89,7,0,1),(1047,91,7,0,1),(1049,96,7,0,1),(1051,95,7,0,1),(1053,97,7,0,1),(1055,98,7,0,1),(1058,99,7,0,1),(1059,102,7,0,1),(1061,109,7,0,1),(1063,117,7,0,1),(1065,126,7,0,1),(1068,135,7,0,1),(1069,136,7,0,1),(1071,138,7,0,1),(1073,139,7,0,1),(1075,142,7,0,1),(1077,145,7,0,1),(1079,146,7,0,1),(1081,149,7,0,1),(1083,152,7,0,1),(1085,155,7,0,1),(1087,158,7,0,1),(1090,161,7,0,1),(1091,160,7,0,1),(1093,165,7,0,1),(1095,168,7,0,1),(1097,174,7,0,1),(1100,175,7,0,1),(1101,176,7,0,1),(1103,177,7,0,1),(1105,178,7,0,1),(1107,185,7,0,1),(1109,188,7,0,1),(1111,190,7,0,1),(1114,195,7,0,1),(1115,196,7,0,1),(1119,202,7,0,1),(1120,200,7,0,1),(1121,203,7,0,1),(1123,211,7,0,1),(1125,216,7,0,1),(1127,218,7,0,1),(1130,220,7,0,1),(1131,219,7,0,1),(1133,224,7,0,1),(1135,222,7,0,1),(1137,223,7,0,1),(1139,225,7,0,1),(1141,226,7,0,1);
/*!40000 ALTER TABLE `user_stage` ENABLE KEYS */;
UNLOCK TABLES;
/*!40103 SET TIME_ZONE=@OLD_TIME_ZONE */;

/*!40101 SET SQL_MODE=@OLD_SQL_MODE */;
/*!40014 SET FOREIGN_KEY_CHECKS=@OLD_FOREIGN_KEY_CHECKS */;
/*!40014 SET UNIQUE_CHECKS=@OLD_UNIQUE_CHECKS */;
/*!40101 SET CHARACTER_SET_CLIENT=@OLD_CHARACTER_SET_CLIENT */;
/*!40101 SET CHARACTER_SET_RESULTS=@OLD_CHARACTER_SET_RESULTS */;
/*!40101 SET COLLATION_CONNECTION=@OLD_COLLATION_CONNECTION */;
/*!40111 SET SQL_NOTES=@OLD_SQL_NOTES */;

-- Dump completed on 2013-10-25 16:12:53
